ticker,view_date,fiscal_period,filing_type,view_bps,confidence,sentiment,eps_surprise
ABT,2006-05-05,Q1_2006,10-Q,-17,medium,negative,-1.7543859649122628
ABT,2007-05-08,Q1_2007,10-Q,-16,medium,negative,-8.163265306122446
ABT,2006-11-08,Q3_2006,10-Q,70,medium,neutral,-20.689655172413783
ABT,2007-11-03,Q3_2007,10-Q,-34,medium,negative,-29.230769230769234
ABT,2007-08-04,Q2_2007,10-Q,-15,medium,negative,-5.970149253731348
ABT,2006-08-09,Q2_2006,10-Q,62,medium,negative,-23.076923076923077
ABT,2008-05-03,Q1_2008,10-Q,-73,medium,negative,-1.6393442622950833
ABT,2008-07-26,Q2_2008,10-Q,-82,medium,negative,14.864864864864863
ABT,2008-11-04,Q3_2008,10-Q,56,medium,negative,-8.000000000000007
ABT,2009-05-06,Q1_2009,10-Q,88,medium,negative,37.31343283582089
ABT,2009-08-08,Q2_2009,10-Q,221,medium,positive,-6.741573033707871
ABT,2009-11-07,Q3_2009,10-Q,200,medium,positive,7.954545454545449
ABT,2010-05-05,Q1_2010,10-Q,56,medium,negative,-18.9873417721519
ABT,2006-02-23,FY2005,10-K,15,medium,negative,-17.105263157894736
ABT,2007-02-24,FY2006,10-K,-18,medium,negative,-142.46575342465755
ABT,2010-08-06,Q2_2010,10-Q,51,medium,negative,-16.161616161616166
ABT,2010-11-06,Q3_2010,10-Q,80,medium,negative,-44.66019417475729
ABT,2009-02-21,FY2008,10-K,-50,medium,negative,-6.603773584905666
ABT,2008-02-20,FY2007,10-K,-100,medium,negative,-15.384615384615385
ABT,2011-05-07,Q1_2011,10-Q,119,medium,negative,-38.20224719101123
ABT,2011-08-05,Q2_2011,10-Q,8,medium,negative,12.727272727272718
ABT,2010-02-20,FY2009,10-K,-40,medium,negative,-14.6551724137931
ABT,2011-11-05,Q3_2011,10-Q,104,medium,negative,-83.62068965517241
ABT,2012-05-09,Q1_2012,10-Q,69,medium,negative,-19.587628865979376
ABT,2012-08-08,Q2_2012,10-Q,58,medium,negative,-9.917355371900817
ABT,2012-11-08,Q3_2012,10-Q,92,medium,negative,-3.174603174603177
ABT,2013-05-09,Q1_2013,10-Q,46,medium,negative,-15.0
ABT,2011-02-19,FY2010,10-K,34,medium,negative,-28.125
ABT,2013-08-07,Q2_2013,10-Q,109,medium,negative,-28.57142857142857
ABT,2014-05-08,Q1_2014,10-Q,37,medium,negative,-22.580645161290324
ABT,2013-11-08,Q3_2013,10-Q,73,medium,negative,31.914893617021285
ABT,2014-08-06,Q2_2014,10-Q,81,medium,negative,-35.416666666666664
ABT,2014-11-07,Q3_2014,10-Q,38,medium,negative,-37.500000000000014
ABT,2012-02-22,FY2011,10-K,57,medium,negative,-28.671328671328666
ABT,2015-05-07,Q1_2015,10-Q,11,medium,negative,nan
ABT,2013-02-16,FY2012,10-K,-58,medium,negative,-55.70469798657718
ABT,2015-08-05,Q2_2015,10-Q,-2,medium,negative,8.333333333333341
ABT,2015-11-06,Q3_2015,10-Q,-18,medium,negative,-25.0
ABT,2016-05-05,Q1_2016,10-Q,46,medium,negative,-43.24324324324324
ABT,2016-08-04,Q2_2016,10-Q,90,medium,negative,-17.647058823529417
ABT,2014-02-22,FY2013,10-K,29,medium,negative,-34.48275862068965
ABT,2016-11-04,Q3_2016,10-Q,32,medium,negative,-138.5964912280702
ABT,2017-05-04,Q1_2017,10-Q,27,medium,negative,-36.8421052631579
ABT,2015-02-28,FY2014,10-K,-56,medium,negative,-9.230769230769239
ABT,2017-08-03,Q2_2017,10-Q,124,medium,negative,-73.33333333333333
ABT,2017-11-03,Q3_2017,10-Q,84,medium,neutral,-46.875
ABT,2018-05-03,Q1_2018,10-Q,77,medium,negative,-57.89473684210527
ABT,2018-08-02,Q2_2018,10-Q,99,medium,negative,-40.57971014492753
ABT,2016-02-20,FY2015,10-K,-21,medium,negative,-14.999999999999996
ABT,2019-05-02,Q1_2019,10-Q,96,medium,negative,-37.96424781650477
ABT,2018-11-01,Q3_2018,10-Q,75,medium,negative,-57.333333333333336
ABT,2019-08-01,Q2_2019,10-Q,41,medium,negative,-30.155404225598044
ABT,2017-02-18,FY2016,10-K,-36,medium,negative,-16.92307692307692
ABT,2019-11-01,Q3_2019,10-Q,106,medium,negative,-35.809806835066865
ABT,2020-04-30,Q1_2020,10-Q,2,medium,negative,-45.9276782696857
ABT,2018-02-17,FY2017,10-K,-17,medium,negative,-165.27777777777777
ABT,2020-07-30,Q2_2020,10-Q,161,medium,negative,-28.190152476242908
ABT,2021-05-06,Q1_2021,10-Q,75,medium,negative,-21.498437818912596
ABT,2020-11-05,Q3_2020,10-Q,92,medium,negative,-24.00713672107316
ABT,2019-02-23,FY2018,10-K,21,medium,negative,-54.320987654320994
ABT,2021-08-05,Q2_2021,10-Q,31,medium,negative,-35.182275298554366
ABT,2020-02-22,FY2019,10-K,21,medium,negative,-37.64070476572987
ABT,2022-08-03,Q2_2022,10-Q,-19,medium,negative,1.135557132718233
ABT,2022-05-04,Q1_2022,10-Q,-2,medium,negative,-5.802047781569978
ABT,2022-11-02,Q3_2022,10-Q,-37,medium,negative,-14.119405833518867
ABT,2021-11-04,Q3_2021,10-Q,54,medium,negative,23.822626732987615
ABT,2023-05-05,Q1_2023,10-Q,79,medium,negative,-24.264609356855065
ABT,2021-02-20,FY2020,10-K,26,medium,negative,-10.524136299100805
ABT,2023-08-04,Q2_2023,10-Q,79,medium,negative,-25.69163935675634
ABT,2023-11-02,Q3_2023,10-Q,46,medium,negative,-25.50466050111744
ABT,2024-05-03,Q1_2024,10-Q,42,medium,negative,-26.701570680628272
ABT,2022-02-19,FY2021,10-K,-33,medium,negative,-7.167190232662215
ABT,2024-08-01,Q2_2024,10-Q,35,medium,negative,-33.028643830037566
ABT,2025-05-01,Q1_2025,10-Q,-1,medium,negative,-29.273139244933283
ABT,2024-11-01,Q3_2024,10-Q,-9,medium,negative,-21.808714169259186
ABT,2025-07-31,Q2_2025,10-Q,-1,medium,negative,-19.58022469762961
ABT,2025-10-30,Q3_2025,10-Q,-10,medium,negative,-27.84494338898485
ABT,2023-02-18,FY2022,10-K,-129,medium,negative,-36.263760006049544
ABT,2024-02-17,FY2023,10-K,-150,medium,negative,-23.50241261621749
ABT,2025-02-22,FY2024,10-K,-206,medium,negative,nan
AEE,2006-05-11,Q1_2006,10-Q,-42,medium,negative,-52.77777777777777
AEE,2006-08-10,Q2_2006,10-Q,-74,medium,negative,-45.45454545454546
AEE,2007-05-11,Q1_2007,10-Q,-37,medium,negative,37.20930232558139
AEE,2006-11-10,Q3_2006,10-Q,-32,medium,negative,9.230769230769221
AEE,2007-08-10,Q2_2007,10-Q,-37,medium,negative,-31.68316831683169
AEE,2007-11-10,Q3_2007,10-Q,7,medium,negative,-32.95454545454546
AEE,2008-05-09,Q1_2008,10-Q,112,medium,negative,83.33333333333334
AEE,2006-03-08,FY2005,10-K,-76,medium,negative,-57.391304347826086
AEE,2008-08-09,Q2_2008,10-Q,79,medium,negative,24.0506329113924
AEE,2008-11-11,Q3_2008,10-Q,63,medium,negative,-27.067669172932334
AEE,2009-05-09,Q1_2009,10-Q,44,medium,negative,10.000000000000009
AEE,2007-03-02,FY2006,10-K,-53,medium,negative,-14.285714285714283
AEE,2009-08-11,Q2_2009,10-Q,31,medium,negative,30.508474576271194
AEE,2009-11-10,Q3_2009,10-Q,56,medium,negative,18.181818181818183
AEE,2008-03-01,FY2007,10-K,9,medium,negative,-1.8867924528301903
AEE,2010-05-11,Q1_2010,10-Q,82,medium,negative,26.470588235294105
AEE,2009-03-03,FY2008,10-K,43,medium,negative,0.0
AEE,2010-08-10,Q2_2010,10-Q,41,medium,negative,113.33333333333336
AEE,2011-05-11,Q1_2011,10-Q,79,medium,negative,-40.816326530612244
AEE,2010-02-27,FY2009,10-K,-3,medium,negative,94.11764705882352
AEE,2010-11-09,Q3_2010,10-Q,-5,medium,negative,-162.5
AEE,2011-08-10,Q2_2011,10-Q,54,medium,negative,-12.307692307692317
AEE,2011-11-09,Q3_2011,10-Q,42,medium,negative,-12.307692307692317
AEE,2012-05-11,Q1_2012,10-Q,27,medium,negative,nan
AEE,2011-02-25,FY2010,10-K,24,medium,negative,-8.33333333333333
AEE,2012-08-09,Q2_2012,10-Q,104,medium,negative,70.58823529411764
AEE,2013-05-11,Q1_2013,10-Q,-57,medium,negative,nan
AEE,2012-11-10,Q3_2012,10-Q,143,medium,negative,3.35570469798658
AEE,2012-02-29,FY2011,10-K,-60,medium,negative,-37.5
AEE,2013-08-10,Q2_2013,10-Q,5,medium,negative,-27.77777777777778
AEE,2014-05-13,Q1_2014,10-Q,-170,medium,negative,81.81818181818183
AEE,2013-11-09,Q3_2013,10-Q,-7,medium,negative,0.8130081300813016
AEE,2014-08-12,Q2_2014,10-Q,-17,medium,negative,12.962962962962955
AEE,2015-05-12,Q1_2015,10-Q,-69,medium,negative,45.16129032258065
AEE,2014-11-11,Q3_2014,10-Q,-32,medium,negative,-3.2258064516129057
AEE,2015-08-07,Q2_2015,10-Q,148,medium,negative,-4.687500000000004
AEE,2015-11-07,Q3_2015,10-Q,-5,medium,negative,18.48739495798319
AEE,2016-05-11,Q1_2016,10-Q,-55,medium,negative,30.303030303030294
AEE,2016-08-06,Q2_2016,10-Q,4,medium,negative,41.860465116279066
AEE,2017-05-06,Q1_2017,10-Q,-19,medium,negative,16.666666666666664
AEE,2013-03-02,FY2012,10-K,-26,medium,negative,nan
AEE,2016-11-05,Q3_2016,10-Q,56,medium,negative,22.580645161290324
AEE,2014-03-04,FY2013,10-K,-3,medium,negative,199.99999999999997
AEE,2015-03-03,FY2014,10-K,124,medium,negative,122.22222222222223
AEE,2017-08-05,Q2_2017,10-Q,-52,medium,negative,29.508196721311485
AEE,2018-05-10,Q1_2018,10-Q,-45,medium,negative,14.814814814814806
AEE,2017-11-04,Q3_2017,10-Q,-12,medium,negative,-16.901408450704224
AEE,2016-02-27,FY2015,10-K,-30,medium,negative,-40.00000000000001
AEE,2018-08-09,Q2_2018,10-Q,37,medium,negative,64.40677966101696
AEE,2018-11-03,Q3_2018,10-Q,51,medium,negative,29.464285714285698
AEE,2019-05-11,Q1_2019,10-Q,-13,medium,negative,14.495412844036698
AEE,2019-08-03,Q2_2019,10-Q,54,medium,negative,-4.404052206009272
AEE,2017-03-01,FY2016,10-K,36,medium,negative,-23.529411764705884
AEE,2019-11-09,Q3_2019,10-Q,87,medium,negative,1.0698275624982825
AEE,2020-05-12,Q1_2020,10-Q,76,medium,negative,-16.231258518855064
AEE,2020-08-08,Q2_2020,10-Q,106,medium,negative,10.51094396644076
AEE,2020-11-06,Q3_2020,10-Q,109,medium,negative,-0.19214709097452592
AEE,2018-03-01,FY2017,10-K,94,medium,negative,-175.75757575757578
AEE,2021-05-11,Q1_2021,10-Q,147,medium,negative,23.0028925954962
AEE,2020-02-29,FY2019,10-K,17,medium,negative,22.025625381330073
AEE,2021-02-23,FY2020,10-K,-25,medium,negative,9.484707842437224
AEE,2021-08-07,Q2_2021,10-Q,177,medium,negative,2.8092631146066247
AEE,2021-11-05,Q3_2021,10-Q,186,medium,negative,2.7358878248633216
AEE,2022-05-07,Q1_2022,10-Q,60,medium,negative,-0.18111467852144397
AEE,2019-02-27,FY2018,10-K,151,medium,negative,-22.222222222222214
AEE,2022-08-09,Q2_2022,10-Q,100,medium,negative,-2.343749999999999
AEE,2022-11-05,Q3_2022,10-Q,91,medium,negative,0.4520341536916125
AEE,2022-02-24,FY2021,10-K,-28,medium,negative,-2.0368178292991637
AEE,2023-05-06,Q1_2023,10-Q,122,medium,negative,6.492870302333255
AEE,2023-08-04,Q2_2023,10-Q,84,medium,negative,14.32926829268293
AEE,2023-11-10,Q3_2023,10-Q,0,medium,negative,14.32926829268293
AEE,2024-05-07,Q1_2024,10-Q,100,medium,negative,-7.96739416250329
AEE,2023-02-23,FY2022,10-K,23,medium,negative,11.250419396422338
AEE,2024-08-06,Q2_2024,10-Q,125,medium,negative,3.848830362400292
AEE,2024-11-08,Q3_2024,10-Q,150,medium,negative,-10.758812567258982
AEE,2024-03-01,FY2023,10-K,100,medium,negative,-1.524725500172335
AEE,2025-05-06,Q1_2025,10-Q,114,medium,negative,0.39407018202289185
AES,2006-01-20,Q4_2005,10-Q,0,medium,negative,-100.0
AES,2006-05-09,Q1_2006,10-Q,-43,medium,negative,126.08695652173914
AEE,2025-08-05,Q2_2025,10-Q,133,medium,negative,2.332367423858644
AEE,2025-11-07,Q3_2025,10-Q,214,medium,positive,11.574819225053542
AEE,2025-02-19,FY2024,10-K,0,medium,negative,-3.2006637668770184
AES,2006-08-08,Q2_2006,10-Q,-45,medium,negative,136.36363636363637
AES,2007-06-22,Q1_2007,10-Q,0,medium,negative,nan
AES,2006-11-08,Q3_2006,10-Q,-79,medium,negative,nan
AES,2008-05-09,Q1_2008,10-Q,-22,medium,negative,100.0
AES,2007-11-07,Q3_2007,10-Q,-91,medium,negative,-60.526315789473685
AES,2008-11-07,Q3_2008,10-Q,-57,medium,negative,-29.032258064516125
AES,2007-08-10,Q2_2007,10-Q,-142,medium,negative,131.25
AES,2008-08-08,Q2_2008,10-Q,-90,medium,negative,nan
AES,2006-04-05,FY2006,10-K,0,medium,negative,-100.0
AES,2009-05-09,Q1_2009,10-Q,-129,medium,negative,83.33333333333334
AES,2009-08-08,Q2_2009,10-Q,-108,medium,negative,nan
AES,2009-11-07,Q3_2009,10-Q,-80,medium,negative,16.666666666666682
AES,2010-05-08,Q1_2010,10-Q,-57,medium,negative,12.50000000000001
AES,2010-08-07,Q2_2010,10-Q,-94,medium,negative,-5.263157894736847
AES,2007-05-24,FY2007,10-K,0,medium,negative,nan
AES,2009-02-27,FY2008,10-K,-40,medium,negative,-100.0
AES,2008-03-18,FY2007,10-K,0,medium,negative,-60.526315789473685
AES,2011-05-10,Q1_2011,10-Q,-165,medium,negative,-6.666666666666654
AES,2010-11-05,Q3_2010,10-Q,-125,medium,negative,-56.25
AES,2010-02-27,FY2009,10-K,-75,medium,negative,-100.0
AES,2012-05-05,Q1_2012,10-Q,-90,medium,negative,158.8235294117647
AES,2011-08-06,Q2_2011,10-Q,-119,medium,negative,-15.384615384615389
AES,2011-11-05,Q3_2011,10-Q,-134,medium,negative,-168.00000000000003
AES,2012-08-07,Q2_2012,10-Q,-154,medium,negative,-50.0
AES,2012-11-08,Q3_2012,10-Q,-121,medium,negative,nan
AES,2011-03-01,FY2010,10-K,-123,medium,negative,-100.0
AES,2013-05-10,Q1_2013,10-Q,-171,medium,negative,-60.71428571428572
AES,2013-08-09,Q2_2013,10-Q,-118,medium,negative,9.999999999999995
AES,2014-05-09,Q1_2014,10-Q,-179,medium,negative,-126.66666666666669
AES,2012-02-28,FY2011,10-K,-56,medium,negative,-100.0
AES,2013-11-08,Q3_2013,10-Q,-191,medium,negative,-68.9655172413793
AES,2013-02-28,FY2012,10-K,-102,medium,negative,-100.0
AES,2014-08-08,Q2_2014,10-Q,-219,medium,negative,-35.71428571428572
AES,2014-11-07,Q3_2014,10-Q,-134,medium,negative,116.12903225806453
AES,2015-05-12,Q1_2015,10-Q,-267,medium,negative,-19.999999999999996
AES,2016-05-10,Q1_2016,10-Q,-147,medium,negative,-29.629629629629633
AES,2015-11-06,Q3_2015,10-Q,-124,medium,negative,-21.21212121212121
AES,2015-08-11,Q2_2015,10-Q,-185,medium,negative,-65.51724137931035
AES,2016-08-06,Q2_2016,10-Q,-150,medium,negative,nan
AES,2016-11-05,Q3_2016,10-Q,-167,medium,negative,-23.529411764705884
AES,2017-05-09,Q1_2017,10-Q,-74,medium,negative,-117.3913043478261
AES,2014-02-27,FY2013,10-K,-65,medium,negative,-100.0
AES,2017-08-09,Q2_2017,10-Q,-205,medium,negative,-52.94117647058824
AES,2015-02-27,FY2014,10-K,-39,medium,negative,-6.451612903225811
AES,2018-05-09,Q1_2018,10-Q,-116,medium,negative,nan
AES,2017-11-03,Q3_2017,10-Q,-137,medium,negative,-32.35294117647059
AES,2018-08-08,Q2_2018,10-Q,-168,medium,negative,41.935483870967744
AES,2018-11-07,Q3_2018,10-Q,-189,medium,negative,-40.0
AES,2019-05-08,Q1_2019,10-Q,-79,medium,negative,-22.96355841371918
AES,2016-02-25,FY2015,10-K,1,medium,negative,-140.625
AES,2019-08-07,Q2_2019,10-Q,-184,medium,negative,-92.50796029218955
AES,2020-05-08,Q1_2020,10-Q,-48,medium,negative,-24.657534246575338
AES,2017-02-28,FY2016,10-K,-12,medium,negative,nan
AES,2019-11-07,Q3_2019,10-Q,-155,medium,negative,-20.84889559474634
AES,2019-02-28,FY2018,10-K,-52,medium,negative,-36.666666666666664
AES,2018-02-28,FY2017,10-K,-86,medium,negative,-100.0
AES,2020-11-07,Q3_2020,10-Q,-158,medium,negative,nan
AES,2020-08-07,Q2_2020,10-Q,-117,medium,negative,-152.17391304347825
AES,2021-05-07,Q1_2021,10-Q,-107,medium,negative,-172.98543608798062
AES,2021-08-05,Q2_2021,10-Q,-129,medium,negative,-86.14910488590326
AES,2020-02-29,FY2019,10-K,-33,medium,negative,-136.50079085046843
AES,2022-05-06,Q1_2022,10-Q,-67,medium,negative,-39.608968068241865
AES,2021-11-04,Q3_2021,10-Q,-113,medium,negative,9.090909090909086
AES,2021-02-26,FY2020,10-K,32,medium,negative,6.757524134014764
AES,2022-08-05,Q2_2022,10-Q,-129,medium,negative,-188.43470570895153
AES,2022-11-05,Q3_2022,10-Q,-139,medium,negative,8.894261826101392
AES,2023-05-05,Q1_2023,10-Q,-64,medium,negative,-6.17879640798821
AES,2022-03-01,FY2021,10-K,-46,medium,negative,nan
AES,2023-08-04,Q2_2023,10-Q,-146,medium,negative,-127.58620689655172
AES,2023-11-03,Q3_2023,10-Q,-85,medium,negative,-40.728666950675134
AES,2024-05-03,Q1_2024,10-Q,-126,medium,negative,75.7881167233095
AES,2023-03-02,FY2022,10-K,47,medium,negative,nan
AES,2024-08-02,Q2_2024,10-Q,-114,medium,negative,9.721307877989913
AES,2024-11-01,Q3_2024,10-Q,-143,medium,negative,19.31770439458869
AES,2025-05-02,Q1_2025,10-Q,-158,medium,negative,-79.74243958906092
AES,2024-02-27,FY2023,10-K,41,medium,negative,-122.42118951884126
AES,2025-08-02,Q2_2025,10-Q,-168,medium,negative,-137.71307889576104
AFL,2006-05-09,Q1_2006,10-Q,60,medium,negative,8.823529411764696
AES,2025-11-05,Q3_2025,10-Q,-141,medium,negative,16.200125339461035
AFL,2007-05-10,Q1_2007,10-Q,31,medium,negative,7.6923076923076845
AFL,2006-08-08,Q2_2006,10-Q,55,medium,negative,28.12499999999999
AFL,2007-08-09,Q2_2007,10-Q,70,medium,negative,2.4390243902439046
AFL,2007-11-09,Q3_2007,10-Q,-34,medium,negative,10.25641025641025
AFL,2006-11-09,Q3_2006,10-Q,78,medium,negative,2.7777777777777803
AES,2025-03-12,FY2024,10-K,0,medium,negative,128.3831054320488
AFL,2008-05-09,Q1_2008,10-Q,59,medium,negative,4.255319148936175
AFL,2008-08-12,Q2_2008,10-Q,0,medium,negative,2.040816326530614
AFL,2006-03-01,FY2005,10-K,-39,medium,negative,12.499999999999993
AFL,2008-11-08,Q3_2008,10-Q,20,medium,negative,-77.55102040816327
AFL,2009-05-09,Q1_2009,10-Q,51,medium,negative,10.909090909090898
AFL,2009-08-08,Q2_2009,10-Q,92,medium,negative,-37.03703703703704
AFL,2007-03-01,FY2006,10-K,25,medium,negative,3.030303030303033
AFL,2009-11-07,Q3_2009,10-Q,73,medium,negative,-31.578947368421044
AFL,2008-03-01,FY2007,10-K,40,medium,negative,-2.4390243902438913
AFL,2010-05-08,Q1_2010,10-Q,21,medium,negative,11.475409836065584
AFL,2009-02-21,FY2008,10-K,-24,medium,negative,-58.82352941176472
AFL,2010-08-03,Q2_2010,10-Q,129,medium,negative,-6.060606060606066
AFL,2010-02-27,FY2009,10-K,63,medium,negative,-52.63157894736842
AFL,2011-05-07,Q1_2011,10-Q,-138,medium,negative,-40.0
AFL,2010-11-06,Q3_2010,10-Q,-131,medium,negative,8.955223880597005
AFL,2011-08-06,Q2_2011,10-Q,-26,medium,negative,-61.8421052631579
AFL,2011-11-05,Q3_2011,10-Q,-31,medium,negative,2.5974025974025996
AFL,2011-02-26,FY2010,10-K,63,medium,negative,-33.33333333333333
AFL,2012-05-08,Q1_2012,10-Q,-124,medium,negative,3.703703703703693
AFL,2012-02-28,FY2011,10-K,15,medium,negative,-23.684210526315795
AFL,2012-08-04,Q2_2012,10-Q,-128,medium,negative,-34.177215189873415
AFL,2012-11-03,Q3_2012,10-Q,52,medium,negative,40.25974025974027
AFL,2013-05-07,Q1_2013,10-Q,137,medium,negative,23.376623376623368
AFL,2013-08-07,Q2_2013,10-Q,52,medium,negative,33.80281690140845
AFL,2013-11-06,Q3_2013,10-Q,157,medium,negative,1.3513513513513526
AFL,2014-05-03,Q1_2014,10-Q,-77,medium,negative,9.58904109589042
AFL,2014-08-06,Q2_2014,10-Q,-95,medium,negative,15.584415584415584
AFL,2014-11-04,Q3_2014,10-Q,-55,medium,negative,-42.22222222222222
AFL,2015-05-02,Q1_2015,10-Q,-75,medium,negative,-50.64935064935065
AFL,2013-02-28,FY2012,10-K,9,medium,negative,-16.216216216216218
AFL,2015-08-05,Q2_2015,10-Q,-69,medium,negative,-57.14285714285714
AFL,2015-11-04,Q3_2015,10-Q,-64,medium,negative,-52.85714285714285
AFL,2016-05-05,Q1_2016,10-Q,-121,medium,negative,16.0
AFL,2014-02-28,FY2013,10-K,-14,medium,negative,7.352941176470577
AFL,2015-02-27,FY2014,10-K,-4,medium,negative,-38.75968992248062
AFL,2016-08-06,Q2_2016,10-Q,-120,medium,negative,-19.512195121951212
AFL,2017-05-04,Q1_2017,10-Q,-2,medium,negative,-5.128205128205133
AFL,2016-11-05,Q3_2016,10-Q,-72,medium,negative,-7.2289156626505955
AFL,2017-11-03,Q3_2017,10-Q,-33,medium,negative,13.924050632911388
AFL,2017-08-04,Q2_2017,10-Q,-37,medium,negative,21.621621621621625
AFL,2018-05-05,Q1_2018,10-Q,-17,medium,negative,-1.0869565217391313
AFL,2018-11-02,Q3_2018,10-Q,106,medium,negative,14.73684210526317
AFL,2018-08-04,Q2_2018,10-Q,2,medium,negative,16.30434782608696
AFL,2016-02-26,FY2015,10-K,-1,medium,negative,-36.95652173913043
AFL,2019-04-27,Q1_2019,10-Q,1,medium,negative,16.14072857061924
AFL,2019-07-27,Q2_2019,10-Q,-30,medium,negative,1.557841383422785
AFL,2017-02-25,FY2016,10-K,6,medium,negative,4.494382022471914
AFL,2019-10-26,Q3_2019,10-Q,70,medium,negative,-2.6390436158361283
AFL,2019-02-26,FY2018,10-K,-14,medium,negative,-19.76744186046512
AFL,2020-05-01,Q1_2020,10-Q,130,medium,negative,-29.29979605710401
AFL,2020-07-30,Q2_2020,10-Q,54,medium,negative,6.317338269495478
AFL,2020-10-30,Q3_2020,10-Q,33,medium,negative,nan
AFL,2021-04-30,Q1_2021,10-Q,82,medium,negative,54.05274040877524
AFL,2020-02-22,FY2019,10-K,9,medium,negative,4.163595805941258
AFL,2018-02-24,FY2017,10-K,22,medium,negative,nan
AFL,2021-07-30,Q2_2021,10-Q,97,medium,negative,26.92443295334352
AFL,2021-10-29,Q3_2021,10-Q,130,medium,negative,0.15858442534013303
AFL,2021-02-24,FY2020,10-K,52,medium,negative,31.89333843066041
AFL,2022-04-30,Q1_2022,10-Q,51,medium,negative,15.50974156523011
AFL,2022-08-03,Q2_2022,10-Q,-12,medium,negative,68.99689389968158
AFL,2022-02-24,FY2021,10-K,-28,medium,negative,24.313110678258674
AFL,2022-11-03,Q3_2022,10-Q,24,medium,negative,133.54424089839995
AFL,2023-05-02,Q1_2023,10-Q,17,medium,negative,37.52511792957003
AFL,2023-08-03,Q2_2023,10-Q,31,medium,negative,88.31868246412564
AFL,2023-11-03,Q3_2023,10-Q,34,medium,negative,77.14910720876084
AFL,2023-02-25,FY2022,10-K,59,medium,negative,-74.47004760100802
AFL,2024-05-03,Q1_2024,10-Q,54,medium,negative,105.43875396654825
AFL,2024-11-02,Q3_2024,10-Q,43,medium,negative,-110.0652464801241
AFL,2024-08-02,Q2_2024,10-Q,72,medium,negative,93.68221122607089
AFL,2024-02-23,FY2023,10-K,13,medium,negative,-68.32828421922336
AIZ,2006-05-11,Q1_2006,10-Q,78,medium,negative,92.18749999999999
AFL,2025-05-08,Q1_2025,10-Q,-10,medium,negative,-96.8213604577241
AIZ,2006-08-10,Q2_2006,10-Q,30,medium,negative,27.472527472527457
AIZ,2006-11-15,Q3_2006,10-Q,105,medium,negative,43.90243902439025
AFL,2025-08-06,Q2_2025,10-Q,27,medium,negative,-34.767661214967
AFL,2025-11-06,Q3_2025,10-Q,51,medium,negative,73.83451856868722
AIZ,2007-05-10,Q1_2007,10-Q,92,medium,negative,44.99999999999999
AFL,2025-02-27,FY2024,10-K,100,medium,negative,110.76244237927379
AIZ,2007-08-10,Q2_2007,10-Q,23,medium,negative,18.26086956521741
AIZ,2008-05-13,Q1_2008,10-Q,9,medium,negative,27.868852459016402
AIZ,2007-11-10,Q3_2007,10-Q,-16,medium,negative,71.42857142857143
AIZ,2008-08-05,Q2_2008,10-Q,-34,medium,negative,-7.017543859649117
AIZ,2009-05-07,Q1_2009,10-Q,-72,medium,negative,-59.76331360946745
AIZ,2008-11-05,Q3_2008,10-Q,-83,medium,negative,-186.36363636363632
AIZ,2006-03-11,FY2005,10-K,48,medium,negative,58.46153846153847
AIZ,2009-08-07,Q2_2009,10-Q,-53,medium,negative,3.164556962025305
AIZ,2008-03-04,FY2007,10-K,-100,medium,negative,-21.70542635658915
AIZ,2009-11-05,Q3_2009,10-Q,-42,medium,negative,50.61728395061728
AIZ,2010-05-06,Q1_2010,10-Q,-8,medium,negative,76.31578947368422
AIZ,2010-08-06,Q2_2010,10-Q,-5,medium,negative,47.474747474747474
AIZ,2010-11-04,Q3_2010,10-Q,56,medium,negative,15.044247787610635
AIZ,2011-05-05,Q1_2011,10-Q,2,medium,negative,29.90654205607475
AIZ,2009-02-28,FY2008,10-K,-68,medium,negative,-12.994350282485875
AIZ,2007-03-02,FY2006,10-K,-54,medium,negative,71.55172413793105
AIZ,2011-08-04,Q2_2011,10-Q,38,medium,negative,68.0
AIZ,2012-05-03,Q1_2012,10-Q,87,medium,negative,61.60714285714285
AIZ,2010-02-26,FY2009,10-K,-65,medium,negative,-92.24137931034481
AIZ,2011-11-03,Q3_2011,10-Q,54,medium,negative,5.3333333333333375
AIZ,2012-10-30,Q3_2012,10-Q,0,medium,negative,12.592592592592586
AIZ,2012-08-02,Q2_2012,10-Q,86,medium,negative,61.66666666666667
AIZ,2011-02-24,FY2010,10-K,-114,medium,negative,15.044247787610635
AIZ,2013-05-02,Q1_2013,10-Q,43,medium,negative,-20.218579234972683
AIZ,2014-04-30,Q1_2014,10-Q,77,medium,negative,32.857142857142875
AIZ,2013-08-01,Q2_2013,10-Q,39,medium,negative,24.0875912408759
AIZ,2013-10-31,Q3_2013,10-Q,67,medium,negative,30.232558139534877
AIZ,2012-02-24,FY2011,10-K,-15,medium,negative,56.07476635514017
AIZ,2014-11-05,Q3_2014,10-Q,78,medium,negative,41.17647058823528
AIZ,2014-07-30,Q2_2014,10-Q,163,medium,negative,31.756756756756754
AIZ,2013-02-21,FY2012,10-K,-67,medium,negative,141.33333333333334
AIZ,2015-05-07,Q1_2015,10-Q,98,medium,negative,12.698412698412692
AIZ,2015-08-05,Q2_2015,10-Q,-1,medium,negative,-57.657657657657666
AIZ,2014-02-20,FY2013,10-K,-62,medium,negative,4.28571428571429
AIZ,2015-11-04,Q3_2015,10-Q,170,medium,negative,-107.0921985815603
AIZ,2016-05-04,Q1_2016,10-Q,49,medium,negative,nan
AIZ,2016-08-03,Q2_2016,10-Q,84,medium,negative,110.9375
AIZ,2016-11-02,Q3_2016,10-Q,123,medium,negative,146.87500000000003
AIZ,2017-05-05,Q1_2017,10-Q,46,medium,negative,116.23931623931622
AIZ,2017-08-04,Q2_2017,10-Q,13,medium,negative,41.176470588235304
AIZ,2015-02-20,FY2014,10-K,-68,medium,negative,-68.63636363636364
AIZ,2017-11-04,Q3_2017,10-Q,107,medium,negative,48.529411764705884
AIZ,2018-05-08,Q1_2018,10-Q,220,medium,negative,5.376344086021498
AIZ,2019-05-09,Q1_2019,10-Q,-30,medium,negative,18.23547627314273
AIZ,2018-08-10,Q2_2018,10-Q,101,medium,negative,-21.582733812949627
AIZ,2018-11-09,Q3_2018,10-Q,69,medium,negative,-20.83333333333333
AIZ,2019-08-09,Q2_2019,10-Q,-6,medium,negative,5.754782891651595
AIZ,2016-02-17,FY2015,10-K,127,medium,negative,-52.6829268292683
AIZ,2018-02-15,FY2017,10-K,-15,medium,negative,nan
AIZ,2020-05-09,Q1_2020,10-Q,-21,medium,negative,-0.6963515103962226
AIZ,2019-11-08,Q3_2019,10-Q,-89,medium,negative,-158.1191199796583
AIZ,2019-02-23,FY2018,10-K,-18,medium,negative,-8.571428571428562
AIZ,2017-02-15,FY2016,10-K,-141,medium,negative,nan
AIZ,2020-11-06,Q3_2020,10-Q,-139,medium,negative,-157.91717843483818
AIZ,2020-08-08,Q2_2020,10-Q,-164,medium,negative,34.48515159491734
AIZ,2021-05-07,Q1_2021,10-Q,-45,medium,negative,34.13748075584439
AIZ,2022-05-06,Q1_2022,10-Q,116,medium,negative,-6.765647538964919
AIZ,2020-02-20,FY2019,10-K,23,medium,negative,-17.161397211100375
AIZ,2021-08-06,Q2_2021,10-Q,-82,medium,negative,35.06614623322225
AIZ,2021-11-05,Q3_2021,10-Q,-125,medium,negative,nan
AIZ,2021-02-20,FY2020,10-K,78,medium,negative,7.482311207079376
AIZ,2022-08-05,Q2_2022,10-Q,-16,medium,negative,-69.93195125811047
AIZ,2022-11-04,Q3_2022,10-Q,33,medium,negative,-88.13669912126835
AIZ,2023-05-05,Q1_2023,10-Q,23,medium,negative,-8.552103732972139
AIZ,2023-08-04,Q2_2023,10-Q,-78,medium,negative,15.321907185747802
AIZ,2023-11-03,Q3_2023,10-Q,-35,medium,negative,33.663085955936495
AIZ,2024-05-10,Q1_2024,10-Q,53,medium,negative,15.341741840926437
AIZ,2022-02-23,FY2021,10-K,90,medium,negative,-4.447948019683718
AIZ,2024-08-09,Q2_2024,10-Q,-8,medium,negative,-3.5962892649890286
AIZ,2025-05-09,Q1_2025,10-Q,-10,medium,negative,2.8690654908817357
AIZ,2024-11-08,Q3_2024,10-Q,-32,medium,negative,1.0809718043547936
AIZ,2025-11-07,Q3_2025,10-Q,-5,medium,negative,17.85033691063434
AIZ,2025-08-08,Q2_2025,10-Q,37,medium,negative,1.2581772639862843
AKAM,2006-08-10,Q2_2006,10-Q,-109,medium,negative,-56.25
AKAM,2006-05-11,Q1_2006,10-Q,-120,medium,negative,-53.333333333333336
AIZ,2023-02-18,FY2022,10-K,75,medium,negative,-53.15157126678889
AKAM,2006-03-17,FY2005,10-K,-58,medium,negative,7.142857142857128
AKAM,2007-05-11,Q1_2007,10-Q,-85,medium,negative,-60.71428571428572
AKAM,2006-11-10,Q3_2006,10-Q,-90,medium,negative,-60.0
AIZ,2024-02-16,FY2023,10-K,207,medium,negative,-8.107251197695698
AKAM,2007-08-10,Q2_2007,10-Q,-56,medium,negative,-60.0
AIZ,2025-02-21,FY2024,10-K,124,medium,negative,-6.306288857469355
AKAM,2007-11-10,Q3_2007,10-Q,-70,medium,negative,-59.375
AKAM,2007-03-02,FY2006,10-K,-78,medium,negative,-56.00000000000001
AKAM,2008-05-13,Q1_2008,10-Q,-117,medium,negative,-45.945945945945944
AKAM,2008-08-12,Q2_2008,10-Q,-93,medium,negative,-53.658536585365844
AKAM,2008-11-11,Q3_2008,10-Q,-43,medium,negative,-52.63157894736842
AKAM,2008-03-01,FY2007,10-K,-59,medium,negative,-42.42424242424242
AKAM,2009-05-12,Q1_2009,10-Q,-111,medium,negative,-59.183673469387756
AKAM,2009-08-11,Q2_2009,10-Q,-78,medium,negative,-64.15094339622641
AKAM,2009-11-10,Q3_2009,10-Q,-64,medium,negative,-57.14285714285714
AKAM,2009-03-03,FY2008,10-K,-21,medium,negative,-38.888888888888886
AKAM,2010-05-11,Q1_2010,10-Q,-138,medium,negative,-18.518518518518523
AKAM,2010-08-10,Q2_2010,10-Q,-116,medium,negative,-41.1764705882353
AKAM,2010-11-10,Q3_2010,10-Q,-67,medium,negative,-34.37500000000001
AKAM,2011-05-11,Q1_2011,10-Q,-89,medium,negative,-27.777777777777775
AKAM,2010-03-02,FY2009,10-K,-23,medium,negative,-59.61538461538463
AKAM,2011-08-10,Q2_2011,10-Q,-110,medium,negative,-32.432432432432435
AKAM,2011-11-10,Q3_2011,10-Q,-57,medium,negative,-28.125
AKAM,2011-03-02,FY2010,10-K,2,medium,negative,-24.999999999999993
AKAM,2012-05-11,Q1_2012,10-Q,-216,medium,negative,-31.428571428571427
AKAM,2012-08-10,Q2_2012,10-Q,-6,medium,negative,-22.580645161290324
AKAM,2012-11-10,Q3_2012,10-Q,-46,medium,negative,-30.769230769230766
AKAM,2012-03-01,FY2011,10-K,-13,medium,negative,-5.714285714285704
AKAM,2013-05-11,Q1_2013,10-Q,192,medium,negative,-20.40816326530612
AKAM,2013-08-10,Q2_2013,10-Q,88,medium,negative,-22.72727272727272
AKAM,2014-05-13,Q1_2014,10-Q,75,medium,negative,-16.66666666666666
AKAM,2013-03-02,FY2012,10-K,-5,medium,negative,-17.39130434782609
AKAM,2013-11-13,Q3_2013,10-Q,100,medium,negative,4.761904761904766
AKAM,2014-08-12,Q2_2014,10-Q,73,medium,negative,-23.076923076923077
AKAM,2014-11-11,Q3_2014,10-Q,80,medium,negative,-3.8461538461538494
AKAM,2014-03-04,FY2013,10-K,97,medium,negative,-10.20408163265306
AKAM,2015-05-12,Q1_2015,10-Q,28,medium,negative,-29.508196721311474
AKAM,2015-08-11,Q2_2015,10-Q,-3,medium,negative,-37.28813559322033
AKAM,2015-11-10,Q3_2015,10-Q,-7,medium,negative,-5.7692307692307745
AKAM,2016-05-10,Q1_2016,10-Q,-9,medium,negative,-30.0
AKAM,2015-03-03,FY2014,10-K,-7,medium,negative,-11.475409836065566
AKAM,2016-08-09,Q2_2016,10-Q,13,medium,negative,-34.37500000000001
AKAM,2016-03-01,FY2015,10-K,-6,medium,negative,-5.7692307692307745
AKAM,2016-11-09,Q3_2016,10-Q,-80,medium,negative,-20.370370370370377
AKAM,2017-05-10,Q1_2017,10-Q,-85,medium,negative,-33.84615384615385
AKAM,2017-08-09,Q2_2017,10-Q,-34,medium,negative,-43.103448275862064
AKAM,2017-11-09,Q3_2017,10-Q,-71,medium,negative,-33.92857142857144
AKAM,2017-03-01,FY2016,10-K,-85,medium,negative,-18.75
AKAM,2018-05-10,Q1_2018,10-Q,-78,medium,negative,-49.18032786885246
AKAM,2018-08-09,Q2_2018,10-Q,-158,medium,negative,-67.53246753246754
AKAM,2018-11-09,Q3_2018,10-Q,-8,medium,negative,-11.111111111111107
AKAM,2018-03-02,FY2017,10-K,-57,medium,negative,-80.7017543859649
AKAM,2019-05-10,Q1_2019,10-Q,-6,medium,negative,-36.21698002119558
AKAM,2019-08-09,Q2_2019,10-Q,20,medium,negative,-31.261892190753244
AKAM,2019-11-09,Q3_2019,10-Q,52,medium,negative,-16.378804017799364
AKAM,2020-05-09,Q1_2020,10-Q,44,medium,negative,-35.20518358531317
AKAM,2019-03-01,FY2018,10-K,-48,medium,negative,-38.70967741935485
AKAM,2020-08-08,Q2_2020,10-Q,17,medium,negative,-19.324299850173695
AKAM,2020-02-29,FY2019,10-K,23,medium,negative,-35.398230088495566
AKAM,2020-11-07,Q3_2020,10-Q,70,medium,negative,-24.45328031809146
AKAM,2021-05-08,Q1_2021,10-Q,41,medium,negative,-27.87705339399846
AKAM,2021-02-27,FY2020,10-K,-36,medium,negative,-48.23977164605138
AKAM,2021-08-07,Q2_2021,10-Q,-15,medium,negative,-32.12261255731668
AKAM,2021-11-09,Q3_2021,10-Q,34,medium,negative,-22.077922077922064
AKAM,2022-05-10,Q1_2022,10-Q,-118,medium,negative,-48.504514672686234
AKAM,2022-11-09,Q3_2022,10-Q,106,medium,negative,-44.58750285211382
AKAM,2022-08-10,Q2_2022,10-Q,116,medium,negative,-43.4954910929041
AKAM,2022-03-01,FY2021,10-K,-84,medium,negative,-31.649708278136362
AKAM,2023-05-10,Q1_2023,10-Q,-100,medium,negative,-53.03990850356367
AKAM,2023-08-09,Q2_2023,10-Q,-77,medium,negative,-40.24372025524469
AKAM,2023-03-01,FY2022,10-K,-87,medium,negative,-11.10335029248584
AKAM,2023-11-09,Q3_2023,10-Q,9,medium,negative,-30.620413609072717
AKAM,2024-05-10,Q1_2024,10-Q,1,medium,negative,-31.042194721932304
AKAM,2024-08-09,Q2_2024,10-Q,-34,medium,negative,-43.88400955276861
AKAM,2024-02-29,FY2023,10-K,34,medium,negative,-35.49478008730124
AKAM,2024-11-09,Q3_2024,10-Q,-40,medium,negative,-76.07881401277893
ALB,2006-03-16,FY2005,10-K,-68,medium,negative,-100.0
ALB,2006-05-10,Q1_2006,10-Q,72,medium,negative,38.46153846153845
AKAM,2025-05-10,Q1_2025,10-Q,9,medium,negative,-47.74374040109866
AKAM,2025-11-08,Q3_2025,10-Q,-8,medium,negative,-40.79445298957494
AKAM,2025-02-25,FY2024,10-K,-5,medium,negative,-39.970446989287026
AKAM,2025-08-09,Q2_2025,10-Q,-100,medium,negative,-54.21658778163248
ALB,2006-11-08,Q3_2006,10-Q,63,medium,negative,-92.85714285714285
ALB,2006-08-08,Q2_2006,10-Q,120,medium,negative,80.0
ALB,2007-05-08,Q1_2007,10-Q,100,medium,positive,19.999999999999996
ALB,2007-08-07,Q2_2007,10-Q,168,medium,positive,12.244897959183684
ALB,2008-05-06,Q1_2008,10-Q,137,medium,positive,8.064516129032265
ALB,2007-11-07,Q3_2007,10-Q,97,medium,positive,0.0
ALB,2008-08-08,Q2_2008,10-Q,242,medium,positive,6.349206349206354
ALB,2008-11-08,Q3_2008,10-Q,136,medium,positive,-11.59420289855072
ALB,2009-05-09,Q1_2009,10-Q,176,medium,negative,0.0
ALB,2007-03-02,FY2006,10-K,75,medium,negative,-100.0
ALB,2009-08-08,Q2_2009,10-Q,190,medium,negative,68.0
ALB,2009-11-07,Q3_2009,10-Q,152,medium,negative,7.547169811320741
ALB,2010-05-08,Q1_2010,10-Q,204,medium,negative,32.69230769230768
ALB,2008-03-01,FY2007,10-K,69,medium,negative,-100.0
ALB,2010-08-07,Q2_2010,10-Q,252,medium,positive,41.26984126984127
ALB,2009-02-28,FY2008,10-K,103,medium,negative,-100.0
ALB,2011-04-29,Q1_2011,10-Q,83,medium,negative,49.350649350649334
ALB,2010-10-30,Q3_2010,10-Q,226,medium,positive,49.99999999999999
ALB,2011-07-27,Q2_2011,10-Q,74,medium,positive,21.78217821782178
ALB,2010-02-27,FY2009,10-K,88,medium,negative,-100.0
ALB,2012-04-20,Q1_2012,10-Q,-100,medium,negative,7.142857142857128
ALB,2011-10-26,Q3_2011,10-Q,163,medium,negative,16.36363636363636
ALB,2012-07-20,Q2_2012,10-Q,0,medium,negative,-65.57377049180329
ALB,2012-10-20,Q3_2012,10-Q,100,medium,negative,3.7735849056603805
ALB,2011-02-26,FY2010,10-K,228,medium,positive,-100.0
ALB,2013-04-20,Q1_2013,10-Q,100,medium,negative,-12.149532710280383
ALB,2013-07-20,Q2_2013,10-Q,100,medium,negative,-2.970297029702973
ALB,2014-04-25,Q1_2014,10-Q,102,medium,negative,-24.46808510638298
ALB,2013-10-19,Q3_2013,10-Q,100,medium,negative,7.766990291262142
ALB,2012-02-23,FY2011,10-K,109,medium,positive,-100.0
ALB,2014-10-30,Q3_2014,10-Q,-29,medium,negative,5.681818181818187
ALB,2014-08-01,Q2_2014,10-Q,-32,medium,negative,-73.58490566037736
ALB,2013-02-16,FY2012,10-K,169,medium,positive,-48.14814814814815
ALB,2014-02-26,FY2013,10-K,-27,medium,negative,90.99999999999999
ALB,2016-05-11,Q1_2016,10-Q,118,medium,negative,nan
ALB,2015-05-12,Q1_2015,10-Q,19,medium,negative,-34.42622950819671
ALB,2016-08-06,Q2_2016,10-Q,42,medium,negative,nan
ALB,2016-11-09,Q3_2016,10-Q,22,medium,negative,59.15492957746478
ALB,2015-08-08,Q2_2015,10-Q,-101,medium,negative,-42.5
ALB,2017-05-05,Q1_2017,10-Q,82,medium,negative,-49.43820224719101
ALB,2015-03-03,FY2014,10-K,-135,medium,negative,-122.85714285714286
ALB,2015-11-07,Q3_2015,10-Q,41,medium,negative,-34.09090909090909
ALB,2016-03-01,FY2015,10-K,-113,medium,negative,146.03174603174605
ALB,2017-08-09,Q2_2017,10-Q,8,medium,negative,-15.596330275229361
ALB,2018-05-11,Q1_2018,10-Q,38,medium,negative,5.357142857142842
ALB,2017-11-10,Q3_2017,10-Q,-136,medium,negative,0.0
ALB,2017-03-01,FY2016,10-K,-130,medium,negative,nan
ALB,2019-05-09,Q1_2019,10-Q,77,medium,negative,1.4313084638791764
ALB,2018-08-08,Q2_2018,10-Q,-3,medium,negative,127.50000000000001
ALB,2018-11-08,Q3_2018,10-Q,-46,medium,negative,0.8403361344537823
ALB,2019-08-08,Q2_2019,10-Q,39,medium,negative,1.2322407232869022
ALB,2020-05-12,Q1_2020,10-Q,167,medium,negative,23.36781932111055
ALB,2019-11-07,Q3_2019,10-Q,12,medium,negative,-6.555813700453782
ALB,2020-11-05,Q3_2020,10-Q,30,medium,negative,17.87013785681341
ALB,2020-08-06,Q2_2020,10-Q,51,medium,negative,8.453988395423254
ALB,2018-03-01,FY2017,10-K,-123,medium,negative,nan
ALB,2019-02-28,FY2018,10-K,-127,medium,negative,-14.184397163120565
ALB,2021-05-06,Q1_2021,10-Q,32,medium,negative,5.446830946134234
ALB,2021-08-05,Q2_2021,10-Q,5,medium,negative,nan
ALB,2021-11-05,Q3_2021,10-Q,-4,medium,negative,nan
ALB,2020-02-27,FY2019,10-K,-152,medium,negative,-51.21307260068762
ALB,2022-05-05,Q1_2022,10-Q,25,medium,negative,31.296908110484818
ALB,2021-02-20,FY2020,10-K,-209,medium,negative,-28.137394025397523
ALB,2022-08-04,Q2_2022,10-Q,-58,medium,negative,11.276560846731002
ALB,2022-11-03,Q3_2022,10-Q,-81,medium,negative,9.173438002111745
ALB,2022-02-23,FY2021,10-K,-54,medium,negative,-103.01044624848224
ALB,2023-05-04,Q1_2023,10-Q,52,medium,negative,44.60808594480951
ALB,2023-11-02,Q3_2023,10-Q,48,medium,negative,-31.518529966638603
ALB,2023-08-03,Q2_2023,10-Q,64,medium,negative,23.19366177537243
ALB,2024-05-02,Q1_2024,10-Q,21,medium,negative,-131.66435780724325
ALB,2023-02-16,FY2022,10-K,-85,medium,negative,9.173438002111745
ALB,2024-08-01,Q2_2024,10-Q,-61,medium,negative,nan
ALB,2024-11-07,Q3_2024,10-Q,-94,medium,negative,nan
ALB,2025-05-01,Q1_2025,10-Q,67,medium,negative,99.56093868281604
ALB,2024-02-16,FY2023,10-K,-104,medium,negative,-31.518529966638603
ALB,2025-08-05,Q2_2025,10-Q,-143,medium,negative,80.8911872544219
ALB,2025-11-06,Q3_2025,10-Q,-61,medium,negative,-99.6610405590509
ALB,2025-02-13,FY2024,10-K,-142,medium,negative,nan
ALL,2006-05-04,Q1_2006,10-Q,-100,medium,negative,67.17557251908396
ALL,2007-05-02,Q1_2007,10-Q,-135,medium,negative,33.149171270718234
ALL,2006-08-09,Q2_2006,10-Q,-145,medium,negative,54.91803278688524
ALL,2006-11-02,Q3_2006,10-Q,-166,medium,negative,8.928571428571438
ALL,2007-08-02,Q2_2007,10-Q,-126,medium,negative,23.65591397849461
ALL,2008-05-09,Q1_2008,10-Q,-98,medium,negative,-67.8756476683938
ALL,2007-11-01,Q3_2007,10-Q,-166,medium,negative,-5.55555555555556
ALL,2008-08-07,Q2_2008,10-Q,-139,medium,negative,-96.26865671641791
ALL,2008-11-07,Q3_2008,10-Q,-47,medium,negative,nan
ALL,2009-05-08,Q1_2009,10-Q,-143,medium,negative,-131.48148148148147
ALL,2006-02-24,FY2005,10-K,-86,medium,negative,3.8709677419354875
ALL,2007-02-23,FY2006,10-K,0,medium,negative,2.631578947368424
ALL,2009-08-06,Q2_2009,10-Q,-117,medium,negative,-52.63157894736842
ALL,2008-02-28,FY2007,10-K,-70,medium,negative,-3.5714285714285587
ALL,2009-02-27,FY2008,10-K,-78,medium,negative,nan
ALL,2009-11-05,Q3_2009,10-Q,-132,medium,negative,-60.19417475728156
ALL,2010-04-29,Q1_2010,10-Q,-152,medium,negative,-75.2808988764045
ALL,2010-08-05,Q2_2010,10-Q,-150,medium,negative,-52.63157894736842
ALL,2011-04-28,Q1_2011,10-Q,-215,medium,negative,127.90697674418605
ALL,2010-02-26,FY2009,10-K,-77,medium,negative,3.225806451612894
ALL,2010-10-28,Q3_2010,10-Q,-70,medium,negative,-39.82300884955751
ALL,2012-05-03,Q1_2012,10-Q,-114,medium,negative,86.58536585365854
ALL,2011-08-02,Q2_2011,10-Q,-140,medium,negative,37.03703703703704
ALL,2011-11-01,Q3_2011,10-Q,-112,medium,negative,nan
ALL,2011-02-25,FY2010,10-K,-100,medium,negative,-51.32743362831857
ALL,2012-02-23,FY2011,10-K,-143,medium,negative,nan
ALL,2012-08-01,Q2_2012,10-Q,-92,medium,negative,168.75
ALL,2012-11-01,Q3_2012,10-Q,-141,medium,negative,168.75
ALL,2013-05-02,Q1_2013,10-Q,-142,medium,negative,17.599999999999998
ALL,2013-10-31,Q3_2013,10-Q,-113,medium,negative,-45.45454545454545
ALL,2013-02-21,FY2012,10-K,-179,medium,negative,nan
ALL,2013-08-01,Q2_2013,10-Q,-125,medium,negative,9.523809523809533
ALL,2014-05-07,Q1_2014,10-Q,-176,medium,negative,18.181818181818176
ALL,2014-07-31,Q2_2014,10-Q,-145,medium,negative,nan
ALL,2014-10-30,Q3_2014,10-Q,-133,medium,negative,37.00787401574803
ALL,2015-05-06,Q1_2015,10-Q,-94,medium,negative,7.746478873239444
ALL,2015-11-03,Q3_2015,10-Q,-215,medium,negative,37.499999999999986
ALL,2014-02-21,FY2013,10-K,-96,medium,negative,70.75471698113208
ALL,2015-08-04,Q2_2015,10-Q,-136,medium,negative,-39.69465648854962
ALL,2016-05-05,Q1_2016,10-Q,-129,medium,negative,9.615384615384603
ALL,2015-02-20,FY2014,10-K,-138,medium,negative,13.414634146341475
ALL,2017-05-03,Q1_2017,10-Q,-110,medium,negative,188.70967741935482
ALL,2016-08-04,Q2_2016,10-Q,-154,medium,negative,18.518518518518512
ALL,2016-11-03,Q3_2016,10-Q,-199,medium,negative,5.645161290322586
ALL,2017-08-02,Q2_2017,10-Q,-112,medium,negative,nan
ALL,2016-02-20,FY2015,10-K,-100,medium,negative,9.259259259259247
ALL,2017-11-02,Q3_2017,10-Q,-133,medium,negative,125.97402597402596
ALL,2018-05-02,Q1_2018,10-Q,-193,medium,negative,19.91150442477877
ALL,2019-05-02,Q1_2019,10-Q,-212,medium,negative,64.60253329460335
ALL,2019-07-31,Q2_2019,10-Q,-131,medium,negative,58.88830282547681
ALL,2018-08-02,Q2_2018,10-Q,-150,medium,negative,76.85185185185183
ALL,2019-10-30,Q3_2019,10-Q,-147,medium,negative,2.9842283704192156
ALL,2018-11-01,Q3_2018,10-Q,-216,medium,negative,7.630522088353412
ALL,2017-02-18,FY2016,10-K,-89,medium,negative,100.0
ALL,2020-05-06,Q1_2020,10-Q,-199,medium,negative,-52.734136952095
ALL,2020-08-05,Q2_2020,10-Q,-176,medium,negative,150.1263591710838
ALL,2020-11-05,Q3_2020,10-Q,-182,medium,negative,107.59399717022708
ALL,2021-05-06,Q1_2021,10-Q,-188,medium,negative,nan
ALL,2021-08-05,Q2_2021,10-Q,-167,medium,negative,65.87199475264258
ALL,2018-02-27,FY2017,10-K,-65,medium,negative,nan
ALL,2020-02-22,FY2019,10-K,-50,medium,negative,61.56186769226017
ALL,2021-02-23,FY2020,10-K,-89,medium,negative,121.6172551981704
ALL,2021-11-04,Q3_2021,10-Q,-121,medium,negative,4.265113868479617
ALL,2022-05-05,Q1_2022,10-Q,-201,medium,negative,-22.359176800231882
ALL,2022-08-04,Q2_2022,10-Q,-179,medium,negative,nan
ALL,2022-11-03,Q3_2022,10-Q,-187,medium,negative,-79.17567471281409
ALL,2023-05-04,Q1_2023,10-Q,-186,medium,negative,-15.730859349061339
ALL,2023-08-02,Q2_2023,10-Q,-154,medium,negative,-23.492314701580227
ALL,2022-02-19,FY2021,10-K,-140,medium,negative,38.82378393971082
ALL,2023-11-02,Q3_2023,10-Q,-144,medium,negative,-135.02439902146273
ALL,2024-05-02,Q1_2024,10-Q,-187,medium,negative,13.42799229910402
ALL,2023-02-17,FY2022,10-K,-45,medium,negative,15.456717515162657
ALL,2024-08-01,Q2_2024,10-Q,-176,medium,negative,nan
ALL,2024-10-31,Q3_2024,10-Q,-139,medium,negative,82.17158628117534
ALL,2025-05-01,Q1_2025,10-Q,-155,medium,negative,-16.191117148628013
AME,2006-05-05,Q1_2006,10-Q,150,medium,positive,13.333333333333346
ALL,2025-07-31,Q2_2025,10-Q,-138,medium,negative,139.0892425246099
AME,2006-08-09,Q2_2006,10-Q,179,medium,positive,11.764705882352935
AME,2006-11-04,Q3_2006,10-Q,205,medium,positive,0.0
AME,2007-05-05,Q1_2007,10-Q,173,medium,positive,10.52631578947368
AME,2007-08-04,Q2_2007,10-Q,174,medium,positive,9.090909090909086
AME,2007-11-03,Q3_2007,10-Q,115,medium,positive,9.090909090909086
ALL,2024-02-22,FY2023,10-K,-136,medium,negative,41.354055110317084
AME,2008-05-03,Q1_2008,10-Q,199,medium,positive,16.666666666666682
ALL,2025-11-06,Q3_2025,10-Q,-155,medium,negative,81.984689804161
AME,2006-03-07,FY2005,10-K,-18,medium,negative,0.0
AME,2008-11-06,Q3_2008,10-Q,71,medium,negative,7.407407407407393
AME,2008-08-02,Q2_2008,10-Q,163,medium,positive,17.39130434782609
AME,2009-05-07,Q1_2009,10-Q,140,medium,negative,0.0
ALL,2019-02-16,FY2018,10-K,-60,medium,negative,-180.20833333333334
AME,2009-11-06,Q3_2009,10-Q,76,medium,negative,0.0
AME,2009-08-06,Q2_2009,10-Q,161,medium,negative,0.0
AME,2007-03-01,FY2006,10-K,140,medium,positive,11.111111111111121
AME,2010-05-06,Q1_2010,10-Q,164,medium,positive,9.090909090909086
AME,2011-05-06,Q1_2011,10-Q,179,medium,positive,0.0
AME,2010-11-05,Q3_2010,10-Q,163,medium,positive,23.076923076923077
ALL,2025-02-25,FY2024,10-K,-66,medium,negative,12.71746339472477
AME,2008-02-28,FY2007,10-K,208,medium,positive,13.043478260869565
AME,2010-08-06,Q2_2010,10-Q,225,medium,positive,0.0
AME,2011-08-05,Q2_2011,10-Q,241,medium,positive,11.42857142857144
AME,2012-05-04,Q1_2012,10-Q,93,medium,negative,4.651162790697678
AME,2011-11-04,Q3_2011,10-Q,84,medium,negative,5.263157894736847
AME,2012-08-03,Q2_2012,10-Q,97,medium,negative,4.444444444444437
AME,2012-11-02,Q3_2012,10-Q,66,medium,negative,4.444444444444437
AME,2013-05-03,Q1_2013,10-Q,24,medium,negative,4.081632653061228
AME,2013-08-08,Q2_2013,10-Q,66,medium,negative,0.0
AME,2009-02-27,FY2008,10-K,299,medium,positive,-37.93103448275862
AME,2010-02-26,FY2009,10-K,153,medium,negative,0.0
AME,2014-05-07,Q1_2014,10-Q,104,medium,negative,3.636363636363619
AME,2013-11-05,Q3_2013,10-Q,-100,medium,negative,0.0
AME,2014-08-07,Q2_2014,10-Q,22,medium,negative,7.0175438596491295
AME,2011-02-25,FY2010,10-K,183,medium,negative,6.451612903225811
AME,2015-05-02,Q1_2015,10-Q,19,medium,negative,-6.349206349206354
AME,2012-02-24,FY2011,10-K,176,medium,positive,4.99999999999999
AME,2014-11-07,Q3_2014,10-Q,21,medium,negative,-5.000000000000004
AME,2015-08-06,Q2_2015,10-Q,109,medium,negative,0.0
AME,2013-02-22,FY2012,10-K,194,medium,positive,4.255319148936175
AME,2015-11-06,Q3_2015,10-Q,-2,medium,negative,0.0
AME,2016-05-05,Q1_2016,10-Q,6,medium,negative,0.0
AME,2014-02-27,FY2013,10-K,177,medium,positive,3.7735849056603805
AME,2016-08-05,Q2_2016,10-Q,24,medium,negative,0.0
AME,2017-05-09,Q1_2017,10-Q,160,medium,positive,15.384615384615378
AME,2016-11-04,Q3_2016,10-Q,16,medium,negative,3.703703703703707
AME,2017-08-03,Q2_2017,10-Q,72,medium,negative,10.169491525423737
AME,2018-05-04,Q1_2018,10-Q,22,medium,negative,18.18181818181818
AME,2017-11-03,Q3_2017,10-Q,29,medium,negative,13.793103448275875
AME,2018-08-03,Q2_2018,10-Q,31,medium,negative,13.698630136986298
AME,2015-02-25,FY2014,10-K,166,medium,positive,1.6393442622950833
AME,2018-11-03,Q3_2018,10-Q,-1,medium,negative,12.328767123287667
AME,2019-05-03,Q1_2019,10-Q,132,medium,negative,-8.247422680412367
AME,2016-02-26,FY2015,10-K,219,medium,positive,-9.52380952380953
AME,2019-08-03,Q2_2019,10-Q,26,medium,negative,-7.999177864993695
AME,2019-11-02,Q3_2019,10-Q,61,medium,negative,-5.133652848460887
AME,2018-02-23,FY2017,10-K,128,medium,negative,60.9375
AME,2020-05-06,Q1_2020,10-Q,186,medium,negative,26.805945327928494
AME,2017-02-24,FY2016,10-K,205,medium,negative,-18.96551724137931
AME,2020-10-30,Q3_2020,10-Q,87,medium,negative,-6.108295545478796
AME,2020-08-05,Q2_2020,10-Q,64,medium,negative,-0.8455669705566468
AME,2021-05-05,Q1_2021,10-Q,24,medium,negative,-7.324335249287676
AME,2019-02-22,FY2018,10-K,153,medium,positive,10.97560975609757
AME,2022-05-04,Q1_2022,10-Q,76,medium,negative,-8.19569225940603
AME,2021-08-04,Q2_2021,10-Q,25,medium,negative,-9.333236622119067
AME,2020-02-21,FY2019,10-K,18,medium,negative,-6.454630495790465
AME,2021-11-03,Q3_2021,10-Q,96,medium,negative,-6.892494688640029
AME,2022-08-03,Q2_2022,10-Q,180,medium,negative,-5.427822824452332
AME,2022-11-02,Q3_2022,10-Q,123,medium,negative,-5.90535099492326
AME,2023-05-03,Q1_2023,10-Q,126,medium,negative,-6.536100431208439
AME,2021-02-19,FY2020,10-K,186,medium,negative,-7.706955009569342
AME,2023-08-02,Q2_2023,10-Q,140,medium,positive,-7.320980544025857
AME,2023-11-01,Q3_2023,10-Q,167,medium,positive,-6.729439234546911
AME,2024-05-03,Q1_2024,10-Q,167,medium,negative,-15.895182802447824
AME,2024-08-02,Q2_2024,10-Q,178,medium,positive,-11.792438482829946
AME,2024-11-01,Q3_2024,10-Q,179,medium,positive,-9.039719322562483
AME,2025-05-02,Q1_2025,10-Q,227,medium,positive,-9.99099909990999
AME,2022-02-23,FY2021,10-K,67,medium,negative,-6.872931578542288
AME,2025-08-01,Q2_2025,10-Q,190,medium,positive,-8.129093441602695
AME,2023-02-22,FY2022,10-K,-34,medium,negative,-9.567487812009158
AME,2025-10-31,Q3_2025,10-Q,219,medium,positive,-9.004049319805269
AME,2024-02-23,FY2023,10-K,118,medium,negative,-9.162886901656545
AME,2025-02-21,FY2024,10-K,143,medium,negative,-9.689211916697765
AMGN,2006-05-11,Q1_2006,10-Q,29,medium,negative,-5.747126436781615
AMGN,2006-08-10,Q2_2006,10-Q,10,medium,negative,-98.79518072289156
AMGN,2007-05-10,Q1_2007,10-Q,-24,medium,negative,-12.962962962962973
AMGN,2006-11-10,Q3_2006,10-Q,34,medium,negative,2.1739130434782505
AMGN,2006-03-11,FY2005,10-K,170,medium,positive,-11.688311688311684
AMGN,2007-08-10,Q2_2007,10-Q,-32,medium,negative,-9.999999999999998
AMGN,2007-03-01,FY2006,10-K,5,medium,negative,-29.000000000000004
AMGN,2007-11-10,Q3_2007,10-Q,-77,medium,negative,-81.63265306122449
AMGN,2008-05-13,Q1_2008,10-Q,-96,medium,negative,8.333333333333341
AMGN,2008-08-09,Q2_2008,10-Q,-43,medium,negative,-3.333333333333336
AMGN,2008-11-08,Q3_2008,10-Q,-35,medium,negative,17.20430107526882
AMGN,2008-02-29,FY2007,10-K,-41,medium,negative,-19.14893617021276
AMGN,2009-05-12,Q1_2009,10-Q,-28,medium,negative,-19.672131147540984
AMGN,2010-05-08,Q1_2010,10-Q,258,medium,positive,1.7241379310344844
AMGN,2009-08-11,Q2_2009,10-Q,-25,medium,negative,21.35922330097087
AMGN,2009-11-07,Q3_2009,10-Q,-3,medium,negative,29.52380952380953
AMGN,2010-11-09,Q3_2010,10-Q,99,medium,negative,8.474576271186448
AMGN,2009-02-28,FY2008,10-K,-13,medium,negative,-13.88888888888889
AMGN,2010-08-10,Q2_2010,10-Q,157,medium,negative,2.4590163934426252
AMGN,2011-05-11,Q1_2011,10-Q,105,medium,negative,-3.2258064516129057
AMGN,2011-08-09,Q2_2011,10-Q,152,medium,negative,5.042016806722694
AMGN,2011-11-05,Q3_2011,10-Q,124,medium,negative,-57.6271186440678
AMGN,2010-03-02,FY2009,10-K,151,medium,negative,-21.008403361344538
AMGN,2012-05-09,Q1_2012,10-Q,166,medium,negative,14.728682170542632
AMGN,2012-08-09,Q2_2012,10-Q,126,medium,negative,28.800000000000008
AMGN,2011-02-26,FY2010,10-K,-48,medium,negative,3.809523809523813
AMGN,2012-11-07,Q3_2012,10-Q,165,medium,negative,11.023622047244086
AMGN,2013-05-04,Q1_2013,10-Q,97,medium,negative,9.302325581395344
AMGN,2012-03-01,FY2011,10-K,-54,medium,negative,-4.878048780487809
AMGN,2013-08-07,Q2_2013,10-Q,121,medium,negative,3.7735849056603668
AMGN,2013-10-30,Q3_2013,10-Q,74,medium,negative,11.874999999999996
AMGN,2014-05-01,Q1_2014,10-Q,90,medium,negative,-30.348258706467657
AMGN,2014-08-06,Q2_2014,10-Q,75,medium,negative,13.55932203389829
AMGN,2013-02-28,FY2012,10-K,9,medium,negative,-25.73529411764706
AMGN,2014-10-30,Q3_2014,10-Q,113,medium,negative,-16.145833333333325
AMGN,2015-04-28,Q1_2015,10-Q,100,medium,negative,22.67441860465116
AMGN,2014-02-25,FY2013,10-K,-93,medium,negative,-13.636363636363633
AMGN,2015-08-06,Q2_2015,10-Q,25,medium,negative,-6.1135371179039355
AMGN,2015-11-03,Q3_2015,10-Q,96,medium,negative,19.607843137254896
AMGN,2016-05-03,Q1_2016,10-Q,109,medium,negative,8.695652173913052
AMGN,2015-02-20,FY2014,10-K,84,medium,negative,-13.402061855670103
AMGN,2016-07-30,Q2_2016,10-Q,73,medium,negative,-6.439393939393937
AMGN,2017-04-28,Q1_2017,10-Q,55,medium,negative,-2.1052631578947385
AMGN,2016-10-29,Q3_2016,10-Q,-35,medium,negative,4.687500000000004
AMGN,2017-07-27,Q2_2017,10-Q,28,medium,negative,-1.3559322033898318
AMGN,2016-02-17,FY2015,10-K,-10,medium,negative,20.30456852791879
AMGN,2018-04-26,Q1_2018,10-Q,84,medium,negative,7.973421926910307
AMGN,2017-10-27,Q3_2017,10-Q,-11,medium,negative,-6.440677966101707
AMGN,2017-02-15,FY2016,10-K,69,medium,negative,-3.7174721189591113
AMGN,2018-07-28,Q2_2018,10-Q,26,medium,negative,7.076923076923077
AMGN,2018-11-01,Q3_2018,10-Q,53,medium,negative,-10.903426791277262
AMGN,2019-05-02,Q1_2019,10-Q,-9,medium,negative,-8.72979426891991
AMGN,2018-02-14,FY2017,10-K,-27,medium,negative,nan
AMGN,2019-10-31,Q3_2019,10-Q,-31,medium,negative,-7.37960765208721
AMGN,2019-08-01,Q2_2019,10-Q,-71,medium,negative,-0.6074914667216049
AMGN,2020-05-02,Q1_2020,10-Q,-31,medium,negative,-17.91136566609446
AMGN,2020-07-30,Q2_2020,10-Q,-16,medium,negative,-20.200936657858247
AMGN,2019-02-14,FY2018,10-K,86,medium,negative,-3.525641025641036
AMGN,2020-10-30,Q3_2020,10-Q,13,medium,negative,-12.639509354958662
AMGN,2020-02-13,FY2019,10-K,100,medium,negative,-16.391639163916388
AMGN,2021-04-29,Q1_2021,10-Q,-29,medium,negative,-30.08686028241944
AMGN,2021-08-05,Q2_2021,10-Q,-30,medium,negative,-80.18852695583264
AMGN,2021-11-04,Q3_2021,10-Q,-28,medium,negative,-22.932567160425997
AMGN,2021-02-10,FY2020,10-K,100,medium,negative,-17.742815162741078
AMGN,2022-04-29,Q1_2022,10-Q,47,medium,negative,-34.558489570869725
AMGN,2022-08-06,Q2_2022,10-Q,-134,medium,negative,-44.72732523118642
AMGN,2022-11-05,Q3_2022,10-Q,-74,medium,negative,-10.896586309417193
AMGN,2022-02-17,FY2021,10-K,96,medium,negative,-16.74141767559879
AMGN,2023-04-29,Q1_2023,10-Q,-102,medium,negative,37.23838932035808
AMGN,2023-08-05,Q2_2023,10-Q,-42,medium,negative,-42.79520013889415
AMGN,2023-11-01,Q3_2023,10-Q,-103,medium,negative,-31.036402927311933
AMGN,2023-02-10,FY2022,10-K,104,medium,negative,-26.772651049714042
AMGN,2024-05-04,Q1_2024,10-Q,-142,medium,negative,-105.4138362185643
AMGN,2024-02-15,FY2023,10-K,-51,medium,negative,-69.072614017511
AMGN,2024-08-08,Q2_2024,10-Q,-94,medium,negative,-72.31517369219289
AMGN,2024-11-01,Q3_2024,10-Q,-26,medium,negative,-1.030834014299347
AMGN,2025-05-03,Q1_2025,10-Q,-79,medium,negative,-25.053809023052974
AMZN,2006-04-28,Q1_2006,10-Q,53,medium,negative,-40.0
AMGN,2025-08-07,Q2_2025,10-Q,-62,medium,negative,-49.82343529589972
AMGN,2025-11-06,Q3_2025,10-Q,-52,medium,negative,18.151026100816885
AMGN,2025-02-15,FY2024,10-K,-44,medium,negative,-77.2127231581594
AMZN,2006-07-28,Q2_2006,10-Q,-10,medium,negative,nan
AMZN,2006-10-27,Q3_2006,10-Q,30,medium,negative,nan
AMZN,2006-02-18,FY2005,10-K,0,medium,negative,133.568075
AMZN,2007-04-27,Q1_2007,10-Q,21,medium,negative,29.999999999999993
AMZN,2007-07-27,Q2_2007,10-Q,36,medium,negative,-5.000000000000004
AMZN,2008-04-26,Q1_2008,10-Q,28,medium,negative,-14.999999999999996
AMZN,2007-10-26,Q3_2007,10-Q,123,medium,negative,-5.000000000000004
AMZN,2007-02-17,FY2006,10-K,60,medium,negative,15.201899999999993
AMZN,2008-02-12,FY2007,10-K,0,medium,negative,21.194379500000004
AMZN,2008-07-26,Q2_2008,10-Q,-8,medium,negative,84.99999999999999
AMZN,2009-04-25,Q1_2009,10-Q,98,medium,negative,105.0
AMZN,2008-10-23,Q3_2008,10-Q,44,medium,negative,35.0
AMZN,2009-10-24,Q3_2009,10-Q,9,medium,negative,124.99999999999997
AMZN,2009-01-31,FY2008,10-K,0,medium,negative,158.62069
AMZN,2009-07-25,Q2_2009,10-Q,-30,medium,negative,-20.0
AMZN,2010-04-24,Q1_2010,10-Q,7,medium,negative,10.000000000000009
AMZN,2010-01-30,FY2009,10-K,0,medium,negative,41.66666666666668
AMZN,2010-07-24,Q2_2010,10-Q,1,medium,negative,-25.0
AMZN,2010-10-23,Q3_2010,10-Q,-67,medium,negative,27.499999999999993
AMZN,2011-04-28,Q1_2011,10-Q,126,medium,negative,-45.00000000000001
AMZN,2011-01-29,FY2010,10-K,0,medium,negative,13.749999999999996
AMZN,2011-07-28,Q2_2011,10-Q,144,medium,negative,105.0
AMZN,2011-10-27,Q3_2011,10-Q,-5,medium,negative,-65.0
AMZN,2012-04-28,Q1_2012,10-Q,29,medium,negative,40.0
AMZN,2012-07-28,Q2_2012,10-Q,90,medium,negative,-95.0
AMZN,2012-02-02,FY2011,10-K,0,medium,negative,89.99999999999999
AMZN,2012-10-27,Q3_2012,10-Q,69,medium,negative,nan
AMZN,2013-04-27,Q1_2013,10-Q,160,medium,negative,nan
AMZN,2013-07-27,Q2_2013,10-Q,50,medium,negative,-109.99999999999999
AMZN,2013-01-31,FY2012,10-K,0,medium,negative,-47.5
AMZN,2013-10-26,Q3_2013,10-Q,64,medium,negative,nan
AMZN,2014-04-26,Q1_2014,10-Q,-39,medium,negative,14.999999999999996
AMZN,2014-07-26,Q2_2014,10-Q,15,medium,negative,nan
AMZN,2014-10-25,Q3_2014,10-Q,-73,medium,negative,-93.88475245407074
AMZN,2015-04-25,Q1_2015,10-Q,-138,medium,negative,40.0
AMZN,2014-02-01,FY2013,10-K,0,medium,negative,-36.25000000000001
AMZN,2015-07-25,Q2_2015,10-Q,-112,medium,negative,137.6180042144044
AMZN,2015-10-24,Q3_2015,10-Q,-58,medium,negative,142.5
AMZN,2016-04-30,Q1_2016,10-Q,-70,medium,negative,167.5
AMZN,2015-01-31,FY2014,10-K,0,medium,negative,124.99999999999997
AMZN,2016-07-30,Q2_2016,10-Q,-82,medium,negative,nan
AMZN,2016-10-29,Q3_2016,10-Q,-100,medium,negative,-48.00000000000001
AMZN,2017-04-29,Q1_2017,10-Q,-59,medium,negative,84.99999999999999
AMZN,2016-01-30,FY2015,10-K,0,medium,negative,-54.54545454545454
AMZN,2017-07-29,Q2_2017,10-Q,-107,medium,negative,-81.81818181818181
AMZN,2017-10-28,Q3_2017,10-Q,-76,medium,negative,29.999999999999993
AMZN,2018-04-28,Q1_2018,10-Q,-112,medium,negative,nan
AMZN,2017-02-11,FY2016,10-K,-74,medium,negative,28.33333333333334
AMZN,2018-07-28,Q2_2018,10-Q,-48,medium,negative,149.99999999999997
AMZN,2018-10-27,Q3_2018,10-Q,-43,medium,negative,93.33333333333333
AMZN,2019-04-27,Q1_2019,10-Q,-93,medium,negative,48.8095238095238
AMZN,2018-02-03,FY2017,10-K,0,medium,negative,137.5
AMZN,2019-07-27,Q2_2019,10-Q,-74,medium,negative,-6.451264706940598
AMZN,2019-10-26,Q3_2019,10-Q,-76,medium,negative,-8.86998784933172
AMZN,2019-02-02,FY2018,10-K,0,medium,negative,11.1111111111111
AMZN,2020-05-02,Q1_2020,10-Q,-55,medium,negative,-18.899630182313626
AMZN,2020-08-01,Q2_2020,10-Q,-4,medium,negative,nan
AMZN,2020-10-31,Q3_2020,10-Q,-27,medium,negative,67.37757140543165
AMZN,2021-05-01,Q1_2021,10-Q,-81,medium,negative,65.64622997567726
AMZN,2020-02-01,FY2019,10-K,100,medium,negative,58.549274141604315
AMZN,2021-07-31,Q2_2021,10-Q,-115,medium,negative,24.268288694855947
AMZN,2021-02-04,FY2020,10-K,-100,medium,negative,94.67156126592133
AMZN,2021-10-30,Q3_2021,10-Q,-107,medium,negative,-30.319854346018115
AMZN,2022-04-30,Q1_2022,10-Q,-116,medium,negative,-191.01142432879075
AMZN,2022-07-30,Q2_2022,10-Q,-83,medium,negative,nan
AMZN,2022-02-05,FY2021,10-K,-61,medium,negative,nan
AMZN,2022-10-29,Q3_2022,10-Q,-68,medium,negative,28.676470588235315
AMZN,2023-04-29,Q1_2023,10-Q,-120,medium,negative,45.40337711069418
AMZN,2023-10-28,Q3_2023,10-Q,-127,medium,negative,60.57670954406464
AMZN,2023-08-05,Q2_2023,10-Q,-50,medium,negative,83.6625130682942
AMZN,2024-05-02,Q1_2024,10-Q,-101,medium,negative,16.436565834184826
AMZN,2023-02-04,FY2022,10-K,-37,medium,negative,-84.47383553766534
AMZN,2024-08-03,Q2_2024,10-Q,-144,medium,negative,21.860402139327054
AMZN,2024-02-03,FY2023,10-K,-95,medium,negative,25.85106784631067
AMZN,2024-11-02,Q3_2024,10-Q,-153,medium,negative,25.435295562397464
AMZN,2025-05-03,Q1_2025,10-Q,-52,medium,negative,16.381203337725076
AMZN,2025-08-02,Q2_2025,10-Q,-89,medium,negative,26.439376834499882
AMZN,2025-02-08,FY2024,10-K,-119,medium,negative,25.1421305111316
AMZN,2025-11-01,Q3_2025,10-Q,-124,medium,negative,24.3368700265252
AON,2006-05-11,Q1_2006,10-Q,-6,medium,negative,-14.925373134328371
AON,2006-08-10,Q2_2006,10-Q,-39,medium,negative,-3.3898305084745797
AON,2007-05-11,Q1_2007,10-Q,-8,medium,negative,6.451612903225811
AON,2006-11-10,Q3_2006,10-Q,16,medium,negative,-39.62264150943396
AON,2007-08-10,Q2_2007,10-Q,15,medium,negative,25.000000000000007
AON,2007-11-09,Q3_2007,10-Q,-49,medium,negative,33.33333333333334
AON,2008-05-10,Q1_2008,10-Q,-14,medium,negative,28.301886792452834
AON,2008-08-09,Q2_2008,10-Q,39,medium,negative,nan
AON,2008-11-08,Q3_2008,10-Q,-22,medium,negative,-29.824561403508763
AON,2006-03-10,FY2005,10-K,-100,medium,negative,36.17021276595745
AON,2009-05-09,Q1_2009,10-Q,-4,medium,negative,-4.0000000000000036
AON,2009-08-08,Q2_2009,10-Q,-43,medium,negative,-27.777777777777775
AON,2008-02-29,FY2007,10-K,-83,medium,negative,3.174603174603177
AON,2009-11-04,Q3_2009,10-Q,-97,medium,negative,-38.80597014925374
AON,2010-05-05,Q1_2010,10-Q,-93,medium,negative,-20.253164556962027
AON,2009-03-03,FY2008,10-K,-101,medium,negative,-102.77333333333334
AON,2010-08-07,Q2_2010,10-Q,53,medium,negative,-21.7391304347826
AON,2011-05-06,Q1_2011,10-Q,-2,medium,negative,-11.25000000000001
AON,2010-11-05,Q3_2010,10-Q,-33,medium,negative,-28.169014084507037
AON,2007-03-02,FY2006,10-K,-93,medium,negative,16.94915254237288
AON,2010-02-27,FY2009,10-K,-76,medium,negative,6.060606060606049
AON,2011-08-05,Q2_2011,10-Q,-13,medium,negative,-7.407407407407414
AON,2011-11-05,Q3_2011,10-Q,4,medium,negative,-23.37662337662338
AON,2012-05-09,Q1_2012,10-Q,47,medium,negative,-37.71929824561403
AON,2011-02-26,FY2010,10-K,-2,medium,negative,-16.25
AON,2012-08-09,Q2_2012,10-Q,-12,medium,negative,-27.0
AON,2012-11-01,Q3_2012,10-Q,24,medium,negative,-25.301204819277107
AON,2013-05-02,Q1_2013,10-Q,35,medium,negative,-24.77064220183487
AON,2012-02-25,FY2011,10-K,24,medium,negative,-13.684210526315791
AON,2013-10-26,Q3_2013,10-Q,155,medium,negative,-20.388349514563114
AON,2014-04-26,Q1_2014,10-Q,24,medium,negative,-1.8518518518518534
AON,2013-07-27,Q2_2013,10-Q,56,medium,negative,-31.531531531531538
AON,2013-02-23,FY2012,10-K,-27,medium,negative,-25.599999999999994
AON,2014-07-26,Q2_2014,10-Q,70,medium,negative,-12.173913043478253
AON,2014-11-01,Q3_2014,10-Q,-56,medium,negative,9.473684210526324
AON,2015-05-02,Q1_2015,10-Q,-57,medium,negative,-4.201680672268911
AON,2015-08-01,Q2_2015,10-Q,-81,medium,negative,-51.181102362204726
AON,2015-10-31,Q3_2015,10-Q,-104,medium,negative,-16.129032258064512
AON,2016-04-30,Q1_2016,10-Q,1,medium,negative,-9.160305343511459
AON,2014-02-19,FY2013,10-K,-71,medium,negative,-22.97297297297298
AON,2016-07-30,Q2_2016,10-Q,-50,medium,negative,-27.338129496402875
AON,2015-02-25,FY2014,10-K,-74,medium,negative,-14.754098360655737
AON,2016-10-29,Q3_2016,10-Q,-91,medium,negative,-5.600000000000005
AON,2017-05-10,Q1_2017,10-Q,-123,medium,negative,-3.5398230088495417
AON,2016-02-23,FY2015,10-K,-40,medium,negative,9.424083769633505
AON,2017-08-05,Q2_2017,10-Q,-63,medium,negative,102.06896551724141
AON,2018-05-05,Q1_2018,10-Q,-151,medium,negative,-10.56603773584905
AON,2017-10-28,Q3_2017,10-Q,-80,medium,negative,-43.30708661417323
AON,2017-02-24,FY2016,10-K,8,medium,negative,-22.72727272727272
AON,2018-07-28,Q2_2018,10-Q,-70,medium,negative,-87.89808917197452
AON,2018-10-27,Q3_2018,10-Q,-60,medium,negative,-47.368421052631575
AON,2019-04-27,Q1_2019,10-Q,-102,medium,negative,-18.264544370243442
AON,2019-07-27,Q2_2019,10-Q,-110,medium,negative,-39.0070997875949
AON,2020-10-31,Q3_2020,10-Q,-48,medium,negative,-20.775593511655398
AON,2020-08-01,Q2_2020,10-Q,-64,medium,negative,-11.91299076122721
AON,2019-10-26,Q3_2019,10-Q,-150,medium,negative,-35.00594031728283
AON,2018-02-21,FY2017,10-K,-45,medium,negative,-103.40425531914894
AON,2020-05-02,Q1_2020,10-Q,-43,medium,negative,-10.107324750267765
AON,2021-05-01,Q1_2021,10-Q,-18,medium,negative,-1.1796677166326908
AON,2021-07-31,Q2_2021,10-Q,-85,medium,negative,-10.560344827586215
AON,2021-10-30,Q3_2021,10-Q,-144,medium,negative,nan
AON,2022-04-30,Q1_2022,10-Q,-101,medium,negative,-1.6907936441954874
AON,2022-07-30,Q2_2022,10-Q,-69,medium,negative,-8.589811491006099
AON,2021-02-20,FY2020,10-K,27,medium,negative,-7.7036922589013095
AON,2022-10-29,Q3_2022,10-Q,-104,medium,negative,-3.751679332678311
AON,2020-02-15,FY2019,10-K,-144,medium,negative,-35.995592607896036
AON,2019-02-20,FY2018,10-K,-68,medium,negative,-32.85714285714286
AON,2022-02-19,FY2021,10-K,133,medium,negative,15.301720952096574
AON,2023-07-29,Q2_2023,10-Q,-23,medium,negative,-4.2893217256176115
AON,2023-10-28,Q3_2023,10-Q,75,medium,negative,0.8999552058494911
AON,2023-04-29,Q1_2023,10-Q,-85,medium,negative,-4.52984242716398
AON,2024-04-27,Q1_2024,10-Q,-54,medium,negative,-9.20384500502349
AON,2023-02-18,FY2022,10-K,129,medium,negative,-14.406199826086475
AON,2024-07-27,Q2_2024,10-Q,-8,medium,negative,-20.29729755999572
AON,2024-10-26,Q3_2024,10-Q,-6,medium,negative,-36.62762066989045
AON,2025-04-26,Q1_2025,10-Q,-20,medium,negative,-26.32261712708101
AON,2025-07-26,Q2_2025,10-Q,-60,medium,negative,-21.696305301984374
AON,2024-02-17,FY2023,10-K,134,medium,negative,-39.340357081460745
APH,2006-05-09,Q1_2006,10-Q,-5,medium,negative,-71.85714285714286
APH,2006-08-05,Q2_2006,10-Q,-28,medium,negative,-78.64705882352942
APH,2006-11-04,Q3_2006,10-Q,-21,medium,negative,-73.52941176470587
APH,2007-05-05,Q1_2007,10-Q,-51,medium,negative,-69.44444444444444
APH,2007-08-04,Q2_2007,10-Q,-65,medium,negative,-71.42857142857143
APH,2006-03-17,FY2005,10-K,155,medium,negative,-74.53333333333333
AON,2025-11-01,Q3_2025,10-Q,-121,medium,negative,-27.398598896183447
AON,2025-02-19,FY2024,10-K,168,medium,negative,-22.888484523624815
APH,2007-11-03,Q3_2007,10-Q,9,medium,negative,-69.04761904761905
APH,2008-08-09,Q2_2008,10-Q,46,medium,negative,-72.22222222222221
APH,2008-05-10,Q1_2008,10-Q,179,medium,positive,-72.0
APH,2009-05-07,Q1_2009,10-Q,52,medium,negative,-69.44444444444444
APH,2008-11-07,Q3_2008,10-Q,189,medium,negative,-71.42857142857143
APH,2007-02-22,FY2006,10-K,140,medium,positive,-71.05263157894737
APH,2009-08-07,Q2_2009,10-Q,67,medium,negative,-72.50000000000001
APH,2009-10-27,Q3_2009,10-Q,100,medium,negative,-70.0
APH,2009-02-24,FY2008,10-K,141,medium,negative,-68.18181818181817
APH,2008-02-27,FY2007,10-K,98,medium,positive,-70.83333333333333
APH,2010-05-07,Q1_2010,10-Q,82,medium,negative,-68.18181818181817
APH,2010-08-07,Q2_2010,10-Q,145,medium,negative,-66.07142857142857
APH,2011-05-10,Q1_2011,10-Q,171,medium,positive,-75.00000000000001
APH,2010-11-06,Q3_2010,10-Q,131,medium,negative,-67.74193548387096
APH,2010-02-24,FY2009,10-K,71,medium,negative,-74.0
APH,2012-05-05,Q1_2012,10-Q,97,medium,negative,-74.32432432432434
APH,2011-08-06,Q2_2011,10-Q,176,medium,positive,-71.05263157894737
APH,2011-11-05,Q3_2011,10-Q,102,medium,negative,-72.97297297297298
APH,2011-03-01,FY2010,10-K,127,medium,negative,-72.85714285714286
APH,2012-08-04,Q2_2012,10-Q,23,medium,negative,-73.17073170731707
APH,2012-11-03,Q3_2012,10-Q,3,medium,negative,-72.09302325581396
APH,2013-05-04,Q1_2013,10-Q,32,medium,negative,-71.42857142857143
APH,2012-02-25,FY2011,10-K,129,medium,negative,-74.24242424242425
APH,2013-08-03,Q2_2013,10-Q,68,medium,negative,-73.91304347826087
APH,2013-11-02,Q3_2013,10-Q,62,medium,negative,-72.34042553191489
APH,2014-05-08,Q1_2014,10-Q,24,medium,negative,-71.73913043478261
APH,2014-08-07,Q2_2014,10-Q,71,medium,negative,-72.54901960784314
APH,2013-02-23,FY2012,10-K,196,medium,negative,-74.4186046511628
APH,2015-05-09,Q1_2015,10-Q,128,medium,negative,-74.54545454545455
APH,2015-08-08,Q2_2015,10-Q,121,medium,positive,-75.86206896551724
APH,2014-11-06,Q3_2014,10-Q,113,medium,negative,-75.0
APH,2015-11-06,Q3_2015,10-Q,41,medium,negative,-73.84615384615384
APH,2014-02-22,FY2013,10-K,219,medium,negative,-71.11111111111111
APH,2016-08-05,Q2_2016,10-Q,148,medium,positive,-72.13114754098359
APH,2016-05-06,Q1_2016,10-Q,157,medium,negative,-75.47169811320755
APH,2015-02-21,FY2014,10-K,223,medium,positive,-70.9090909090909
APH,2016-11-04,Q3_2016,10-Q,107,medium,positive,-72.3076923076923
APH,2017-05-05,Q1_2017,10-Q,142,medium,negative,-71.42857142857143
APH,2016-02-20,FY2015,10-K,213,medium,positive,-70.9090909090909
APH,2017-08-04,Q2_2017,10-Q,98,medium,positive,-68.25396825396825
APH,2017-11-03,Q3_2017,10-Q,109,medium,positive,-68.57142857142857
APH,2018-05-04,Q1_2018,10-Q,81,medium,negative,-72.72727272727273
APH,2017-02-18,FY2016,10-K,191,medium,negative,-72.46376811594203
APH,2018-08-01,Q2_2018,10-Q,36,medium,negative,-71.25
APH,2019-04-27,Q1_2019,10-Q,26,medium,negative,-0.11804231362935177
APH,2018-10-27,Q3_2018,10-Q,46,medium,negative,-70.11494252873564
APH,2018-02-22,FY2017,10-K,100,medium,negative,-111.45070422535213
APH,2019-07-27,Q2_2019,10-Q,4,medium,negative,3.492884864165587
APH,2020-04-25,Q1_2020,10-Q,100,medium,negative,8.418713069875869
APH,2019-10-26,Q3_2019,10-Q,133,medium,negative,5.611167232987422
APH,2019-02-14,FY2018,10-K,32,medium,negative,-69.23076923076923
APH,2020-10-24,Q3_2020,10-Q,-8,medium,negative,27.801360171618978
APH,2020-07-25,Q2_2020,10-Q,-93,medium,negative,34.693092168558785
APH,2021-05-01,Q1_2021,10-Q,7,medium,negative,14.309906858594424
APH,2020-02-13,FY2019,10-K,-100,medium,negative,14.381241476397868
APH,2021-10-30,Q3_2021,10-Q,-3,medium,negative,8.321651586593614
APH,2022-04-30,Q1_2022,10-Q,-41,medium,negative,10.95881469877945
APH,2021-07-31,Q2_2021,10-Q,1,medium,negative,8.291520773923398
APH,2022-07-30,Q2_2022,10-Q,-8,medium,negative,12.459307487422324
APH,2021-02-11,FY2020,10-K,-26,medium,negative,9.722167796543774
APH,2022-10-29,Q3_2022,10-Q,14,medium,negative,6.780565936999475
APH,2023-04-29,Q1_2023,10-Q,-23,medium,negative,7.716705065677262
APH,2022-02-10,FY2021,10-K,-148,medium,negative,16.575821544472095
APH,2023-07-29,Q2_2023,10-Q,52,medium,negative,8.842736953580035
APH,2023-10-28,Q3_2023,10-Q,1,medium,negative,13.461382607990918
APH,2024-04-27,Q1_2024,10-Q,-12,medium,negative,19.77677963794746
APH,2024-07-27,Q2_2024,10-Q,33,medium,negative,0.32790094455047036
APH,2023-02-09,FY2022,10-K,-2,medium,negative,9.590505720089801
APH,2025-04-26,Q1_2025,10-Q,-3,medium,negative,10.824496035158113
APH,2024-10-26,Q3_2024,10-Q,16,medium,negative,6.276984390567915
APH,2024-02-08,FY2023,10-K,-50,medium,negative,9.57474563005479
APH,2025-07-26,Q2_2025,10-Q,175,medium,negative,29.007095390246473
APH,2025-10-25,Q3_2025,10-Q,136,medium,negative,22.29562761611781
APH,2025-02-08,FY2024,10-K,-72,medium,negative,17.59781547108887
BAC,2006-05-10,Q1_2006,10-Q,-58,medium,negative,-26.08695652173913
BAC,2007-05-10,Q1_2007,10-Q,-159,medium,negative,-36.28318584070796
BAC,2006-08-09,Q2_2006,10-Q,-64,medium,negative,-23.46938775510204
BAC,2007-08-09,Q2_2007,10-Q,-124,medium,negative,-29.464285714285715
BAC,2006-11-09,Q3_2006,10-Q,-51,medium,negative,-31.481481481481488
BAC,2007-03-01,FY2006,10-K,-109,medium,negative,-38.46153846153846
BAC,2007-11-10,Q3_2007,10-Q,-193,medium,negative,-61.53846153846154
BAC,2008-05-09,Q1_2008,10-Q,-91,medium,negative,-67.9245283018868
BAC,2008-02-29,FY2007,10-K,-135,medium,negative,-86.92857142857143
BAC,2008-08-08,Q2_2008,10-Q,-74,medium,negative,38.23529411764704
BAC,2008-11-07,Q3_2008,10-Q,-94,medium,negative,-83.67346938775509
BAC,2009-05-08,Q1_2009,10-Q,-52,medium,negative,41.935483870967744
BAC,2009-02-28,FY2008,10-K,-106,medium,negative,-182.7586206896552
BAC,2009-08-08,Q2_2009,10-Q,-42,medium,negative,43.47826086956522
BAC,2009-11-07,Q3_2009,10-Q,-27,medium,negative,-62.5
BAC,2010-05-08,Q1_2010,10-Q,-45,medium,negative,180.0
BAC,2010-08-07,Q2_2010,10-Q,-35,medium,negative,58.82352941176471
BAC,2010-02-27,FY2009,10-K,-105,medium,negative,-36.36363636363636
BAC,2010-11-06,Q3_2010,10-Q,-101,medium,negative,nan
BAC,2011-05-06,Q1_2011,10-Q,-101,medium,negative,-54.05405405405405
BAC,2006-03-17,FY2005,10-K,-55,medium,negative,-58.18181818181819
BAC,2011-08-05,Q2_2011,10-Q,-92,medium,negative,0.0
BAC,2011-02-26,FY2010,10-K,-82,medium,negative,-172.72727272727272
BAC,2012-05-04,Q1_2012,10-Q,-129,medium,negative,-76.92307692307693
BAC,2013-05-08,Q1_2013,10-Q,-101,medium,negative,-16.66666666666666
BAC,2011-11-04,Q3_2011,10-Q,-67,medium,negative,nan
BAC,2012-08-03,Q2_2012,10-Q,-120,medium,negative,72.72727272727273
BAC,2012-11-03,Q3_2012,10-Q,-124,medium,negative,97.93333333333334
BAC,2013-08-02,Q2_2013,10-Q,-64,medium,negative,77.77777777777779
BAC,2012-02-24,FY2011,10-K,-154,medium,negative,0.0
BAC,2014-05-02,Q1_2014,10-Q,-60,medium,negative,-183.33333333333334
BAC,2013-03-01,FY2012,10-K,-183,medium,negative,199.99999999999994
BAC,2013-10-31,Q3_2013,10-Q,13,medium,negative,25.000000000000007
BAC,2014-07-30,Q2_2014,10-Q,-81,medium,negative,-47.22222222222222
BAC,2015-04-30,Q1_2015,10-Q,-14,medium,negative,-12.903225806451607
BAC,2014-11-07,Q3_2014,10-Q,-80,medium,negative,93.33333333333333
BAC,2014-02-26,FY2013,10-K,-233,medium,negative,26.08695652173912
BAC,2015-07-30,Q2_2015,10-Q,-78,medium,negative,66.66666666666666
BAC,2016-05-03,Q1_2016,10-Q,-60,medium,negative,33.33333333333336
BAC,2015-10-31,Q3_2015,10-Q,-117,medium,negative,27.58620689655173
BAC,2015-02-26,FY2014,10-K,-175,medium,negative,-32.432432432432435
BAC,2016-11-02,Q3_2016,10-Q,-51,medium,negative,51.85185185185184
BAC,2016-08-02,Q2_2016,10-Q,-46,medium,negative,20.0
BAC,2017-05-03,Q1_2017,10-Q,101,medium,negative,41.37931034482759
BAC,2016-02-25,FY2015,10-K,-218,medium,negative,21.739130434782613
BAC,2018-05-01,Q1_2018,10-Q,137,medium,negative,10.714285714285703
BAC,2019-02-27,FY2018,10-K,-189,medium,negative,24.999999999999982
BAC,2017-08-01,Q2_2017,10-Q,15,medium,negative,15.0
BAC,2017-02-24,FY2016,10-K,-175,medium,negative,11.111111111111121
BAC,2017-10-31,Q3_2017,10-Q,-89,medium,negative,14.285714285714285
BAC,2019-04-27,Q1_2019,10-Q,-17,medium,negative,6.814783165990161
BAC,2020-05-02,Q1_2020,10-Q,26,medium,negative,-16.572811079130684
BAC,2019-07-30,Q2_2019,10-Q,0,medium,negative,4.494683479955381
BAC,2019-10-29,Q3_2019,10-Q,100,medium,negative,4.4016480545871515
BAC,2020-02-20,FY2019,10-K,-172,medium,negative,8.256773362982042
BAC,2018-07-31,Q2_2018,10-Q,0,medium,negative,23.52941176470588
BAC,2018-02-23,FY2017,10-K,-146,medium,negative,-50.0
BAC,2020-10-31,Q3_2020,10-Q,25,medium,negative,3.3979401508393474
BAC,2018-10-30,Q3_2018,10-Q,141,medium,negative,13.793103448275875
BAC,2021-04-30,Q1_2021,10-Q,105,medium,negative,30.709020442282842
BAC,2020-08-01,Q2_2020,10-Q,54,medium,negative,30.451644748439872
BAC,2021-02-25,FY2020,10-K,-168,medium,negative,7.499453392609863
BAC,2021-07-31,Q2_2021,10-Q,106,medium,negative,33.66381603706252
BAC,2021-10-30,Q3_2021,10-Q,102,medium,negative,19.920993227990973
BAC,2022-04-30,Q1_2022,10-Q,47,medium,negative,6.883283454467723
BAC,2022-10-29,Q3_2022,10-Q,92,medium,negative,4.15729036737949
BAC,2022-07-30,Q2_2022,10-Q,45,medium,negative,-2.658879377016837
BAC,2023-05-02,Q1_2023,10-Q,113,medium,negative,16.410110341923726
BAC,2022-02-23,FY2021,10-K,-239,medium,negative,7.161526398327229
BAC,2023-02-23,FY2022,10-K,-229,medium,negative,10.21927151545014
BAC,2023-08-01,Q2_2023,10-Q,100,medium,negative,4.779367989903073
BAC,2023-11-01,Q3_2023,10-Q,43,medium,negative,8.846828324363555
BAC,2024-05-01,Q1_2024,10-Q,178,medium,negative,-0.09727370717984632
BAC,2024-02-21,FY2023,10-K,-230,medium,negative,-34.36105172349125
BAC,2024-07-31,Q2_2024,10-Q,115,medium,negative,4.191511530108826
BLDR,2006-05-05,Q1_2006,10-Q,93,medium,positive,122.72727272727273
BLDR,2006-11-03,Q3_2006,10-Q,-9,medium,negative,-47.61904761904761
BLDR,2006-03-14,FY2005,10-K,15,medium,negative,24.999999999999993
BAC,2024-10-30,Q3_2024,10-Q,99,medium,negative,6.403940886699516
BLDR,2006-08-04,Q2_2006,10-Q,229,medium,negative,1.4084507042253533
BAC,2025-05-01,Q1_2025,10-Q,199,medium,negative,10.204981265153181
BLDR,2007-05-04,Q1_2007,10-Q,92,medium,negative,-96.16666666666667
BLDR,2007-11-02,Q3_2007,10-Q,-28,medium,negative,-142.46575342465755
BLDR,2008-05-02,Q1_2008,10-Q,2,medium,negative,-156.24999999999997
BLDR,2007-08-03,Q2_2007,10-Q,34,medium,negative,-8.69565217391305
BLDR,2008-08-01,Q2_2008,10-Q,-22,medium,negative,nan
BLDR,2008-10-31,Q3_2008,10-Q,-45,medium,negative,-6.66666666666666
BLDR,2009-04-30,Q1_2009,10-Q,1,medium,negative,-25.80645161290323
BLDR,2007-03-13,FY2006,10-K,100,medium,negative,-79.16666666666667
BAC,2025-02-26,FY2024,10-K,-100,medium,negative,6.597335066623329
BLDR,2009-08-01,Q2_2009,10-Q,-11,medium,negative,4.9180327868852505
BLDR,2009-10-29,Q3_2009,10-Q,84,medium,negative,0.0
BLDR,2008-03-06,FY2007,10-K,0,medium,negative,-89.28571428571428
BLDR,2010-04-30,Q1_2010,10-Q,15,medium,negative,-123.52941176470587
BAC,2025-08-01,Q2_2025,10-Q,52,medium,negative,3.454689170967588
BLDR,2010-07-29,Q2_2010,10-Q,103,medium,negative,-25.000000000000007
BLDR,2010-10-29,Q3_2010,10-Q,-38,medium,negative,-29.411764705882344
BAC,2025-11-01,Q3_2025,10-Q,25,medium,negative,11.380806775315493
BLDR,2011-04-29,Q1_2011,10-Q,-4,medium,negative,-4.761904761904766
BLDR,2011-07-30,Q2_2011,10-Q,121,medium,negative,-14.285714285714276
BLDR,2011-10-29,Q3_2011,10-Q,122,medium,negative,-71.4285714285714
BLDR,2009-03-03,FY2008,10-K,-56,medium,negative,-135.9375
BLDR,2012-05-05,Q1_2012,10-Q,129,medium,negative,-17.64705882352941
BLDR,2012-11-01,Q3_2012,10-Q,50,medium,negative,nan
BLDR,2013-05-04,Q1_2013,10-Q,35,medium,negative,7.692307692307699
BLDR,2012-08-02,Q2_2012,10-Q,102,medium,negative,nan
BLDR,2010-03-05,FY2009,10-K,0,medium,negative,117.02127659574468
BLDR,2013-11-02,Q3_2013,10-Q,29,medium,negative,nan
BLDR,2013-08-03,Q2_2013,10-Q,6,medium,negative,nan
BLDR,2011-03-04,FY2010,10-K,0,medium,negative,-23.80952380952382
BLDR,2014-05-03,Q1_2014,10-Q,89,medium,negative,nan
BLDR,2014-08-02,Q2_2014,10-Q,65,medium,negative,-47.05882352941177
BLDR,2014-11-06,Q3_2014,10-Q,31,medium,negative,-46.15384615384615
BLDR,2013-03-02,FY2012,10-K,20,medium,negative,-62.5
BLDR,2012-03-03,FY2011,10-K,0,medium,negative,-28.57142857142855
BLDR,2015-08-08,Q2_2015,10-Q,11,medium,negative,-40.00000000000001
BLDR,2015-05-12,Q1_2015,10-Q,53,medium,negative,nan
BLDR,2016-05-07,Q1_2016,10-Q,142,medium,negative,-15.384615384615378
BLDR,2014-03-01,FY2013,10-K,-1,medium,negative,nan
BLDR,2016-08-06,Q2_2016,10-Q,136,medium,negative,-36.58536585365853
BLDR,2015-11-10,Q3_2015,10-Q,114,medium,negative,-148.64705882352942
BLDR,2015-03-04,FY2014,10-K,0,medium,negative,-66.66666666666666
BLDR,2016-11-05,Q3_2016,10-Q,175,medium,negative,nan
BLDR,2017-05-10,Q1_2017,10-Q,184,medium,negative,0.0
BLDR,2017-08-05,Q2_2017,10-Q,208,medium,negative,6.451612903225811
BLDR,2018-05-11,Q1_2018,10-Q,69,medium,negative,81.81818181818183
BLDR,2017-11-10,Q3_2017,10-Q,-43,medium,negative,-8.1081081081081
BLDR,2018-08-09,Q2_2018,10-Q,-9,medium,negative,-9.259259259259267
BLDR,2018-11-03,Q3_2018,10-Q,43,medium,negative,18.867924528301884
BLDR,2017-03-02,FY2016,10-K,111,medium,negative,-20.000000000000007
BLDR,2016-03-12,FY2015,10-K,0,medium,negative,-148.64705882352942
BLDR,2018-03-02,FY2017,10-K,-23,medium,negative,nan
BLDR,2019-05-04,Q1_2019,10-Q,168,medium,positive,38.38050174091599
BLDR,2019-08-03,Q2_2019,10-Q,164,medium,negative,17.93184780584693
BLDR,2019-03-02,FY2018,10-K,82,medium,negative,18.42105263157895
BLDR,2020-05-02,Q1_2020,10-Q,109,medium,negative,-75.29801324503312
BLDR,2019-11-02,Q3_2019,10-Q,67,medium,negative,12.69026995206459
BLDR,2020-08-01,Q2_2020,10-Q,164,medium,negative,84.57300275482096
BLDR,2021-05-07,Q1_2021,10-Q,17,medium,negative,15.145041133138188
BLDR,2020-10-31,Q3_2020,10-Q,155,medium,negative,13.35403726708074
BLDR,2020-02-22,FY2019,10-K,3,medium,negative,-1.3584352629502412
BLDR,2021-08-06,Q2_2021,10-Q,61,medium,negative,24.558962251859263
BLDR,2022-05-11,Q1_2022,10-Q,117,medium,negative,76.25071168651138
BLDR,2021-11-05,Q3_2021,10-Q,57,medium,negative,83.15581150931452
BLDR,2021-02-27,FY2020,10-K,34,medium,negative,28.921573984024125
BLDR,2022-08-02,Q2_2022,10-Q,-138,medium,negative,82.3949246629659
BLDR,2022-11-09,Q3_2022,10-Q,-150,medium,negative,42.95535976594088
BLDR,2023-05-04,Q1_2023,10-Q,-51,medium,negative,57.27887960008092
BLDR,2023-08-03,Q2_2023,10-Q,-76,medium,negative,23.45727245379143
BLDR,2023-11-02,Q3_2023,10-Q,-5,medium,negative,-7.359142026951006
BLDR,2022-03-02,FY2021,10-K,35,medium,negative,23.35723936110562
BLDR,2024-05-08,Q1_2024,10-Q,-100,medium,negative,-8.603460882281261
BLDR,2024-08-07,Q2_2024,10-Q,-27,medium,negative,-5.06025531182909
BLDR,2024-11-06,Q3_2024,10-Q,190,medium,negative,-18.0159868825579
BLDR,2023-03-01,FY2022,10-K,140,medium,negative,8.121401253360236
BLDR,2025-05-02,Q1_2025,10-Q,36,medium,negative,-39.319950011196916
BLDR,2024-02-23,FY2023,10-K,104,medium,negative,10.828110206029871
BLDR,2025-08-01,Q2_2025,10-Q,-6,medium,negative,-25.66087926162445
BLDR,2025-10-31,Q3_2025,10-Q,30,medium,negative,-32.65869590503651
BLDR,2025-02-21,FY2024,10-K,117,medium,negative,-23.134974983928224
BMY,2007-05-11,Q1_2007,10-Q,-90,medium,negative,84.21052631578945
BMY,2006-11-03,Q3_2006,10-Q,-110,medium,negative,-5.555555555555546
BMY,2006-05-09,Q1_2006,10-Q,-164,medium,negative,12.499999999999993
BMY,2007-10-26,Q3_2007,10-Q,-21,medium,negative,19.444444444444446
BMY,2006-08-09,Q2_2006,10-Q,-117,medium,negative,13.793103448275875
BMY,2007-08-02,Q2_2007,10-Q,6,medium,negative,0.0
BMY,2008-04-25,Q1_2008,10-Q,18,medium,negative,-17.5
BMY,2009-04-29,Q1_2009,10-Q,85,medium,negative,-30.434782608695656
BMY,2008-07-25,Q2_2008,10-Q,-87,medium,negative,2.7027027027027053
BMY,2007-02-27,FY2006,10-K,-20,medium,negative,-152.53846153846155
BMY,2008-10-24,Q3_2008,10-Q,-79,medium,negative,nan
BMY,2009-07-24,Q2_2009,10-Q,0,medium,negative,28.947368421052627
BMY,2006-03-15,FY2005,10-K,-79,medium,negative,0.0
BMY,2010-04-30,Q1_2010,10-Q,8,medium,negative,-6.521739130434788
BMY,2008-02-23,FY2007,10-K,39,medium,negative,-113.63636363636363
BMY,2010-07-23,Q2_2010,10-Q,-100,medium,negative,3.8461538461538494
BMY,2009-10-23,Q3_2009,10-Q,100,medium,negative,-2.0000000000000018
BMY,2011-04-29,Q1_2011,10-Q,-3,medium,negative,20.83333333333333
BMY,2010-10-27,Q3_2010,10-Q,31,medium,negative,17.0212765957447
BMY,2009-02-21,FY2008,10-K,12,medium,negative,75.00000000000001
BMY,2011-07-29,Q2_2011,10-Q,-2,medium,negative,-3.703703703703707
BMY,2011-10-28,Q3_2011,10-Q,24,medium,negative,3.636363636363619
BMY,2012-04-27,Q1_2012,10-Q,3,medium,negative,4.8387096774193585
BMY,2012-07-26,Q2_2012,10-Q,122,medium,negative,-20.83333333333333
BMY,2013-04-26,Q1_2013,10-Q,-33,medium,negative,-9.756097560975606
BMY,2010-02-20,FY2009,10-K,140,medium,negative,nan
BMY,2012-10-25,Q3_2012,10-Q,-7,medium,negative,-200.0
BMY,2011-02-19,FY2010,10-K,46,medium,negative,-42.85714285714285
BMY,2013-07-26,Q2_2013,10-Q,161,medium,positive,-27.27272727272727
BMY,2014-04-30,Q1_2014,10-Q,169,medium,positive,40.00000000000001
BMY,2012-02-18,FY2011,10-K,136,medium,negative,-12.280701754385957
BMY,2013-10-24,Q3_2013,10-Q,172,medium,positive,0.0
BMY,2014-07-25,Q2_2014,10-Q,213,medium,positive,-50.0
BMY,2015-04-29,Q1_2015,10-Q,107,medium,positive,129.03225806451613
BMY,2014-10-25,Q3_2014,10-Q,123,medium,positive,10.25641025641025
BMY,2013-02-16,FY2012,10-K,95,medium,negative,43.5897435897436
BMY,2016-04-29,Q1_2016,10-Q,130,medium,positive,26.785714285714267
BMY,2015-07-24,Q2_2015,10-Q,166,medium,positive,-137.14285714285714
BMY,2015-10-28,Q3_2015,10-Q,236,medium,positive,35.48387096774193
BMY,2017-04-28,Q1_2017,10-Q,150,medium,positive,46.874999999999986
BMY,2016-07-29,Q2_2016,10-Q,63,medium,negative,6.153846153846142
BMY,2016-10-28,Q3_2016,10-Q,123,medium,positive,35.84905660377357
BMY,2017-07-28,Q2_2017,10-Q,113,medium,positive,-24.324324324324316
BMY,2017-10-27,Q3_2017,10-Q,104,medium,neutral,-35.44303797468354
BMY,2018-04-27,Q1_2018,10-Q,103,medium,negative,19.73684210526316
BMY,2018-07-27,Q2_2018,10-Q,160,medium,positive,-68.4931506849315
BMY,2014-02-15,FY2013,10-K,131,medium,positive,25.714285714285722
BMY,2015-02-14,FY2014,10-K,114,medium,negative,-97.83333333333334
BMY,2018-10-26,Q3_2018,10-Q,191,medium,positive,58.904109589041084
BMY,2019-04-26,Q1_2019,10-Q,57,medium,negative,-4.3115028614540885
BMY,2016-02-13,FY2015,10-K,127,medium,positive,-166.66666666666669
BMY,2019-07-26,Q2_2019,10-Q,124,medium,negative,-18.315995042625907
BMY,2017-02-22,FY2016,10-K,42,medium,negative,-25.352112676056333
BMY,2019-11-01,Q3_2019,10-Q,-9,medium,negative,-22.722405847027606
BMY,2020-05-08,Q1_2020,10-Q,127,medium,negative,-122.8766745389341
BMY,2018-02-14,FY2017,10-K,105,medium,negative,nan
BMY,2020-08-07,Q2_2020,10-Q,33,medium,negative,-102.5338634678887
BMY,2020-11-06,Q3_2020,10-Q,184,medium,negative,-44.96311857763221
BMY,2021-04-30,Q1_2021,10-Q,152,medium,positive,-50.69689113430389
BMY,2019-02-26,FY2018,10-K,177,medium,positive,-3.947368421052635
BMY,2020-02-25,FY2019,10-K,181,medium,negative,-137.00638528356984
BMY,2021-07-29,Q2_2021,10-Q,126,medium,positive,-75.08164736819782
BMY,2021-10-28,Q3_2021,10-Q,-30,medium,negative,-64.03796340211291
BMY,2022-04-30,Q1_2022,10-Q,63,medium,negative,-69.17949548401252
BMY,2021-02-11,FY2020,10-K,187,medium,negative,nan
BMY,2022-07-28,Q2_2022,10-Q,112,medium,negative,-62.729131136987384
BMY,2023-04-28,Q1_2023,10-Q,134,medium,negative,-45.743116474823786
BMY,2022-02-10,FY2021,10-K,80,medium,negative,-40.42913293767885
BMY,2022-10-27,Q3_2022,10-Q,69,medium,negative,-58.97536881143439
BMY,2023-07-28,Q2_2023,10-Q,-35,medium,negative,-49.531766948914935
BMY,2023-10-27,Q3_2023,10-Q,126,medium,negative,-47.28399190554198
BMY,2024-04-26,Q1_2024,10-Q,202,medium,positive,-33.491680000725246
BMY,2024-07-27,Q2_2024,10-Q,126,medium,positive,-48.754360509986725
BMY,2023-02-15,FY2022,10-K,99,medium,negative,-44.97825193010501
BMY,2024-11-01,Q3_2024,10-Q,136,medium,negative,-59.84446422476392
BMY,2025-04-25,Q1_2025,10-Q,135,medium,negative,-19.710959454034523
BMY,2024-02-14,FY2023,10-K,60,medium,negative,119.71778634985246
BMY,2025-08-01,Q2_2025,10-Q,55,medium,negative,-41.35381062778913
BMY,2025-10-31,Q3_2025,10-Q,71,medium,negative,-28.83218893735914
BMY,2025-02-13,FY2024,10-K,53,medium,negative,-97.58769382162602
BXP,2006-05-11,Q1_2006,10-Q,-29,medium,negative,28.260869565217376
BXP,2006-08-10,Q2_2006,10-Q,-73,medium,negative,nan
BXP,2007-05-11,Q1_2007,10-Q,-36,medium,negative,nan
BXP,2006-11-10,Q3_2006,10-Q,-36,medium,negative,44.44444444444445
BXP,2007-08-10,Q2_2007,10-Q,-80,medium,negative,55.555555555555536
BXP,2007-11-10,Q3_2007,10-Q,-57,medium,negative,184.2857142857143
BXP,2008-05-13,Q1_2008,10-Q,-80,medium,negative,11.111111111111104
BXP,2008-11-11,Q3_2008,10-Q,-8,medium,negative,-50.70422535211267
BXP,2007-03-02,FY2006,10-K,-75,medium,negative,-4.687500000000004
BXP,2008-08-12,Q2_2008,10-Q,-54,medium,negative,-8.823529411764714
BXP,2009-05-12,Q1_2009,10-Q,41,medium,negative,-44.776119402985074
BXP,2009-08-07,Q2_2009,10-Q,-11,medium,negative,8.163265306122456
BXP,2008-03-01,FY2007,10-K,-70,medium,negative,38.66666666666667
BXP,2006-03-17,FY2005,10-K,-20,medium,negative,nan
BXP,2010-05-07,Q1_2010,10-Q,-22,medium,negative,11.764705882352935
BXP,2009-11-06,Q3_2009,10-Q,-13,medium,negative,104.3478260869565
BXP,2010-08-07,Q2_2010,10-Q,23,medium,negative,175.00000000000003
BXP,2009-03-03,FY2008,10-K,-90,medium,negative,-142.61363636363635
BXP,2010-11-06,Q3_2010,10-Q,60,medium,negative,86.36363636363636
BXP,2011-05-10,Q1_2011,10-Q,69,medium,negative,-49.122807017543856
BXP,2011-08-09,Q2_2011,10-Q,63,medium,negative,32.258064516129025
BXP,2011-11-09,Q3_2011,10-Q,72,medium,negative,71.4285714285714
BXP,2010-02-26,FY2009,10-K,-55,medium,negative,11.764705882352935
BXP,2012-05-09,Q1_2012,10-Q,50,medium,negative,6.451612903225811
BXP,2012-08-09,Q2_2012,10-Q,3,medium,negative,168.96551724137933
BXP,2012-11-09,Q3_2012,10-Q,-11,medium,negative,100.0
BXP,2011-02-26,FY2010,10-K,18,medium,negative,-111.62337662337663
BXP,2013-05-11,Q1_2013,10-Q,-89,medium,negative,-32.60869565217392
BXP,2012-02-29,FY2011,10-K,-21,medium,negative,nan
BXP,2013-08-10,Q2_2013,10-Q,71,medium,negative,nan
BXP,2013-11-09,Q3_2013,10-Q,48,medium,negative,40.845070422535215
BXP,2014-05-10,Q1_2014,10-Q,100,medium,negative,0.0
BXP,2014-08-09,Q2_2014,10-Q,88,medium,negative,8.69565217391304
BXP,2013-03-01,FY2012,10-K,-30,medium,negative,-4.444444444444448
BXP,2014-11-08,Q3_2014,10-Q,40,medium,negative,65.99999999999999
BXP,2015-05-12,Q1_2015,10-Q,9,medium,negative,nan
BXP,2015-08-08,Q2_2015,10-Q,-82,medium,negative,-25.714285714285705
BXP,2014-03-01,FY2013,10-K,-13,medium,negative,100.0
BXP,2015-11-07,Q3_2015,10-Q,-48,medium,negative,179.06976744186048
BXP,2016-05-07,Q1_2016,10-Q,-169,medium,negative,nan
BXP,2015-03-03,FY2014,10-K,-30,medium,negative,192.30769230769226
BXP,2016-08-05,Q2_2016,10-Q,-66,medium,negative,18.867924528301884
BXP,2016-11-08,Q3_2016,10-Q,-7,medium,negative,-35.8974358974359
BXP,2017-05-09,Q1_2017,10-Q,-68,medium,negative,34.042553191489375
BXP,2017-08-09,Q2_2017,10-Q,-72,medium,negative,33.84615384615384
BXP,2017-11-08,Q3_2017,10-Q,-31,medium,negative,22.580645161290324
BXP,2018-05-09,Q1_2018,10-Q,42,medium,negative,132.6530612244898
BXP,2018-08-08,Q2_2018,10-Q,39,medium,negative,144.1176470588235
BXP,2018-11-08,Q3_2018,10-Q,41,medium,negative,14.925373134328353
BXP,2019-08-08,Q2_2019,10-Q,-70,medium,negative,37.798346419842964
BXP,2019-05-09,Q1_2019,10-Q,-104,medium,negative,-5.409666231250846
BXP,2019-11-09,Q3_2019,10-Q,-140,medium,negative,-0.3246568320328159
BXP,2020-05-12,Q1_2020,10-Q,-52,medium,negative,nan
BXP,2020-08-08,Q2_2020,10-Q,41,medium,negative,nan
BXP,2016-03-01,FY2015,10-K,-117,medium,negative,80.0
BXP,2021-05-08,Q1_2021,10-Q,-197,medium,negative,4.050932049450635
BXP,2017-03-01,FY2016,10-K,-101,medium,negative,176.47058823529406
BXP,2020-11-07,Q3_2020,10-Q,60,medium,negative,6.696100073583515
BXP,2020-03-03,FY2019,10-K,100,medium,negative,2.374872031409969
BXP,2021-08-07,Q2_2021,10-Q,-117,medium,negative,24.37810945273631
BXP,2021-02-27,FY2020,10-K,161,medium,negative,-91.52571099284769
BXP,2022-05-03,Q1_2022,10-Q,-123,medium,negative,-26.71867605074732
BXP,2021-11-06,Q3_2021,10-Q,16,medium,negative,12.145887171485684
BXP,2022-08-06,Q2_2022,10-Q,-45,medium,negative,38.28500006648318
BXP,2018-03-01,FY2017,10-K,-38,medium,negative,6.349206349206354
BXP,2022-11-05,Q3_2022,10-Q,32,medium,negative,nan
BXP,2022-02-26,FY2021,10-K,189,medium,positive,138.1961686751852
BXP,2023-05-04,Q1_2023,10-Q,-82,medium,negative,7.793467715856423
BXP,2019-03-01,FY2018,10-K,-14,medium,negative,65.51724137931035
BXP,2023-08-08,Q2_2023,10-Q,0,medium,negative,12.399734327900687
BXP,2023-11-08,Q3_2023,10-Q,141,medium,negative,nan
BXP,2023-02-28,FY2022,10-K,191,medium,negative,-61.89781989265125
BXP,2024-05-11,Q1_2024,10-Q,0,medium,negative,-2.8071579669544375
BXP,2024-11-06,Q3_2024,10-Q,-61,medium,negative,-0.40214981020030816
BXP,2024-08-06,Q2_2024,10-Q,-6,medium,negative,8.05542607737616
BXP,2025-05-07,Q1_2025,10-Q,-132,medium,negative,-5.785722913395331
BXP,2024-02-28,FY2023,10-K,94,medium,negative,23.94807228129688
BXP,2025-08-07,Q2_2025,10-Q,-75,medium,negative,36.62868714470442
BXP,2025-11-08,Q3_2025,10-Q,-160,medium,negative,nan
BXP,2025-02-28,FY2024,10-K,61,medium,negative,nan
C,2007-02-24,FY2006,10-K,-149,medium,negative,7.786885245901637
C,2006-05-06,Q1_2006,10-Q,-8,medium,negative,19.65811965811966
C,2007-08-04,Q2_2007,10-Q,-60,medium,negative,21.09375
C,2007-05-05,Q1_2007,10-Q,-107,medium,negative,-14.115646258503403
C,2006-08-05,Q2_2006,10-Q,-86,medium,negative,-1.3157894736842157
C,2007-11-06,Q3_2007,10-Q,-78,medium,negative,1.3824884792626844
C,2006-11-04,Q3_2006,10-Q,-123,medium,negative,9.780439121756492
C,2006-02-25,FY2005,10-K,-89,medium,negative,38.40864440078586
C,2008-02-23,FY2007,10-K,-180,medium,negative,-111.25683060109286
C,2008-05-03,Q1_2008,10-Q,-166,medium,negative,-17.579908675799096
C,2008-11-01,Q3_2008,10-Q,-176,medium,negative,23.940149625935163
C,2009-02-28,FY2008,10-K,-134,medium,negative,nan
C,2009-05-12,Q1_2009,10-Q,-111,medium,negative,60.352422907488986
C,2008-08-02,Q2_2008,10-Q,-140,medium,negative,29.12371134020618
C,2009-08-08,Q2_2009,10-Q,-71,medium,negative,144.10441044104408
C,2009-11-07,Q3_2009,10-Q,-97,medium,negative,45.564516129032256
C,2010-05-08,Q1_2010,10-Q,-105,medium,negative,nan
C,2010-02-27,FY2009,10-K,-84,medium,negative,-2.4844720496894293
C,2010-08-07,Q2_2010,10-Q,-137,medium,negative,nan
C,2011-05-06,Q1_2011,10-Q,-132,medium,negative,19.04761904761905
C,2011-02-26,FY2010,10-K,-93,medium,negative,-61.165048543689316
C,2010-11-06,Q3_2010,10-Q,-140,medium,negative,65.9090909090909
C,2011-08-06,Q2_2011,10-Q,-143,medium,negative,31.325301204819294
C,2012-05-05,Q1_2012,10-Q,-173,medium,negative,6.741573033707858
C,2012-02-25,FY2011,10-K,-195,medium,negative,-46.666666666666664
C,2011-11-05,Q3_2011,10-Q,-141,medium,negative,186.046511627907
C,2013-03-02,FY2012,10-K,-99,medium,negative,-66.66666666666667
C,2013-05-04,Q1_2013,10-Q,-128,medium,negative,17.14285714285714
C,2012-08-04,Q2_2012,10-Q,-131,medium,negative,21.794871794871785
C,2012-11-07,Q3_2012,10-Q,-93,medium,negative,-81.3953488372093
C,2013-08-03,Q2_2013,10-Q,-70,medium,negative,22.93577981651376
C,2013-11-02,Q3_2013,10-Q,-132,medium,negative,-5.660377358490571
C,2014-05-03,Q1_2014,10-Q,-43,medium,negative,25.510204081632654
C,2015-05-12,Q1_2015,10-Q,6,medium,negative,18.89763779527559
C,2014-08-02,Q2_2014,10-Q,-96,medium,negative,-96.51162790697674
C,2014-10-31,Q3_2014,10-Q,-45,medium,negative,-19.266055045871568
C,2014-03-04,FY2013,10-K,-62,medium,negative,-29.629629629629633
C,2015-08-04,Q2_2015,10-Q,8,medium,negative,29.059829059829067
C,2015-10-31,Q3_2015,10-Q,-78,medium,negative,12.396694214876044
C,2015-02-26,FY2014,10-K,-12,medium,negative,-49.666666666666664
C,2016-05-03,Q1_2016,10-Q,-91,medium,negative,14.583333333333348
C,2016-02-27,FY2015,10-K,-61,medium,negative,-1.9230769230769247
C,2017-05-02,Q1_2017,10-Q,102,medium,negative,19.469026548672584
C,2016-08-02,Q2_2016,10-Q,-145,medium,negative,29.166666666666668
C,2016-11-01,Q3_2016,10-Q,0,medium,negative,14.814814814814806
C,2017-08-02,Q2_2017,10-Q,93,medium,negative,12.280701754385976
C,2017-11-01,Q3_2017,10-Q,23,medium,negative,16.393442622950815
C,2017-02-25,FY2016,10-K,-57,medium,negative,3.636363636363619
C,2018-05-02,Q1_2018,10-Q,57,medium,negative,9.090909090909085
C,2019-05-01,Q1_2019,10-Q,2,medium,negative,4.041483064049497
C,2018-02-24,FY2017,10-K,-17,medium,negative,nan
C,2019-08-02,Q2_2019,10-Q,86,medium,negative,8.027256107694866
C,2019-11-02,Q3_2019,10-Q,-49,medium,negative,6.633856249359181
C,2020-05-05,Q1_2020,10-Q,-100,medium,negative,-2.5717384510744585
C,2020-02-22,FY2019,10-K,119,medium,negative,18.089162836126462
C,2020-08-06,Q2_2020,10-Q,3,medium,negative,5.004283069440995
C,2020-11-05,Q3_2020,10-Q,21,medium,negative,49.69895100661538
C,2021-02-27,FY2020,10-K,-24,medium,negative,54.93136093793063
C,2021-05-07,Q1_2021,10-Q,57,medium,negative,39.381945032689316
C,2021-08-05,Q2_2021,10-Q,44,medium,negative,44.2700898640102
C,2018-08-01,Q2_2018,10-Q,4,medium,negative,9.395973154362409
C,2021-11-09,Q3_2021,10-Q,102,medium,negative,26.040567475671235
C,2022-03-01,FY2021,10-K,171,medium,negative,5.141112335356945
C,2022-05-10,Q1_2022,10-Q,113,medium,negative,41.5487677549104
C,2022-08-05,Q2_2022,10-Q,77,medium,negative,30.591897339264634
C,2022-11-05,Q3_2022,10-Q,-72,medium,negative,15.408851788129175
C,2023-02-28,FY2022,10-K,-101,medium,negative,1.3959424140975163
C,2023-05-06,Q1_2023,10-Q,-51,medium,negative,32.86738742674092
C,2023-08-05,Q2_2023,10-Q,-163,medium,negative,2.2117704923072212
C,2023-11-04,Q3_2023,10-Q,-91,medium,negative,32.87899044575602
C,2018-10-31,Q3_2018,10-Q,1,medium,negative,4.848484848484853
C,2024-05-04,Q1_2024,10-Q,-70,medium,negative,34.15866384763652
C,2024-02-24,FY2023,10-K,-73,medium,negative,nan
C,2024-11-08,Q3_2024,10-Q,28,medium,negative,15.203857421874991
C,2024-08-03,Q2_2024,10-Q,55,medium,negative,8.633504859919956
C,2019-02-23,FY2018,10-K,58,medium,negative,10.067114093959725
CCI,2006-05-06,Q1_2006,10-Q,-79,medium,negative,68.7
C,2025-05-09,Q1_2025,10-Q,16,medium,negative,6.158837452404551
CCI,2006-11-07,Q3_2006,10-Q,-104,medium,negative,22.60000000000001
CCI,2006-08-15,Q2_2006,10-Q,-100,medium,negative,-25.400000000000006
C,2025-02-22,FY2024,10-K,34,medium,negative,9.578287144177237
CCI,2007-05-11,Q1_2007,10-Q,-18,medium,negative,20.000000000000004
CCI,2006-03-25,FY2005,10-K,0,medium,negative,-61.0
C,2025-08-07,Q2_2025,10-Q,73,medium,negative,18.426856310761735
CCI,2008-05-03,Q1_2008,10-Q,-71,medium,negative,47.55555555555556
CCI,2008-08-07,Q2_2008,10-Q,10,medium,negative,163.33333333333334
CCI,2007-11-02,Q3_2007,10-Q,-20,medium,negative,-100.0
C,2025-11-07,Q3_2025,10-Q,46,medium,negative,7.552995871352749
CCI,2007-08-09,Q2_2007,10-Q,24,medium,negative,52.0
CCI,2008-11-07,Q3_2008,10-Q,7,medium,negative,nan
CCI,2007-03-01,FY2006,10-K,-78,medium,negative,77.10000000000001
CCI,2008-02-28,FY2007,10-K,-34,medium,negative,-189.99999999999997
CCI,2009-05-08,Q1_2009,10-Q,0,medium,negative,115.38461538461537
CCI,2010-05-11,Q1_2010,10-Q,-8,medium,negative,nan
CCI,2009-08-06,Q2_2009,10-Q,-24,medium,negative,20.40816326530612
CCI,2009-11-07,Q3_2009,10-Q,-54,medium,negative,-120.0
CCI,2010-08-07,Q2_2010,10-Q,15,medium,negative,-200.0
CCI,2011-05-07,Q1_2011,10-Q,68,medium,negative,199.99999999999994
CCI,2009-02-27,FY2008,10-K,-23,medium,negative,-57.14285714285713
CCI,2010-02-17,FY2009,10-K,-134,medium,negative,nan
CCI,2010-11-06,Q3_2010,10-Q,11,medium,negative,-188.67924528301884
CCI,2011-08-06,Q2_2011,10-Q,3,medium,negative,0.0
CCI,2011-02-16,FY2010,10-K,100,medium,negative,nan
CCI,2012-05-04,Q1_2012,10-Q,35,medium,negative,6.250000000000005
CCI,2011-11-04,Q3_2011,10-Q,-7,medium,negative,87.49999999999999
CCI,2012-08-07,Q2_2012,10-Q,-12,medium,negative,11.111111111111121
CCI,2013-05-04,Q1_2013,10-Q,-24,medium,negative,150.0
CCI,2012-11-03,Q3_2012,10-Q,-14,medium,negative,-12.499999999999993
CCI,2013-08-07,Q2_2013,10-Q,4,medium,negative,50.0
CCI,2012-02-14,FY2011,10-K,100,medium,negative,6.250000000000005
CCI,2013-11-09,Q3_2013,10-Q,59,medium,negative,-11.111111111111107
CCI,2014-05-07,Q1_2014,10-Q,123,medium,negative,-17.241379310344826
CCI,2013-02-13,FY2012,10-K,100,medium,negative,-120.96875
CCI,2014-08-09,Q2_2014,10-Q,73,medium,negative,-83.08695652173913
CCI,2014-11-08,Q3_2014,10-Q,145,medium,negative,15.999999999999993
CCI,2015-05-09,Q1_2015,10-Q,30,medium,negative,-10.52631578947368
CCI,2015-08-08,Q2_2015,10-Q,-101,medium,negative,-81.88976377952756
CCI,2015-11-07,Q3_2015,10-Q,-26,medium,negative,-6.666666666666654
CCI,2014-02-25,FY2013,10-K,-85,medium,negative,-128.2051282051282
CCI,2016-05-10,Q1_2016,10-Q,133,medium,negative,-63.33333333333334
CCI,2016-08-05,Q2_2016,10-Q,49,medium,negative,-26.666666666666668
CCI,2017-05-05,Q1_2017,10-Q,133,medium,negative,43.47826086956522
CCI,2016-11-02,Q3_2016,10-Q,113,medium,negative,-7.142857142857148
CCI,2015-02-20,FY2014,10-K,-82,medium,negative,61.90476190476192
CCI,2017-08-08,Q2_2017,10-Q,100,medium,negative,24.0
CCI,2016-02-23,FY2015,10-K,-131,medium,negative,56.00000000000001
CCI,2017-11-08,Q3_2017,10-Q,175,medium,negative,-22.22222222222223
CCI,2018-05-05,Q1_2018,10-Q,127,medium,negative,-32.25806451612904
CCI,2018-08-07,Q2_2018,10-Q,168,medium,negative,38.46153846153845
CCI,2019-05-04,Q1_2019,10-Q,115,medium,negative,-1.2004149582571693
CCI,2017-02-23,FY2016,10-K,-153,medium,negative,84.21052631578945
CCI,2018-11-06,Q3_2018,10-Q,169,medium,negative,57.14285714285715
CCI,2019-08-01,Q2_2019,10-Q,56,medium,negative,9.157064887810796
CCI,2019-11-05,Q3_2019,10-Q,134,medium,negative,4.787343332648446
CCI,2020-05-02,Q1_2020,10-Q,107,medium,negative,-21.696305301984378
CCI,2021-05-04,Q1_2021,10-Q,97,medium,negative,-75.68730129044323
CCI,2018-02-27,FY2017,10-K,-76,medium,negative,-45.16129032258064
CCI,2020-08-01,Q2_2020,10-Q,113,medium,negative,-17.86529909050844
CCI,2020-10-29,Q3_2020,10-Q,52,medium,negative,-20.473808676726026
CCI,2019-02-26,FY2018,10-K,-104,medium,negative,-24.999999999999996
CCI,2021-08-07,Q2_2021,10-Q,87,medium,negative,11.665409826556076
CCI,2022-04-30,Q1_2022,10-Q,75,medium,negative,2.6759251418409655
CCI,2021-02-23,FY2020,10-K,-46,medium,negative,87.78589198298691
CCI,2021-11-06,Q3_2021,10-Q,160,medium,negative,5.063816540417152
CCI,2022-08-06,Q2_2022,10-Q,131,medium,negative,1.191345531932649
CCI,2022-11-05,Q3_2022,10-Q,77,medium,negative,0.06602294297268033
CCI,2023-05-04,Q1_2023,10-Q,98,medium,negative,5.418048448378093
CCI,2023-08-03,Q2_2023,10-Q,36,medium,negative,-0.141703677638398
CCI,2020-03-11,FY2019,10-K,0,medium,negative,-10.560143103771031
CCI,2023-11-02,Q3_2023,10-Q,54,medium,negative,-20.38112641127717
CCI,2022-02-23,FY2021,10-K,58,medium,negative,5.080172279591107
CCI,2024-05-02,Q1_2024,10-Q,30,medium,negative,0.44563910306288274
CCI,2024-07-31,Q2_2024,10-Q,6,medium,negative,3.937064315538579
CCI,2023-02-25,FY2022,10-K,18,medium,negative,-2.4069527341462726
CCI,2024-10-31,Q3_2024,10-Q,-1,medium,negative,4.3156890796375755
CCI,2025-05-10,Q1_2025,10-Q,-127,medium,negative,nan
CCI,2024-02-24,FY2023,10-K,17,medium,negative,9.935230930210984
CCI,2025-08-07,Q2_2025,10-Q,-88,medium,negative,40.37587211129503
CCI,2025-11-07,Q3_2025,10-Q,-92,medium,negative,41.28608522987628
CHD,2006-08-09,Q2_2006,10-Q,50,medium,negative,40.00000000000001
CHD,2006-11-08,Q3_2006,10-Q,12,medium,negative,40.00000000000001
CHD,2006-05-10,Q1_2006,10-Q,10,medium,negative,36.36363636363636
CHD,2007-08-08,Q2_2007,10-Q,66,medium,neutral,0.0
CHD,2007-05-09,Q1_2007,10-Q,131,medium,positive,13.333333333333346
CCI,2025-03-15,FY2024,10-K,-100,medium,negative,nan
CHD,2007-11-07,Q3_2007,10-Q,103,medium,positive,111.11111111111111
CHD,2008-05-07,Q1_2008,10-Q,158,medium,positive,25.000000000000007
CHD,2006-03-14,FY2005,10-K,-5,medium,negative,57.24999999999999
CHD,2008-11-05,Q3_2008,10-Q,141,medium,negative,6.250000000000005
CHD,2009-05-06,Q1_2009,10-Q,78,medium,negative,4.761904761904766
CHD,2007-02-27,FY2006,10-K,61,medium,negative,21.999999999999993
CHD,2008-08-05,Q2_2008,10-Q,142,medium,negative,13.333333333333346
CHD,2009-08-05,Q2_2009,10-Q,134,medium,negative,11.111111111111121
CHD,2009-11-04,Q3_2009,10-Q,122,medium,negative,24.999999999999993
CHD,2010-05-12,Q1_2010,10-Q,0,medium,negative,7.692307692307699
CHD,2008-02-28,FY2007,10-K,7,medium,negative,9.999999999999995
CHD,2010-11-10,Q3_2010,10-Q,95,medium,negative,9.090909090909086
CHD,2010-08-10,Q2_2010,10-Q,61,medium,negative,18.181818181818183
CHD,2011-05-07,Q1_2011,10-Q,75,medium,negative,7.407407407407393
CHD,2009-02-25,FY2008,10-K,-95,medium,negative,-5.8823529411764754
CHD,2011-08-06,Q2_2011,10-Q,78,medium,negative,0.0
CHD,2010-02-25,FY2009,10-K,-30,medium,negative,-5.263157894736847
CHD,2012-05-09,Q1_2012,10-Q,177,medium,negative,22.22222222222222
CHD,2011-11-05,Q3_2011,10-Q,53,medium,negative,8.000000000000007
CHD,2012-08-08,Q2_2012,10-Q,28,medium,negative,7.692307692307699
CHD,2012-11-06,Q3_2012,10-Q,48,medium,negative,32.00000000000001
CHD,2011-02-25,FY2010,10-K,-26,medium,negative,-27.27272727272727
CHD,2013-05-03,Q1_2013,10-Q,88,medium,negative,11.764705882352935
CHD,2014-05-02,Q1_2014,10-Q,-104,medium,negative,5.71428571428572
CHD,2013-08-03,Q2_2013,10-Q,-129,medium,negative,6.896551724137938
CHD,2013-11-02,Q3_2013,10-Q,-114,medium,negative,5.555555555555561
CHD,2014-08-02,Q2_2014,10-Q,-61,medium,negative,13.793103448275875
CHD,2014-11-04,Q3_2014,10-Q,27,medium,negative,10.25641025641025
CHD,2012-02-25,FY2011,10-K,-40,medium,negative,-4.347826086956525
CHD,2015-05-08,Q1_2015,10-Q,-31,medium,negative,5.263157894736847
CHD,2015-08-05,Q2_2015,10-Q,-8,medium,negative,-15.151515151515147
CHD,2013-02-23,FY2012,10-K,-93,medium,negative,3.703703703703707
CHD,2015-11-03,Q3_2015,10-Q,5,medium,negative,4.651162790697678
CHD,2016-05-06,Q1_2016,10-Q,88,medium,negative,4.878048780487809
CHD,2016-08-05,Q2_2016,10-Q,6,medium,negative,16.216216216216218
CHD,2014-02-22,FY2013,10-K,-65,medium,negative,0.0
CHD,2016-11-04,Q3_2016,10-Q,-29,medium,negative,0.0
CHD,2017-05-05,Q1_2017,10-Q,146,medium,neutral,27.499999999999996
CHD,2015-02-21,FY2014,10-K,-29,medium,negative,-4.878048780487796
CHD,2017-08-04,Q2_2017,10-Q,76,medium,negative,-21.621621621621625
CHD,2017-11-03,Q3_2017,10-Q,16,medium,negative,15.555555555555555
CHD,2018-05-04,Q1_2018,10-Q,-71,medium,negative,6.779661016949159
CHD,2016-02-20,FY2015,10-K,-38,medium,negative,0.0
CHD,2018-08-03,Q2_2018,10-Q,-96,medium,negative,8.888888888888884
CHD,2018-11-02,Q3_2018,10-Q,-125,medium,negative,15.999999999999993
CHD,2017-02-25,FY2016,10-K,-45,medium,negative,4.99999999999999
CHD,2019-05-03,Q1_2019,10-Q,39,medium,negative,6.005996910682363
CHD,2019-08-01,Q2_2019,10-Q,-45,medium,negative,5.3922507952324485
CHD,2018-02-24,FY2017,10-K,-67,medium,negative,nan
CHD,2020-05-01,Q1_2020,10-Q,-83,medium,negative,19.010659215564537
CHD,2019-11-01,Q3_2019,10-Q,-3,medium,negative,1.629347932990189
CHD,2019-02-22,FY2018,10-K,-98,medium,negative,-3.3898305084745797
CHD,2020-08-01,Q2_2020,10-Q,-91,medium,negative,18.4516006759638
CHD,2020-10-30,Q3_2020,10-Q,-88,medium,negative,26.234499146060735
CHD,2021-04-30,Q1_2021,10-Q,-14,medium,negative,8.889328845773116
CHD,2021-07-31,Q2_2021,10-Q,-22,medium,negative,24.863654630001715
CHD,2021-10-30,Q3_2021,10-Q,-21,medium,negative,28.958102633829082
CHD,2020-02-19,FY2019,10-K,-99,medium,negative,5.464133103009348
CHD,2022-04-29,Q1_2022,10-Q,35,medium,negative,8.596101007457802
CHD,2022-07-30,Q2_2022,10-Q,-28,medium,negative,6.02086937112884
CHD,2021-02-19,FY2020,10-K,-150,medium,negative,12.644863203314435
CHD,2022-10-29,Q3_2022,10-Q,-21,medium,negative,16.49652043287655
CHD,2023-04-28,Q1_2023,10-Q,3,medium,negative,7.1223284736374435
CHD,2023-07-29,Q2_2023,10-Q,11,medium,negative,11.689778502855
CHD,2022-02-18,FY2021,10-K,-80,medium,negative,7.648058129951392
CHD,2023-11-04,Q3_2023,10-Q,-58,medium,negative,3.1511964085949624
CHD,2024-05-03,Q1_2024,10-Q,104,medium,negative,6.597588372839399
CHD,2024-08-03,Q2_2024,10-Q,33,medium,negative,17.18056459726579
CHD,2023-02-17,FY2022,10-K,-70,medium,negative,nan
CHD,2024-11-02,Q3_2024,10-Q,-31,medium,negative,-145.45521195325443
CHRW,2006-03-17,FY2005,10-K,-28,medium,negative,13.793103448275875
CHRW,2006-05-11,Q1_2006,10-Q,215,medium,positive,13.793103448275875
CHD,2025-08-02,Q2_2025,10-Q,-22,medium,negative,-9.028352830034637
CHRW,2006-08-10,Q2_2006,10-Q,300,medium,positive,18.75
CHD,2025-05-02,Q1_2025,10-Q,-40,medium,negative,-0.6441385623541693
CHD,2025-11-01,Q3_2025,10-Q,-51,medium,negative,0.5011476144558639
CHD,2024-02-16,FY2023,10-K,-53,medium,negative,-3.999504513571686
CHRW,2007-03-02,FY2006,10-K,70,medium,negative,13.513513513513512
CHRW,2007-08-10,Q2_2007,10-Q,300,medium,positive,0.0
CHRW,2006-11-10,Q3_2006,10-Q,300,medium,positive,5.263157894736847
CHRW,2007-05-11,Q1_2007,10-Q,300,medium,positive,23.52941176470587
CHRW,2007-11-09,Q3_2007,10-Q,222,medium,positive,0.0
CHRW,2008-03-01,FY2007,10-K,56,medium,negative,4.255319148936175
CHRW,2008-05-13,Q1_2008,10-Q,225,medium,positive,8.69565217391304
CHRW,2008-08-12,Q2_2008,10-Q,216,medium,positive,-10.344827586206886
CHD,2025-02-14,FY2024,10-K,-29,medium,negative,-0.8725821388044678
CHRW,2009-05-12,Q1_2009,10-Q,164,medium,negative,8.69565217391304
CHRW,2009-08-11,Q2_2009,10-Q,118,medium,negative,3.8461538461538494
CHRW,2008-11-08,Q3_2008,10-Q,245,medium,positive,3.8461538461538494
CHRW,2009-11-10,Q3_2009,10-Q,120,medium,negative,7.547169811320741
CHRW,2010-05-11,Q1_2010,10-Q,140,medium,negative,-3.8461538461538494
CHRW,2010-08-10,Q2_2010,10-Q,147,medium,negative,15.686274509803914
CHRW,2009-02-28,FY2008,10-K,153,medium,negative,0.0
CHRW,2010-11-10,Q3_2010,10-Q,179,medium,negative,3.3333333333333366
CHRW,2011-05-11,Q1_2011,10-Q,122,medium,negative,0.0
CHRW,2011-08-10,Q2_2011,10-Q,174,medium,negative,-5.633802816901398
CHRW,2010-03-02,FY2009,10-K,99,medium,negative,-13.333333333333327
CHRW,2011-11-10,Q3_2011,10-Q,135,medium,negative,0.0
CHRW,2012-05-11,Q1_2012,10-Q,32,medium,negative,0.0
CHRW,2012-08-10,Q2_2012,10-Q,191,medium,negative,0.0
CHRW,2012-11-09,Q3_2012,10-Q,41,medium,negative,-2.7027027027027053
CHRW,2011-03-02,FY2010,10-K,70,medium,negative,-3.1250000000000027
CHRW,2013-05-10,Q1_2013,10-Q,170,medium,negative,-13.513513513513512
CHRW,2012-03-01,FY2011,10-K,55,medium,negative,-2.898550724637668
CHRW,2013-08-09,Q2_2013,10-Q,135,medium,negative,-7.89473684210527
CHRW,2013-11-09,Q3_2013,10-Q,144,medium,negative,-10.389610389610398
CHRW,2014-05-13,Q1_2014,10-Q,130,medium,negative,6.779661016949159
CHRW,2014-08-12,Q2_2014,10-Q,117,medium,negative,11.111111111111121
CHRW,2014-11-11,Q3_2014,10-Q,101,medium,negative,13.33333333333333
CHRW,2015-05-12,Q1_2015,10-Q,137,medium,negative,-2.6666666666666687
CHRW,2015-08-11,Q2_2015,10-Q,101,medium,negative,-2.6666666666666687
CHRW,2015-11-10,Q3_2015,10-Q,140,medium,negative,4.3478260869565135
CHRW,2013-03-02,FY2012,10-K,79,medium,negative,119.44444444444446
CHRW,2016-05-11,Q1_2016,10-Q,77,medium,negative,2.469135802469124
CHRW,2016-08-09,Q2_2016,10-Q,116,medium,negative,0.0
CHRW,2014-03-04,FY2013,10-K,150,medium,negative,-16.216216216216218
CHRW,2016-11-10,Q3_2016,10-Q,27,medium,negative,-11.76470588235294
CHRW,2017-05-10,Q1_2017,10-Q,5,medium,negative,13.157894736842103
CHRW,2015-03-03,FY2014,10-K,124,medium,negative,2.6666666666666687
CHRW,2017-08-04,Q2_2017,10-Q,-30,medium,negative,-23.52941176470588
CHRW,2016-03-01,FY2015,10-K,91,medium,negative,2.325581395348839
CHRW,2017-11-09,Q3_2017,10-Q,-70,medium,negative,7.594936708860751
CHRW,2018-05-10,Q1_2018,10-Q,-28,medium,negative,2.020202020202022
CHRW,2017-03-02,FY2016,10-K,59,medium,negative,4.878048780487809
CHRW,2018-08-09,Q2_2018,10-Q,-81,medium,negative,14.141414141414133
CHRW,2018-11-08,Q3_2018,10-Q,-18,medium,negative,14.6788990825688
CHRW,2019-05-09,Q1_2019,10-Q,42,medium,negative,1.4065791889222
CHRW,2019-08-09,Q2_2019,10-Q,139,medium,negative,-0.31458103525759945
CHRW,2019-11-05,Q3_2019,10-Q,-27,medium,negative,-6.235760103754066
CHRW,2018-03-01,FY2017,10-K,33,medium,negative,31.70731707317075
CHRW,2020-05-02,Q1_2020,10-Q,-31,medium,negative,-17.352975292889457
CHRW,2020-10-31,Q3_2020,10-Q,26,medium,negative,2.777035499188066
CHRW,2020-08-01,Q2_2020,10-Q,16,medium,negative,76.58720242557517
CHRW,2019-02-26,FY2018,10-K,-73,medium,negative,24.074074074074073
CHRW,2021-05-01,Q1_2021,10-Q,142,medium,positive,29.980909053982703
CHRW,2021-07-31,Q2_2021,10-Q,144,medium,positive,8.189331329827198
CHRW,2021-10-30,Q3_2021,10-Q,152,medium,positive,29.851898645328838
CHRW,2022-04-30,Q1_2022,10-Q,140,medium,positive,32.421241659076664
CHRW,2020-02-20,FY2019,10-K,-5,medium,negative,-23.656937283651082
CHRW,2021-02-20,FY2020,10-K,146,medium,negative,11.297752403722304
CHRW,2022-11-05,Q3_2022,10-Q,219,medium,positive,-17.565114297358374
CHRW,2022-07-30,Q2_2022,10-Q,167,medium,positive,34.52643671211342
CHRW,2023-04-29,Q1_2023,10-Q,127,medium,neutral,-3.086101941306519
CHRW,2022-02-24,FY2021,10-K,135,medium,negative,-6.273734560752399
CHRW,2023-08-05,Q2_2023,10-Q,173,medium,positive,-11.436693636562422
CHRW,2023-11-04,Q3_2023,10-Q,102,medium,negative,-15.896750893597012
CHRW,2024-05-04,Q1_2024,10-Q,123,medium,negative,24.14056531703591
CHRW,2023-02-18,FY2022,10-K,122,medium,negative,-41.008170368403974
CHRW,2024-08-03,Q2_2024,10-Q,26,medium,negative,9.937283397376168
CHRW,2024-11-02,Q3_2024,10-Q,-34,medium,negative,-30.42086678205206
CHRW,2025-05-03,Q1_2025,10-Q,62,medium,negative,5.468193263337924
CHRW,2025-08-02,Q2_2025,10-Q,43,medium,negative,9.010684777436515
CHRW,2024-02-17,FY2023,10-K,72,medium,negative,-67.82098566796208
CHRW,2025-11-01,Q3_2025,10-Q,9,medium,negative,2.9715752345677098
CINF,2006-05-04,Q1_2006,10-Q,-84,medium,negative,nan
CHRW,2025-02-15,FY2024,10-K,23,medium,negative,9.795169012563452
CINF,2006-08-03,Q2_2006,10-Q,-114,medium,negative,22.580645161290324
CINF,2007-05-03,Q1_2007,10-Q,-110,medium,negative,42.307692307692314
CINF,2006-11-02,Q3_2006,10-Q,-105,medium,negative,0.0
CINF,2007-08-08,Q2_2007,10-Q,-80,medium,negative,165.78947368421052
CINF,2007-11-06,Q3_2007,10-Q,-101,medium,negative,-20.000000000000004
CINF,2008-05-01,Q1_2008,10-Q,-127,medium,negative,-134.21052631578948
CINF,2008-08-07,Q2_2008,10-Q,-101,medium,negative,111.11111111111111
CINF,2008-10-30,Q3_2008,10-Q,-29,medium,negative,194.11764705882354
CINF,2006-03-11,FY2005,10-K,-128,medium,negative,29.41176470588236
CINF,2009-05-01,Q1_2009,10-Q,-46,medium,negative,-18.518518518518523
CINF,2007-03-01,FY2006,10-K,-151,medium,negative,-2.6315789473684235
CINF,2009-08-08,Q2_2009,10-Q,-29,medium,negative,-134.2857142857143
CINF,2009-10-30,Q3_2009,10-Q,-52,medium,negative,nan
CINF,2008-03-01,FY2007,10-K,-191,medium,negative,140.0
CINF,2010-04-29,Q1_2010,10-Q,56,medium,negative,-17.647058823529417
CINF,2010-07-30,Q2_2010,10-Q,-28,medium,negative,-34.61538461538461
CINF,2009-02-28,FY2008,10-K,-209,medium,negative,71.92982456140352
CINF,2010-10-28,Q3_2010,10-Q,144,medium,negative,137.49999999999997
CINF,2011-04-28,Q1_2011,10-Q,32,medium,negative,-2.5641025641025665
CINF,2012-04-27,Q1_2012,10-Q,-107,medium,negative,47.222222222222236
CINF,2011-07-28,Q2_2011,10-Q,-139,medium,negative,56.33802816901409
CINF,2011-10-28,Q3_2011,10-Q,-95,medium,negative,-14.285714285714295
CINF,2010-02-27,FY2009,10-K,-182,medium,negative,194.11764705882354
CINF,2012-07-27,Q2_2012,10-Q,-106,medium,negative,nan
CINF,2012-10-26,Q3_2012,10-Q,-100,medium,negative,nan
CINF,2012-03-01,FY2011,10-K,-195,medium,negative,151.5151515151515
CINF,2011-02-26,FY2010,10-K,-182,medium,negative,nan
CINF,2013-04-26,Q1_2013,10-Q,-123,medium,negative,74.07407407407405
CINF,2013-02-28,FY2012,10-K,-205,medium,negative,143.75
CINF,2014-04-25,Q1_2014,10-Q,-176,medium,negative,-14.062499999999995
CINF,2013-07-26,Q2_2013,10-Q,-123,medium,negative,186.95652173913044
CINF,2013-10-25,Q3_2013,10-Q,-109,medium,negative,41.07142857142856
CINF,2014-07-30,Q2_2014,10-Q,-174,medium,negative,2.0000000000000018
CINF,2015-04-29,Q1_2015,10-Q,-143,medium,negative,-7.2289156626505955
CINF,2014-10-29,Q3_2014,10-Q,-205,medium,negative,70.76923076923077
CINF,2015-07-29,Q2_2015,10-Q,-177,medium,negative,nan
CINF,2015-10-28,Q3_2015,10-Q,-151,medium,negative,150.00000000000003
CINF,2016-04-27,Q1_2016,10-Q,-96,medium,negative,121.56862745098036
CINF,2016-07-27,Q2_2016,10-Q,-113,medium,negative,155.17241379310346
CINF,2016-10-26,Q3_2016,10-Q,-94,medium,negative,54.285714285714306
CINF,2017-04-27,Q1_2017,10-Q,-118,medium,negative,181.39534883720933
CINF,2014-02-28,FY2013,10-K,2,medium,negative,12.121212121212114
CINF,2015-02-28,FY2014,10-K,-22,medium,negative,25.92592592592592
CINF,2017-08-03,Q2_2017,10-Q,-217,medium,negative,57.89473684210525
CINF,2018-04-26,Q1_2018,10-Q,-189,medium,negative,-121.59090909090911
CINF,2017-10-27,Q3_2017,10-Q,-146,medium,negative,32.6086956521739
CINF,2016-02-27,FY2015,10-K,-70,medium,negative,34.285714285714285
CINF,2018-07-27,Q2_2018,10-Q,-171,medium,negative,nan
CINF,2019-04-25,Q1_2019,10-Q,-182,medium,negative,nan
CINF,2018-10-26,Q3_2018,10-Q,-141,medium,negative,nan
CINF,2019-07-31,Q2_2019,10-Q,-90,medium,negative,nan
CINF,2019-10-25,Q3_2019,10-Q,-153,medium,negative,67.98953729593218
CINF,2020-04-28,Q1_2020,10-Q,-139,medium,negative,nan
CINF,2020-07-28,Q2_2020,10-Q,-100,medium,negative,nan
CINF,2020-10-27,Q3_2020,10-Q,-100,medium,negative,nan
CINF,2017-02-25,FY2016,10-K,-67,medium,negative,5.263157894736848
CINF,2021-04-29,Q1_2021,10-Q,-141,medium,negative,nan
CINF,2020-02-26,FY2019,10-K,-17,medium,negative,nan
CINF,2021-07-29,Q2_2021,10-Q,-156,medium,negative,nan
CINF,2021-10-28,Q3_2021,10-Q,-145,medium,negative,7.756150124951273
CINF,2021-02-26,FY2020,10-K,-22,medium,negative,nan
CINF,2022-04-29,Q1_2022,10-Q,-182,medium,negative,nan
CINF,2022-07-28,Q2_2022,10-Q,-182,medium,negative,nan
CINF,2022-11-01,Q3_2022,10-Q,-133,medium,negative,nan
CINF,2018-02-24,FY2017,10-K,-63,medium,negative,nan
CINF,2022-02-25,FY2021,10-K,-7,medium,negative,nan
CINF,2023-04-28,Q1_2023,10-Q,-227,medium,negative,95.46574531639297
CINF,2023-07-28,Q2_2023,10-Q,-175,medium,negative,nan
CINF,2019-02-23,FY2018,10-K,-53,medium,negative,nan
CINF,2023-10-27,Q3_2023,10-Q,-172,medium,negative,-154.81502105592872
CINF,2024-04-26,Q1_2024,10-Q,-173,medium,negative,182.65793068376018
CINF,2023-02-24,FY2022,10-K,-92,medium,negative,nan
CINF,2024-10-25,Q3_2024,10-Q,-168,medium,negative,nan
CINF,2024-07-26,Q2_2024,10-Q,-180,medium,negative,105.93037889109611
CMG,2006-05-10,Q1_2006,10-Q,28,medium,negative,-95.27272727272728
CMG,2006-03-18,FY2005,10-K,0,medium,negative,nan
CMG,2006-08-09,Q2_2006,10-Q,82,medium,negative,-96.11764705882354
CMG,2006-11-02,Q3_2006,10-Q,146,medium,negative,-96.0
CMG,2007-05-03,Q1_2007,10-Q,24,medium,negative,-97.07692307692308
CINF,2024-02-27,FY2023,10-K,-84,medium,negative,nan
CINF,2025-04-29,Q1_2025,10-Q,-103,medium,negative,6.508913891485876
CINF,2025-07-29,Q2_2025,10-Q,-78,medium,negative,nan
CMG,2007-08-02,Q2_2007,10-Q,15,medium,negative,-96.0
CMG,2008-04-25,Q1_2008,10-Q,169,medium,negative,-97.63636363636363
CMG,2007-11-01,Q3_2007,10-Q,11,medium,negative,-97.18181818181819
CINF,2025-10-28,Q3_2025,10-Q,-100,medium,negative,nan
CMG,2008-07-25,Q2_2008,10-Q,140,medium,negative,-98.05263157894737
CMG,2008-10-24,Q3_2008,10-Q,170,medium,negative,-98.0
CMG,2009-04-24,Q1_2009,10-Q,135,medium,negative,-95.54285714285714
CMG,2007-02-24,FY2006,10-K,11,medium,negative,-97.1304347826087
CMG,2009-07-25,Q2_2009,10-Q,50,medium,negative,-96.66666666666667
CMG,2009-10-28,Q3_2009,10-Q,151,medium,negative,-96.82352941176471
CINF,2025-02-25,FY2024,10-K,-94,medium,negative,35.04708256263661
CMG,2010-04-24,Q1_2010,10-Q,-23,medium,negative,-96.64788732394366
CMG,2010-10-23,Q3_2010,10-Q,-100,medium,negative,-97.23636363636365
CMG,2011-04-22,Q1_2011,10-Q,-150,medium,negative,-97.94366197183099
CMG,2008-02-27,FY2007,10-K,-73,medium,negative,-98.14035087719297
CMG,2010-07-28,Q2_2010,10-Q,10,medium,negative,-97.7878787878788
CMG,2011-07-22,Q2_2011,10-Q,-100,medium,negative,-98.15116279069768
CMG,2012-04-21,Q1_2012,10-Q,-100,medium,negative,-97.91534391534391
CMG,2009-02-20,FY2008,10-K,54,medium,negative,-97.69565217391303
CMG,2012-07-21,Q2_2012,10-Q,-100,medium,negative,-97.49019607843138
CMG,2011-10-22,Q3_2011,10-Q,-100,medium,negative,-97.88888888888889
CMG,2012-10-20,Q3_2012,10-Q,-100,medium,negative,-98.05150214592275
CMG,2010-02-20,FY2009,10-K,-101,medium,negative,-96.82539682539682
CMG,2013-04-20,Q1_2013,10-Q,-100,medium,negative,-97.434554973822
CMG,2013-10-19,Q3_2013,10-Q,-100,medium,negative,-98.16551724137932
CMG,2013-07-20,Q2_2013,10-Q,-100,medium,negative,-97.98571428571428
CMG,2014-04-18,Q1_2014,10-Q,-100,medium,negative,-98.28571428571429
CMG,2011-02-18,FY2010,10-K,-1,medium,negative,-97.3153153153153
CMG,2014-07-23,Q2_2014,10-Q,17,medium,negative,-97.38805970149255
CMG,2014-10-22,Q3_2014,10-Q,0,medium,negative,-97.64872521246458
CMG,2012-02-11,FY2011,10-K,1,medium,negative,-98.04324324324324
CMG,2015-04-23,Q1_2015,10-Q,-38,medium,negative,-97.74418604651163
CMG,2015-07-23,Q2_2015,10-Q,129,medium,negative,-97.99097065462753
CMG,2015-10-22,Q3_2015,10-Q,85,medium,negative,-98.0258064516129
CMG,2013-02-09,FY2012,10-K,-100,medium,negative,-97.98984771573603
CMG,2016-04-28,Q1_2016,10-Q,-101,medium,negative,98.26470588235293
CMG,2016-07-23,Q2_2016,10-Q,-100,medium,negative,-98.24242424242425
CMG,2014-02-06,FY2013,10-K,0,medium,negative,-97.99999999999999
CMG,2015-02-05,FY2014,10-K,-100,medium,negative,-97.94652406417113
CMG,2016-10-27,Q3_2016,10-Q,-107,medium,negative,-99.79389312977099
CMG,2017-04-27,Q1_2017,10-Q,-118,medium,negative,-96.59574468085106
CMG,2017-10-26,Q3_2017,10-Q,-157,medium,negative,-99.28497409326424
CMG,2017-07-27,Q2_2017,10-Q,-166,medium,negative,-97.72549019607844
CMG,2018-04-27,Q1_2018,10-Q,-115,medium,negative,-95.7821782178218
CMG,2016-02-06,FY2015,10-K,-63,medium,negative,-97.16339869281046
CMG,2018-07-28,Q2_2018,10-Q,-153,medium,negative,-98.77818181818182
CMG,2018-10-27,Q3_2018,10-Q,-147,medium,negative,-98.5217391304348
CMG,2019-04-26,Q1_2019,10-Q,-72,medium,negative,3.883172917358118
CMG,2017-02-08,FY2016,10-K,-100,medium,negative,-98.13559322033898
CMG,2020-04-30,Q1_2020,10-Q,-36,medium,negative,-4.797165071137676
CMG,2019-07-25,Q2_2019,10-Q,-126,medium,negative,-13.963554748036128
CMG,2019-10-24,Q3_2019,10-Q,-106,medium,negative,8.032378580323781
CMG,2018-02-09,FY2017,10-K,-95,medium,negative,-97.58461538461538
CMG,2020-07-30,Q2_2020,10-Q,8,medium,negative,-17.940011318619128
CMG,2019-02-09,FY2018,10-K,-12,medium,negative,-97.74509803921568
CMG,2020-02-06,FY2019,10-K,-33,medium,negative,-7.605348019855793
CMG,2021-04-30,Q1_2021,10-Q,16,medium,negative,-9.53537776603206
CMG,2020-10-29,Q3_2020,10-Q,-24,medium,negative,-18.635852159612227
CMG,2021-07-24,Q2_2021,10-Q,-27,medium,negative,-0.5279669446782433
CMG,2022-04-29,Q1_2022,10-Q,7,medium,negative,-2.4476764810216376
CMG,2021-10-28,Q3_2021,10-Q,30,medium,negative,10.549589387239427
CMG,2022-07-28,Q2_2022,10-Q,-31,medium,negative,5.204872646733107
CMG,2021-02-11,FY2020,10-K,-115,medium,negative,74.13901651641596
CMG,2023-04-28,Q1_2023,10-Q,-37,medium,negative,17.27257497068185
CMG,2022-10-27,Q3_2022,10-Q,-58,medium,negative,-2.0727925575322383
CMG,2022-02-12,FY2021,10-K,-92,medium,negative,-10.743172518793424
CMG,2023-07-29,Q2_2023,10-Q,-36,medium,negative,1.5187200519775819
CMG,2024-04-26,Q1_2024,10-Q,-11,medium,negative,11.19664699341374
CMG,2023-10-28,Q3_2023,10-Q,-102,medium,negative,8.973751539846495
CMG,2024-10-31,Q3_2024,10-Q,-49,medium,negative,12.026886452748672
CMG,2024-07-26,Q2_2024,10-Q,-23,medium,negative,3.5586518546413157
CMG,2025-04-25,Q1_2025,10-Q,-15,medium,negative,1.0720860556618519
CMG,2023-02-10,FY2022,10-K,-53,medium,negative,-10.20316533842182
CMG,2025-07-25,Q2_2025,10-Q,86,medium,negative,-1.8254333486731125
CMG,2025-10-31,Q3_2025,10-Q,-2,medium,negative,1.4979700405991903
CNC,2006-04-26,Q1_2006,10-Q,-5,medium,negative,0.0
CMG,2024-02-09,FY2023,10-K,-95,medium,negative,3.034361959713568
CNC,2006-07-26,Q2_2006,10-Q,-100,medium,negative,-8.33333333333333
CNC,2006-10-25,Q3_2006,10-Q,-141,medium,negative,nan
CNC,2007-04-25,Q1_2007,10-Q,0,medium,negative,nan
CMG,2025-02-06,FY2024,10-K,100,medium,negative,-1.996814896484138
CNC,2007-10-24,Q3_2007,10-Q,-100,medium,negative,0.0
CNC,2007-07-25,Q2_2007,10-Q,-103,medium,negative,42.85714285714285
CNC,2008-04-23,Q1_2008,10-Q,-100,medium,negative,16.666666666666682
CNC,2008-07-23,Q2_2008,10-Q,0,medium,negative,0.0
CNC,2006-02-25,FY2005,10-K,-31,medium,negative,-3.7500000000000036
CNC,2008-10-29,Q3_2008,10-Q,-132,medium,negative,0.0
CNC,2009-04-29,Q1_2009,10-Q,108,medium,negative,22.222222222222225
CNC,2007-02-24,FY2006,10-K,-30,medium,negative,-19.900000000000002
CNC,2009-07-29,Q2_2009,10-Q,100,medium,negative,19.99999999999999
CNC,2009-10-28,Q3_2009,10-Q,72,medium,negative,-7.692307692307699
CNC,2008-02-26,FY2007,10-K,-100,medium,negative,-95.17647058823529
CNC,2010-04-28,Q1_2010,10-Q,-100,medium,negative,49.999999999999986
CNC,2010-07-28,Q2_2010,10-Q,-8,medium,negative,22.222222222222225
CNC,2010-10-27,Q3_2010,10-Q,58,medium,negative,-8.33333333333333
CNC,2011-04-27,Q1_2011,10-Q,100,medium,negative,49.999999999999986
CNC,2009-02-24,FY2008,10-K,-61,medium,negative,-7.692307692307699
CNC,2011-07-27,Q2_2011,10-Q,-128,medium,negative,16.666666666666682
CNC,2011-10-26,Q3_2011,10-Q,-69,medium,negative,16.666666666666682
CNC,2012-04-25,Q1_2012,10-Q,24,medium,negative,-15.384615384615389
CNC,2010-02-23,FY2009,10-K,100,medium,negative,0.0
CNC,2012-07-25,Q2_2012,10-Q,-91,medium,negative,nan
CNC,2011-02-23,FY2010,10-K,100,medium,negative,18.181818181818183
CNC,2012-10-24,Q3_2012,10-Q,0,medium,negative,-85.41666666666666
CNC,2013-04-24,Q1_2013,10-Q,0,medium,negative,57.14285714285713
CNC,2013-07-24,Q2_2013,10-Q,-120,medium,negative,28.57142857142855
CNC,2012-02-22,FY2011,10-K,-15,medium,negative,0.0
CNC,2013-10-23,Q3_2013,10-Q,0,medium,negative,9.999999999999995
CNC,2014-04-23,Q1_2014,10-Q,100,medium,negative,75.00000000000001
CNC,2014-07-23,Q2_2014,10-Q,-21,medium,negative,31.249999999999993
CNC,2014-10-29,Q3_2014,10-Q,24,medium,negative,17.241379310344847
CNC,2013-02-20,FY2012,10-K,-1,medium,negative,-61.36363636363637
CNC,2015-04-29,Q1_2015,10-Q,-75,medium,negative,-40.90909090909091
CNC,2015-07-29,Q2_2015,10-Q,5,medium,negative,-46.268656716417915
CNC,2015-10-28,Q3_2015,10-Q,-30,medium,negative,-47.22222222222222
CNC,2014-02-22,FY2013,10-K,-84,medium,negative,9.523809523809533
CNC,2016-04-27,Q1_2016,10-Q,-65,medium,negative,-109.02777777777777
CNC,2016-10-26,Q3_2016,10-Q,-44,medium,negative,-64.70588235294117
CNC,2016-07-27,Q2_2016,10-Q,-47,medium,negative,-44.943820224719104
CNC,2015-02-24,FY2014,10-K,-81,medium,negative,-46.98795180722891
CNC,2017-04-26,Q1_2017,10-Q,-127,medium,negative,-16.66666666666666
CNC,2017-07-26,Q2_2017,10-Q,-80,medium,negative,38.46153846153845
CNC,2017-10-25,Q3_2017,10-Q,-77,medium,negative,3.5714285714285547
CNC,2016-02-23,FY2015,10-K,28,medium,negative,-41.55844155844156
CNC,2018-04-25,Q1_2018,10-Q,-91,medium,negative,15.66265060240964
CNC,2018-07-25,Q2_2018,10-Q,-91,medium,negative,-12.790697674418603
CNC,2018-10-24,Q3_2018,10-Q,-85,medium,negative,-94.73255813953489
CNC,2017-02-22,FY2016,10-K,-40,medium,negative,-27.18446601941748
CNC,2019-04-24,Q1_2019,10-Q,-100,medium,negative,-8.310472570782096
CNC,2019-07-24,Q2_2019,10-Q,-100,medium,negative,-4.49442749265498
CNC,2019-10-23,Q3_2019,10-Q,-5,medium,negative,-75.78080576206222
CNC,2018-02-21,FY2017,10-K,0,medium,negative,51.162790697674424
CNC,2020-04-29,Q1_2020,10-Q,-62,medium,negative,-91.52223251269629
CNC,2020-10-28,Q3_2020,10-Q,-5,medium,negative,0.6913446965764942
CNC,2020-07-29,Q2_2020,10-Q,-9,medium,negative,-13.923412831709788
CNC,2019-02-20,FY2018,10-K,36,medium,negative,-9.52380952380953
CNC,2020-02-19,FY2019,10-K,41,medium,negative,-32.928164695575994
CNC,2021-04-28,Q1_2021,10-Q,-113,medium,negative,-20.782851817334578
CNC,2021-02-23,FY2020,10-K,-87,medium,negative,-104.40069730855903
CNC,2021-07-28,Q2_2021,10-Q,-62,medium,negative,-175.8963190285271
CNC,2022-04-27,Q1_2022,10-Q,-33,medium,negative,-14.516215205428228
CNC,2021-10-27,Q3_2021,10-Q,-104,medium,negative,-20.419925564496033
CNC,2022-07-27,Q2_2022,10-Q,-109,medium,negative,-118.13508764250113
CNC,2022-10-26,Q3_2022,10-Q,-27,medium,negative,2.9390309141310125
CNC,2023-04-26,Q1_2023,10-Q,-91,medium,negative,1.9954102065407
CNC,2023-07-29,Q2_2023,10-Q,-96,medium,negative,-6.416786488923551
CNC,2022-02-23,FY2021,10-K,-13,medium,negative,3.436975134160833
CNC,2023-10-25,Q3_2023,10-Q,-71,medium,negative,-43.86843276793146
CNC,2024-04-27,Q1_2024,10-Q,-60,medium,negative,4.656740427057661
CNC,2023-02-22,FY2022,10-K,-143,medium,negative,-147.69358704691092
CNC,2024-07-27,Q2_2024,10-Q,-70,medium,negative,2.019610436228314
CNC,2024-10-26,Q3_2024,10-Q,-99,medium,negative,0.3897484351009931
CNC,2025-04-26,Q1_2025,10-Q,-131,medium,negative,4.334855379195708
CNC,2025-10-30,Q3_2025,10-Q,-47,medium,negative,nan
CNC,2025-07-26,Q2_2025,10-Q,5,medium,negative,nan
CNC,2024-02-21,FY2023,10-K,-15,medium,negative,-80.0728519391472
COF,2006-05-05,Q1_2006,10-Q,-55,medium,negative,126.98412698412697
CNC,2025-02-19,FY2024,10-K,-21,medium,negative,13.461382607990934
COF,2007-05-10,Q1_2007,10-Q,-79,medium,negative,-30.76923076923076
COF,2006-08-08,Q2_2006,10-Q,-35,medium,negative,-23.93162393162393
COF,2006-11-04,Q3_2006,10-Q,-44,medium,negative,10.526315789473681
COF,2007-08-10,Q2_2007,10-Q,-53,medium,negative,39.999999999999986
COF,2006-03-03,FY2005,10-K,-65,medium,negative,3.296703296703287
COF,2007-11-09,Q3_2007,10-Q,-112,medium,negative,46.15384615384615
COF,2008-05-10,Q1_2008,10-Q,-81,medium,negative,2.7972027972028
COF,2007-03-02,FY2006,10-K,-55,medium,negative,-28.35820895522389
COF,2008-08-09,Q2_2008,10-Q,-81,medium,negative,-14.184397163120565
COF,2008-11-11,Q3_2008,10-Q,-52,medium,negative,4.1666666666666705
COF,2008-03-01,FY2007,10-K,-61,medium,negative,-7.5757575757575815
COF,2009-05-09,Q1_2009,10-Q,-75,medium,negative,-69.23076923076923
COF,2009-08-11,Q2_2009,10-Q,-96,medium,negative,25.287356321839077
COF,2009-11-10,Q3_2009,10-Q,-30,medium,negative,59.32203389830508
COF,2009-02-27,FY2008,10-K,-50,medium,negative,-191.91919191919192
COF,2010-05-08,Q1_2010,10-Q,-77,medium,negative,nan
COF,2010-02-27,FY2009,10-K,-146,medium,negative,102.63157894736842
COF,2010-08-10,Q2_2010,10-Q,-121,medium,negative,182.97872340425536
COF,2010-11-09,Q3_2010,10-Q,-125,medium,negative,175.00000000000003
COF,2011-05-11,Q1_2011,10-Q,-148,medium,negative,125.51020408163265
COF,2011-08-06,Q2_2011,10-Q,-102,medium,negative,35.862068965517246
COF,2011-03-02,FY2010,10-K,-94,medium,negative,27.500000000000007
COF,2011-11-08,Q3_2011,10-Q,-79,medium,negative,11.320754716981128
COF,2012-05-09,Q1_2012,10-Q,-107,medium,negative,122.95081967213117
COF,2012-08-10,Q2_2012,10-Q,-98,medium,negative,-87.87878787878789
COF,2012-03-01,FY2011,10-K,-121,medium,negative,-60.396039603960396
COF,2012-11-09,Q3_2012,10-Q,-90,medium,negative,53.43511450381677
COF,2013-05-10,Q1_2013,10-Q,-127,medium,negative,26.95035460992909
COF,2013-08-09,Q2_2013,10-Q,-69,medium,negative,19.10828025477707
COF,2013-03-01,FY2012,10-K,-106,medium,negative,-19.428571428571434
COF,2014-02-28,FY2013,10-K,-132,medium,negative,-12.12121212121212
COF,2013-11-07,Q3_2013,10-Q,-35,medium,negative,6.896551724137938
COF,2014-05-07,Q1_2014,10-Q,21,medium,negative,38.02816901408451
COF,2014-08-06,Q2_2014,10-Q,-65,medium,negative,27.499999999999996
COF,2015-05-06,Q1_2015,10-Q,6,medium,negative,13.636363636363635
COF,2016-05-05,Q1_2016,10-Q,-34,medium,negative,-7.0707070707070665
COF,2014-11-04,Q3_2014,10-Q,9,medium,negative,-7.920792079207917
COF,2015-08-04,Q2_2015,10-Q,49,medium,negative,-38.52459016393443
COF,2015-11-03,Q3_2015,10-Q,36,medium,negative,4.210526315789478
COF,2016-08-02,Q2_2016,10-Q,24,medium,negative,-16.7487684729064
COF,2015-02-25,FY2014,10-K,-101,medium,negative,-1.142857142857144
COF,2016-02-26,FY2015,10-K,-91,medium,negative,-3.6585365853658436
COF,2017-05-04,Q1_2017,10-Q,-63,medium,negative,-33.043478260869556
COF,2016-11-04,Q3_2016,10-Q,8,medium,negative,-4.040404040404044
COF,2018-05-03,Q1_2018,10-Q,8,medium,negative,29.702970297029708
COF,2018-11-02,Q3_2018,10-Q,80,medium,negative,7.942238267148022
COF,2017-07-29,Q2_2017,10-Q,-51,medium,negative,4.301075268817196
COF,2017-11-02,Q3_2017,10-Q,26,medium,negative,-0.9259259259259267
COF,2017-02-24,FY2016,10-K,-62,medium,negative,-18.079096045197744
COF,2019-05-02,Q1_2019,10-Q,24,medium,negative,5.265869934080002
COF,2019-02-21,FY2018,10-K,-78,medium,negative,-13.588850174216033
COF,2018-07-28,Q2_2018,10-Q,35,medium,negative,118.23529411764704
COF,2019-08-01,Q2_2019,10-Q,-49,medium,negative,12.121589634981941
COF,2020-05-02,Q1_2020,10-Q,-139,medium,negative,nan
COF,2019-11-01,Q3_2019,10-Q,32,medium,negative,-8.477252003973932
COF,2018-02-22,FY2017,10-K,-125,medium,negative,-192.16589861751152
COF,2020-11-03,Q3_2020,10-Q,-81,medium,negative,136.82153671903887
COF,2020-02-21,FY2019,10-K,-186,medium,negative,-5.008380371776091
COF,2020-08-07,Q2_2020,10-Q,-89,medium,negative,-30.914863872236566
COF,2021-05-08,Q1_2021,10-Q,-57,medium,negative,70.60084014240195
COF,2021-02-26,FY2020,10-K,-64,medium,negative,89.13014274906848
COF,2021-07-31,Q2_2021,10-Q,-70,medium,negative,65.08156589180875
COF,2021-11-06,Q3_2021,10-Q,18,medium,negative,28.49548465350758
COF,2022-05-11,Q1_2022,10-Q,-125,medium,negative,5.93220338983051
COF,2022-02-26,FY2021,10-K,-52,medium,negative,1.4033397499217406
COF,2022-07-30,Q2_2022,10-Q,-76,medium,negative,1.5033091649438641
COF,2022-11-05,Q3_2022,10-Q,-100,medium,negative,-13.946024599702318
COF,2023-02-25,FY2022,10-K,-96,medium,negative,-21.823599984519525
COF,2023-05-06,Q1_2023,10-Q,-120,medium,negative,-38.43349218025394
COF,2023-07-28,Q2_2023,10-Q,-89,medium,negative,8.054678122918332
COF,2023-11-03,Q3_2023,10-Q,-115,medium,negative,37.15307207470991
COF,2024-05-03,Q1_2024,10-Q,-81,medium,negative,-5.359437599213846
COF,2024-02-24,FY2023,10-K,-69,medium,negative,-37.04195192568688
COF,2024-08-02,Q2_2024,10-Q,-56,medium,negative,-59.55700264637874
COF,2024-11-01,Q3_2024,10-Q,-55,medium,negative,16.906355623301746
COF,2025-05-08,Q1_2025,10-Q,-111,medium,negative,-5.203894059169254
COP,2006-05-05,Q1_2006,10-Q,-100,medium,negative,0.0
COF,2025-02-21,FY2024,10-K,-82,medium,negative,-5.580643678323509
COP,2006-08-04,Q2_2006,10-Q,-77,medium,negative,12.363636363636358
COP,2007-05-04,Q1_2007,10-Q,-88,medium,negative,7.070707070707077
COP,2006-11-03,Q3_2006,10-Q,-38,medium,negative,8.962264150943392
COF,2025-08-01,Q2_2025,10-Q,-85,medium,negative,nan
COP,2007-08-02,Q2_2007,10-Q,-24,medium,negative,-92.68292682926828
COF,2025-11-04,Q3_2025,10-Q,-82,medium,negative,7.5668729664181935
COP,2007-11-02,Q3_2007,10-Q,-36,medium,negative,-7.08333333333333
COP,2008-05-01,Q1_2008,10-Q,-69,medium,negative,12.931034482758633
COP,2008-10-30,Q3_2008,10-Q,79,medium,negative,21.071428571428584
COP,2008-07-31,Q2_2008,10-Q,-66,medium,negative,2.63929618768328
COP,2009-04-30,Q1_2009,10-Q,-80,medium,negative,92.85714285714285
COP,2006-02-28,FY2005,10-K,0,medium,negative,6.666666666666682
COP,2009-08-05,Q2_2009,10-Q,-67,medium,negative,-21.917808219178088
COP,2010-05-05,Q1_2010,10-Q,-86,medium,negative,8.527131782945727
COP,2009-11-04,Q3_2009,10-Q,-31,medium,negative,10.227272727272723
COP,2010-08-06,Q2_2010,10-Q,-91,medium,negative,-3.448275862068969
COP,2010-11-03,Q3_2010,10-Q,100,medium,negative,44.366197183098585
COP,2007-02-24,FY2006,10-K,-40,medium,negative,7.777777777777772
COP,2011-05-04,Q1_2011,10-Q,-53,medium,negative,-1.4150943396226532
COP,2011-08-03,Q2_2011,10-Q,-49,medium,negative,22.33502538071067
COP,2011-11-02,Q3_2011,10-Q,-51,medium,negative,3.8043478260869477
COP,2008-02-23,FY2007,10-K,-83,medium,negative,22.80701754385965
COP,2012-05-01,Q1_2012,10-Q,0,medium,negative,6.074766355140182
COP,2009-02-26,FY2008,10-K,-45,medium,negative,nan
COP,2012-08-01,Q2_2012,10-Q,13,medium,negative,60.7142857142857
COP,2012-10-31,Q3_2012,10-Q,-24,medium,negative,154.2553191489362
COP,2010-02-26,FY2009,10-K,-50,medium,negative,-24.074074074074083
COP,2013-05-01,Q1_2013,10-Q,-141,medium,negative,23.57142857142858
COP,2013-11-06,Q3_2013,10-Q,-137,medium,negative,39.86013986013987
COP,2013-08-03,Q2_2013,10-Q,-100,medium,negative,41.02564102564102
COP,2014-05-07,Q1_2014,10-Q,-35,medium,negative,30.53435114503816
COP,2011-02-24,FY2010,10-K,-114,medium,negative,7.575757575757565
COP,2014-08-06,Q2_2014,10-Q,-68,medium,negative,5.031446540880494
COP,2015-05-06,Q1_2015,10-Q,-62,medium,negative,nan
COP,2014-11-05,Q3_2014,10-Q,-97,medium,negative,95.49549549549548
COP,2015-11-04,Q3_2015,10-Q,-104,medium,negative,-138.88888888888889
COP,2015-08-05,Q2_2015,10-Q,-84,medium,negative,nan
COP,2016-05-04,Q1_2016,10-Q,-151,medium,negative,-2.6086956521739157
COP,2012-02-22,FY2011,10-K,-149,medium,negative,76.00000000000001
COP,2013-02-20,FY2012,10-K,-162,medium,negative,-17.73049645390071
COP,2016-08-03,Q2_2016,10-Q,-164,medium,negative,-100.0
COP,2016-11-02,Q3_2016,10-Q,-179,medium,negative,-15.277777777777777
COP,2017-05-05,Q1_2017,10-Q,-116,medium,negative,nan
COP,2015-02-25,FY2014,10-K,-129,medium,negative,-105.4310344827586
COP,2014-02-26,FY2013,10-K,-55,medium,negative,63.934426229508205
COP,2017-08-02,Q2_2017,10-Q,-38,medium,negative,nan
COP,2017-11-01,Q3_2017,10-Q,-168,medium,negative,nan
COP,2016-02-24,FY2015,10-K,-136,medium,negative,nan
COP,2018-05-02,Q1_2018,10-Q,-109,medium,negative,50.0
COP,2018-08-01,Q2_2018,10-Q,-151,medium,negative,29.90654205607475
COP,2018-10-31,Q3_2018,10-Q,-116,medium,negative,59.00000000000001
COP,2019-05-03,Q1_2019,10-Q,-120,medium,negative,75.8029249211634
COP,2017-02-22,FY2016,10-K,-161,medium,negative,95.1551724137931
COP,2019-11-01,Q3_2019,10-Q,-69,medium,negative,nan
COP,2019-08-02,Q2_2019,10-Q,-68,medium,negative,34.075216196286114
COP,2020-05-06,Q1_2020,10-Q,-44,medium,negative,nan
COP,2020-08-05,Q2_2020,10-Q,-55,medium,negative,141.66088043327315
COP,2018-02-21,FY2017,10-K,-137,medium,negative,193.33333333333337
COP,2020-11-04,Q3_2020,10-Q,-131,medium,negative,-32.97451321829981
COP,2021-05-07,Q1_2021,10-Q,-116,medium,negative,38.03003533568906
COP,2021-08-06,Q2_2021,10-Q,-78,medium,negative,40.897562926669636
COP,2020-02-19,FY2019,10-K,-39,medium,negative,-18.9455438754006
COP,2021-11-05,Q3_2021,10-Q,-202,medium,negative,17.100640764180365
COP,2019-02-20,FY2018,10-K,-155,medium,negative,80.89887640449439
COP,2022-08-05,Q2_2022,10-Q,-132,medium,negative,2.603698396946756
COP,2022-05-06,Q1_2022,10-Q,-148,medium,negative,38.80826792519497
COP,2022-11-04,Q3_2022,10-Q,-154,medium,negative,4.007664339434139
COP,2023-05-05,Q1_2023,10-Q,-154,medium,negative,16.02223354935799
COP,2021-02-17,FY2020,10-K,-100,medium,negative,-183.46456692913384
COP,2022-02-18,FY2021,10-K,-165,medium,negative,-9.385883418989616
COP,2023-08-04,Q2_2023,10-Q,-190,medium,negative,-4.443878955322316
COP,2023-11-03,Q3_2023,10-Q,-158,medium,negative,9.678151355848872
COP,2024-05-03,Q1_2024,10-Q,-168,medium,negative,5.439191011676781
COP,2024-08-02,Q2_2024,10-Q,-124,medium,negative,0.8511223507479793
COP,2023-02-17,FY2022,10-K,-108,medium,negative,-4.125892620999735
COP,2024-11-01,Q3_2024,10-Q,-127,medium,negative,5.645427533839549
COP,2025-05-09,Q1_2025,10-Q,-228,medium,negative,8.586092215399752
CSGP,2006-08-09,Q2_2006,10-Q,54,medium,negative,-40.0
CSGP,2006-05-11,Q1_2006,10-Q,58,medium,negative,-83.33333333333333
COP,2025-08-08,Q2_2025,10-Q,-155,medium,negative,15.550419981334162
COP,2025-11-07,Q3_2025,10-Q,-206,medium,negative,-1.8191907909246847
CSGP,2006-03-08,FY2005,10-K,142,medium,positive,-86.84615384615384
CSGP,2007-05-11,Q1_2007,10-Q,104,medium,negative,-87.14285714285714
COP,2024-02-16,FY2023,10-K,-103,medium,negative,20.350736431887217
CSGP,2006-11-09,Q3_2006,10-Q,84,medium,negative,-75.00000000000001
CSGP,2007-11-08,Q3_2007,10-Q,176,medium,positive,-84.54545454545455
CSGP,2007-08-09,Q2_2007,10-Q,206,medium,positive,-85.00000000000001
CSGP,2008-05-10,Q1_2008,10-Q,140,medium,negative,-83.75
CSGP,2008-11-07,Q3_2008,10-Q,167,medium,negative,-85.83333333333333
CSGP,2008-07-26,Q2_2008,10-Q,210,medium,negative,-86.0
CSGP,2009-05-09,Q1_2009,10-Q,189,medium,negative,-87.6
CSGP,2007-03-01,FY2006,10-K,178,medium,positive,-84.33333333333334
COP,2025-02-19,FY2024,10-K,-140,medium,negative,3.441329711072033
CSGP,2009-08-01,Q2_2009,10-Q,203,medium,negative,-89.0909090909091
CSGP,2009-11-05,Q3_2009,10-Q,143,medium,negative,-87.77777777777777
CSGP,2008-03-01,FY2007,10-K,206,medium,positive,-54.090909090909086
CSGP,2010-04-24,Q1_2010,10-Q,102,medium,negative,-86.0
CSGP,2010-07-24,Q2_2010,10-Q,58,medium,negative,-86.66666666666667
CSGP,2009-02-25,FY2008,10-K,114,medium,positive,-87.96875
CSGP,2010-10-23,Q3_2010,10-Q,160,medium,negative,-88.57142857142857
CSGP,2011-04-30,Q1_2011,10-Q,115,medium,negative,-81.66666666666667
CSGP,2011-07-29,Q2_2011,10-Q,11,medium,negative,-76.00000000000001
CSGP,2011-10-28,Q3_2011,10-Q,48,medium,negative,-76.00000000000001
CSGP,2010-02-27,FY2009,10-K,187,medium,positive,-91.0
CSGP,2012-04-28,Q1_2012,10-Q,121,medium,negative,-92.85714285714285
CSGP,2011-02-26,FY2010,10-K,183,medium,positive,-88.56249999999999
CSGP,2012-07-27,Q2_2012,10-Q,17,medium,negative,-108.75862068965516
CSGP,2012-10-26,Q3_2012,10-Q,36,medium,negative,-92.25806451612902
CSGP,2013-04-26,Q1_2013,10-Q,28,medium,negative,-102.14634146341464
CSGP,2013-07-25,Q2_2013,10-Q,134,medium,negative,-93.25581395348837
CSGP,2012-02-24,FY2011,10-K,132,medium,positive,-65.66666666666666
CSGP,2013-10-25,Q3_2013,10-Q,97,medium,negative,-92.9090909090909
CSGP,2014-04-25,Q1_2014,10-Q,73,medium,negative,-94.23728813559322
CSGP,2014-07-26,Q2_2014,10-Q,94,medium,negative,-95.33333333333333
CSGP,2015-05-01,Q1_2015,10-Q,51,medium,negative,-121.33333333333334
CSGP,2014-10-31,Q3_2014,10-Q,27,medium,negative,-94.36619718309859
CSGP,2013-03-02,FY2012,10-K,266,medium,negative,-95.75
CSGP,2015-07-31,Q2_2015,10-Q,67,medium,negative,nan
CSGP,2014-02-21,FY2013,10-K,202,medium,positive,-93.57142857142856
CSGP,2016-04-29,Q1_2016,10-Q,90,medium,negative,-87.90697674418605
CSGP,2015-10-30,Q3_2015,10-Q,73,medium,negative,-104.54054054054053
CSGP,2016-07-29,Q2_2016,10-Q,91,medium,negative,-93.6
CSGP,2016-10-28,Q3_2016,10-Q,51,medium,negative,-92.42105263157895
CSGP,2015-02-27,FY2014,10-K,168,medium,positive,-94.81927710843372
CSGP,2017-04-28,Q1_2017,10-Q,23,medium,negative,-91.80722891566265
CSGP,2017-10-27,Q3_2017,10-Q,58,medium,negative,-88.23529411764706
CSGP,2016-02-27,FY2015,10-K,115,medium,negative,-86.85185185185185
CSGP,2017-07-28,Q2_2017,10-Q,46,medium,negative,-83.0
CSGP,2018-07-26,Q2_2018,10-Q,17,medium,negative,-87.5
CSGP,2018-04-26,Q1_2018,10-Q,140,medium,negative,-87.1559633027523
CSGP,2017-02-25,FY2016,10-K,238,medium,positive,-92.60162601626017
CSGP,2018-10-25,Q3_2018,10-Q,47,medium,negative,-92.0
CSGP,2019-04-25,Q1_2019,10-Q,95,medium,negative,-5.695190454713185
CSGP,2019-07-25,Q2_2019,10-Q,182,medium,negative,-15.123071546257918
CSGP,2018-02-24,FY2017,10-K,283,medium,positive,-90.39999999999999
CSGP,2019-10-24,Q3_2019,10-Q,112,medium,negative,-12.8954349289306
CSGP,2020-04-30,Q1_2020,10-Q,108,medium,negative,-11.828241414275004
CSGP,2020-10-29,Q3_2020,10-Q,47,medium,negative,-27.637609146606206
CSGP,2020-07-30,Q2_2020,10-Q,85,medium,negative,-20.031987205117954
CSGP,2019-03-01,FY2018,10-K,243,medium,positive,-89.77777777777777
CSGP,2021-04-29,Q1_2021,10-Q,40,medium,negative,-20.988065039298036
CSGP,2020-02-27,FY2019,10-K,129,medium,positive,-8.368967623701892
CSGP,2021-07-29,Q2_2021,10-Q,87,medium,negative,-29.975053612849578
CSGP,2021-02-25,FY2020,10-K,196,medium,positive,-62.37959403034438
CSGP,2021-10-28,Q3_2021,10-Q,73,medium,negative,-31.958324473740163
CSGP,2022-04-29,Q1_2022,10-Q,209,medium,negative,-15.378955114054444
CSGP,2022-07-28,Q2_2022,10-Q,71,medium,negative,0.5891651099295785
CSGP,2022-02-24,FY2021,10-K,123,medium,negative,-17.500257811694343
CSGP,2023-04-27,Q1_2023,10-Q,6,medium,negative,-17.465807263008966
CSGP,2022-10-27,Q3_2022,10-Q,15,medium,negative,-24.808889260203017
CSGP,2023-07-27,Q2_2023,10-Q,29,medium,negative,-17.43725231175694
CSGP,2023-10-26,Q3_2023,10-Q,4,medium,negative,-25.385789384432762
CSGP,2023-02-23,FY2022,10-K,146,medium,positive,-12.156418248795692
CSGP,2024-04-25,Q1_2024,10-Q,-4,medium,negative,-75.22957950700822
CVS,2006-03-15,FY2005,10-K,216,medium,positive,23.076923076923066
CSGP,2024-10-24,Q3_2024,10-Q,23,medium,negative,-20.029527559055122
CSGP,2024-07-26,Q2_2024,10-Q,85,medium,negative,-55.040091638029786
CSGP,2024-02-23,FY2023,10-K,179,medium,negative,-24.547283702213278
CSGP,2025-05-02,Q1_2025,10-Q,16,medium,negative,-131.47615310837912
CSGP,2025-07-24,Q2_2025,10-Q,-100,medium,negative,-89.40185830429732
CVS,2006-05-10,Q1_2006,10-Q,38,medium,negative,5.405405405405411
CVS,2007-02-28,FY2006,10-K,-68,medium,negative,13.953488372093023
CSGP,2025-10-30,Q3_2025,10-Q,44,medium,negative,-140.42845372150506
CSGP,2025-02-21,FY2024,10-K,49,medium,negative,-31.91412101130226
CVS,2006-08-09,Q2_2006,10-Q,31,medium,negative,17.64705882352941
CVS,2006-11-04,Q3_2006,10-Q,13,medium,negative,6.451612903225811
CVS,2007-05-09,Q1_2007,10-Q,-18,medium,negative,-8.510638297872337
CVS,2008-02-28,FY2007,10-K,5,medium,negative,0.0
CVS,2009-02-28,FY2008,10-K,51,medium,negative,-2.9411764705882377
CVS,2008-05-02,Q1_2008,10-Q,-21,medium,negative,-7.272727272727278
CVS,2008-08-01,Q2_2008,10-Q,22,medium,negative,-11.666666666666659
CVS,2007-08-09,Q2_2007,10-Q,62,medium,negative,4.444444444444437
CVS,2007-11-02,Q3_2007,10-Q,-3,medium,negative,4.651162790697678
CVS,2008-11-01,Q3_2008,10-Q,13,medium,negative,-16.666666666666664
CVS,2009-05-06,Q1_2009,10-Q,61,medium,negative,-5.660377358490571
CVS,2010-05-05,Q1_2010,10-Q,148,medium,positive,-1.785714285714287
CVS,2009-08-05,Q2_2009,10-Q,174,medium,positive,-4.761904761904765
CVS,2011-05-06,Q1_2011,10-Q,137,medium,positive,-1.8867924528301903
CVS,2010-07-30,Q2_2010,10-Q,97,medium,positive,-15.492957746478872
CVS,2010-11-04,Q3_2010,10-Q,204,medium,positive,-9.230769230769239
CVS,2010-02-27,FY2009,10-K,38,medium,negative,-1.2987012987012998
CVS,2009-11-06,Q3_2009,10-Q,138,medium,positive,12.698412698412692
CVS,2011-02-19,FY2010,10-K,27,medium,negative,-3.8461538461538494
CVS,2011-08-05,Q2_2011,10-Q,167,medium,positive,-4.761904761904765
CVS,2012-05-03,Q1_2012,10-Q,222,medium,positive,-3.2786885245901667
CVS,2011-11-04,Q3_2011,10-Q,221,medium,positive,-1.5151515151515165
CVS,2012-08-08,Q2_2012,10-Q,202,medium,positive,-5.06329113924051
CVS,2013-05-02,Q1_2013,10-Q,174,medium,positive,2.6666666666666687
CVS,2012-02-18,FY2011,10-K,-77,medium,negative,-7.8651685393258495
CVS,2012-11-07,Q3_2012,10-Q,136,medium,negative,-4.8192771084337265
CVS,2013-02-16,FY2012,10-K,-114,medium,negative,-15.094339622641511
CVS,2014-05-03,Q1_2014,10-Q,206,medium,positive,-10.377358490566046
CVS,2013-11-06,Q3_2013,10-Q,94,medium,negative,3.030303030303033
CVS,2013-08-07,Q2_2013,10-Q,34,medium,negative,-4.210526315789466
CVS,2014-08-06,Q2_2014,10-Q,190,medium,positive,-0.9345794392523372
CVS,2015-05-02,Q1_2015,10-Q,190,medium,positive,4.901960784313729
CVS,2014-11-05,Q3_2014,10-Q,142,medium,negative,-27.027027027027028
CVS,2014-02-12,FY2013,10-K,100,medium,negative,-4.545454545454549
CVS,2015-08-05,Q2_2015,10-Q,78,medium,positive,-5.08474576271185
CVS,2015-02-11,FY2014,10-K,100,medium,negative,-1.6806722689075646
CVS,2015-10-31,Q3_2015,10-Q,168,medium,positive,-14.615384615384611
CVS,2016-05-04,Q1_2016,10-Q,171,medium,positive,-8.771929824561392
CVS,2016-02-10,FY2015,10-K,100,medium,negative,-12.418300653594768
CVS,2016-08-03,Q2_2016,10-Q,162,medium,positive,-32.8125
CVS,2016-11-09,Q3_2016,10-Q,200,medium,positive,-4.666666666666671
CVS,2017-05-03,Q1_2017,10-Q,158,medium,positive,-10.679611650485436
CVS,2017-02-10,FY2016,10-K,-83,medium,negative,-2.453987730061338
CVS,2017-08-09,Q2_2017,10-Q,181,medium,positive,-17.05426356589147
CVS,2018-02-15,FY2017,10-K,-62,medium,negative,73.11827956989248
CVS,2017-11-07,Q3_2017,10-Q,148,medium,positive,-14.864864864864863
CVS,2018-05-03,Q1_2018,10-Q,42,medium,negative,-26.86567164179105
CVS,2018-08-09,Q2_2018,10-Q,-19,medium,negative,nan
CVS,2019-03-01,FY2018,10-K,31,medium,negative,-118.87755102040818
CVS,2018-11-07,Q3_2018,10-Q,89,medium,negative,-19.5266272189349
CVS,2019-05-02,Q1_2019,10-Q,112,medium,negative,-27.48223647443914
CVS,2019-08-08,Q2_2019,10-Q,35,medium,negative,-12.04665659236872
CVS,2020-05-07,Q1_2020,10-Q,144,medium,negative,-5.829927618297302
CVS,2019-11-07,Q3_2019,10-Q,95,medium,negative,-33.919212000722936
CVS,2020-11-07,Q3_2020,10-Q,227,medium,negative,-30.07939372067845
CVS,2021-05-05,Q1_2021,10-Q,145,medium,positive,-2.666249522021771
CVS,2020-08-06,Q2_2020,10-Q,173,medium,negative,18.259595510321542
CVS,2021-08-05,Q2_2021,10-Q,170,medium,positive,1.6486442007028375
CVS,2022-05-05,Q1_2022,10-Q,194,medium,positive,-18.292733592765444
CVS,2021-11-04,Q3_2021,10-Q,134,medium,negative,-32.789676494309525
CVS,2020-02-19,FY2019,10-K,176,medium,negative,-20.934988348314075
CVS,2021-02-17,FY2020,10-K,100,medium,negative,-40.2445129927809
CVS,2022-08-04,Q2_2022,10-Q,157,medium,positive,5.0126336159656
CVS,2022-11-03,Q3_2022,10-Q,91,medium,negative,nan
CVS,2023-05-04,Q1_2023,10-Q,149,medium,positive,-21.556322560401632
CVS,2022-02-10,FY2021,10-K,102,medium,negative,-46.89210426488918
CVS,2023-08-03,Q2_2023,10-Q,121,medium,negative,-30.063651527967455
CVS,2024-05-02,Q1_2024,10-Q,115,medium,negative,-48.09515102541568
CVS,2023-11-02,Q3_2023,10-Q,140,medium,negative,-17.909747631109866
CVS,2024-08-08,Q2_2024,10-Q,97,medium,negative,-18.85919480698847
CVS,2023-02-09,FY2022,10-K,164,medium,negative,-7.91609439380697
CVS,2024-11-07,Q3_2024,10-Q,44,medium,negative,-95.18812281080478
CVS,2025-05-02,Q1_2025,10-Q,127,medium,negative,-17.186940204272222
CVS,2024-02-08,FY2023,10-K,173,medium,negative,-20.125388070048526
CVS,2025-08-01,Q2_2025,10-Q,57,medium,negative,-45.13182080052673
CVS,2025-10-30,Q3_2025,10-Q,43,medium,negative,nan
CVX,2006-05-05,Q1_2006,10-Q,-61,medium,negative,2.2727272727272747
CVX,2006-08-04,Q2_2006,10-Q,3,medium,negative,-15.086206896551719
CVX,2007-05-05,Q1_2007,10-Q,-92,medium,negative,47.297297297297305
CVX,2006-11-04,Q3_2006,10-Q,48,medium,negative,29.37853107344633
CVS,2025-02-13,FY2024,10-K,50,medium,negative,42.2926631713751
CVX,2007-08-04,Q2_2007,10-Q,-41,medium,negative,8.154506437768237
CVX,2007-11-07,Q3_2007,10-Q,-39,medium,negative,-19.354838709677416
CVX,2008-05-09,Q1_2008,10-Q,-64,medium,negative,5.982905982905988
CVX,2008-08-08,Q2_2008,10-Q,-46,medium,negative,-8.22784810126583
CVX,2008-11-07,Q3_2008,10-Q,-66,medium,negative,45.28301886792453
CVX,2009-05-08,Q1_2009,10-Q,-32,medium,negative,2.222222222222224
CVX,2009-08-07,Q2_2009,10-Q,-77,medium,negative,-15.533980582524274
CVX,2009-11-06,Q3_2009,10-Q,-70,medium,negative,56.96220679508197
CVX,2010-05-06,Q1_2010,10-Q,-114,medium,negative,49.34210526315789
CVX,2006-03-02,FY2005,10-K,0,medium,negative,-2.604166666666657
CVX,2010-08-06,Q2_2010,10-Q,-65,medium,negative,23.85321100917431
CVX,2010-11-06,Q3_2010,10-Q,27,medium,negative,-23.045267489711936
CVX,2007-03-01,FY2006,10-K,39,medium,negative,2.325581395348839
CVX,2011-05-06,Q1_2011,10-Q,-76,medium,negative,5.460750853242311
CVX,2008-02-29,FY2007,10-K,-12,medium,negative,-19.354838709677416
CVX,2011-08-05,Q2_2011,10-Q,-62,medium,negative,17.73700305810398
CVX,2012-05-04,Q1_2012,10-Q,-17,medium,negative,-2.3880597014925393
CVX,2011-11-04,Q3_2011,10-Q,-52,medium,negative,28.947368421052627
CVX,2009-02-27,FY2008,10-K,37,medium,negative,65.1006711409396
CVX,2010-02-26,FY2009,10-K,34,medium,negative,-17.647058823529417
CVX,2012-08-03,Q2_2012,10-Q,57,medium,negative,25.342465753424666
CVX,2012-11-07,Q3_2012,10-Q,-65,medium,negative,-12.944983818770226
CVX,2013-05-03,Q1_2013,10-Q,-39,medium,negative,6.71140939597316
CVX,2013-08-08,Q2_2013,10-Q,-48,medium,negative,-12.063492063492061
CVX,2013-11-09,Q3_2013,10-Q,-80,medium,negative,-9.824561403508781
CVX,2014-05-03,Q1_2014,10-Q,-72,medium,negative,-11.278195488721813
CVX,2011-02-25,FY2010,10-K,39,medium,negative,nan
CVX,2014-08-07,Q2_2014,10-Q,-94,medium,negative,27.35042735042736
CVX,2014-11-08,Q3_2014,10-Q,-80,medium,negative,37.20930232558141
CVX,2015-05-08,Q1_2015,10-Q,-166,medium,negative,168.62745098039218
CVX,2012-02-24,FY2011,10-K,10,medium,negative,-16.7741935483871
CVX,2015-11-07,Q3_2015,10-Q,-61,medium,negative,nan
CVX,2015-08-06,Q2_2015,10-Q,-99,medium,negative,-79.86577181208054
CVX,2016-05-06,Q1_2016,10-Q,-135,medium,negative,-62.500000000000014
CVX,2016-08-05,Q2_2016,10-Q,-91,medium,negative,nan
CVX,2016-11-04,Q3_2016,10-Q,-53,medium,negative,172.00000000000003
CVX,2017-05-05,Q1_2017,10-Q,-93,medium,negative,161.1111111111111
CVX,2017-08-04,Q2_2017,10-Q,-75,medium,negative,-4.938271604938276
CVX,2017-11-03,Q3_2017,10-Q,-88,medium,negative,-7.207207207207213
CVX,2018-05-04,Q1_2018,10-Q,-48,medium,negative,79.24528301886791
CVX,2018-08-03,Q2_2018,10-Q,-51,medium,negative,-25.83333333333333
CVX,2018-11-09,Q3_2018,10-Q,-124,medium,negative,4.975124378109458
CVX,2015-02-21,FY2014,10-K,24,medium,negative,31.20567375886526
CVX,2013-02-23,FY2012,10-K,55,medium,negative,32.61648745519714
CVX,2016-02-26,FY2015,10-K,31,medium,negative,-150.81967213114754
CVX,2019-05-03,Q1_2019,10-Q,-24,medium,negative,6.965863268384272
CVX,2014-02-22,FY2013,10-K,48,medium,negative,0.0
CVX,2019-08-08,Q2_2019,10-Q,-108,medium,negative,28.984601397806692
CVX,2019-11-08,Q3_2019,10-Q,-71,medium,negative,-10.014821088291335
CVX,2017-02-24,FY2016,10-K,67,medium,negative,-77.08333333333334
CVX,2020-05-07,Q1_2020,10-Q,-70,medium,negative,194.98074218988813
CVX,2020-08-06,Q2_2020,10-Q,-70,medium,negative,nan
CVX,2020-11-06,Q3_2020,10-Q,4,medium,negative,53.225492106801795
CVX,2021-05-07,Q1_2021,10-Q,-14,medium,negative,-18.855867735064415
CVX,2021-08-06,Q2_2021,10-Q,2,medium,negative,0.6941603680371621
CVX,2021-11-05,Q3_2021,10-Q,-37,medium,negative,44.84067525721706
CVX,2018-02-23,FY2017,10-K,22,medium,negative,5.806451612903216
CVX,2022-05-05,Q1_2022,10-Q,-55,medium,negative,-5.1727946048620925
CVX,2020-02-22,FY2019,10-K,-45,medium,negative,nan
CVX,2022-08-05,Q2_2022,10-Q,-1,medium,negative,16.897711555387904
CVX,2022-11-04,Q3_2022,10-Q,17,medium,negative,18.223134917550624
CVX,2021-02-26,FY2020,10-K,87,medium,negative,nan
CVX,2022-02-25,FY2021,10-K,120,medium,negative,-15.841346538455383
CVX,2023-05-05,Q1_2023,10-Q,-17,medium,negative,1.7790746928978234
CVX,2023-11-03,Q3_2023,10-Q,-10,medium,negative,-6.014022275757019
CVX,2023-08-04,Q2_2023,10-Q,-20,medium,negative,9.793964762999433
CVX,2024-05-03,Q1_2024,10-Q,6,medium,negative,1.7036212653026424
CVX,2019-02-23,FY2018,10-K,18,medium,negative,8.938547486033514
CVX,2024-08-08,Q2_2024,10-Q,-72,medium,negative,-17.077298972167995
CVX,2024-11-08,Q3_2024,10-Q,-15,medium,negative,2.368932680043417
CVX,2025-05-09,Q1_2025,10-Q,-32,medium,negative,-6.813724808411803
CVX,2023-02-24,FY2022,10-K,131,medium,negative,-23.07550151076943
CVX,2025-08-08,Q2_2025,10-Q,-58,medium,negative,-16.383138227322533
DOV,2006-04-28,Q1_2006,10-Q,68,medium,negative,67.79661016949153
DOV,2006-10-25,Q3_2006,10-Q,72,medium,positive,2.4999999999999885
DOV,2006-07-26,Q2_2006,10-Q,100,medium,positive,-53.333333333333336
CVX,2024-02-27,FY2023,10-K,168,medium,negative,-62.11824742106664
CVX,2025-11-07,Q3_2025,10-Q,-77,medium,negative,7.761810872100951
DOV,2007-04-26,Q1_2007,10-Q,132,medium,positive,-20.253164556962027
DOV,2007-10-25,Q3_2007,10-Q,116,medium,negative,0.0
DOV,2008-04-24,Q1_2008,10-Q,160,medium,negative,2.7027027027027053
DOV,2007-07-26,Q2_2007,10-Q,119,medium,negative,6.329113924050624
DOV,2006-03-08,FY2005,10-K,118,medium,positive,0.0
DOV,2008-07-24,Q2_2008,10-Q,40,medium,negative,-22.826086956521745
DOV,2008-10-23,Q3_2008,10-Q,35,medium,negative,5.263157894736848
DOV,2009-04-23,Q1_2009,10-Q,-3,medium,negative,-52.459016393442624
CVX,2025-02-22,FY2024,10-K,117,medium,negative,-13.772682048609465
DOV,2009-07-25,Q2_2009,10-Q,14,medium,negative,36.8421052631579
DOV,2009-10-24,Q3_2009,10-Q,-52,medium,negative,49.999999999999986
DOV,2010-04-24,Q1_2010,10-Q,118,medium,negative,56.756756756756744
DOV,2007-03-01,FY2006,10-K,154,medium,positive,-14.705882352941188
DOV,2010-07-24,Q2_2010,10-Q,122,medium,negative,38.46153846153846
DOV,2008-02-29,FY2007,10-K,147,medium,positive,23.076923076923066
DOV,2010-10-23,Q3_2010,10-Q,7,medium,negative,45.1219512195122
DOV,2011-04-22,Q1_2011,10-Q,85,medium,negative,22.619047619047628
DOV,2009-02-21,FY2008,10-K,30,medium,negative,-19.75308641975309
DOV,2011-07-23,Q2_2011,10-Q,0,medium,negative,33.33333333333334
DOV,2010-02-20,FY2009,10-K,93,medium,negative,23.25581395348838
DOV,2012-04-19,Q1_2012,10-Q,0,medium,negative,6.060606060606066
DOV,2011-10-22,Q3_2011,10-Q,100,medium,negative,-11.650485436893202
DOV,2012-07-19,Q2_2012,10-Q,0,medium,negative,3.6036036036035863
DOV,2011-02-12,FY2010,10-K,100,medium,negative,51.428571428571445
DOV,2012-10-18,Q3_2012,10-Q,0,medium,negative,7.377049180327876
DOV,2013-04-18,Q1_2013,10-Q,0,medium,negative,13.20754716981131
DOV,2012-02-11,FY2011,10-K,173,medium,negative,60.63829787234044
DOV,2013-10-18,Q3_2013,10-Q,0,medium,negative,6.849315068493158
DOV,2013-07-19,Q2_2013,10-Q,0,medium,negative,56.557377049180324
DOV,2014-04-18,Q1_2014,10-Q,100,medium,negative,-7.920792079207917
DOV,2014-07-18,Q2_2014,10-Q,0,medium,negative,0.0
DOV,2015-04-22,Q1_2015,10-Q,0,medium,negative,82.85714285714288
DOV,2014-10-17,Q3_2014,10-Q,0,medium,negative,8.661417322834636
DOV,2015-07-22,Q2_2015,10-Q,0,medium,negative,104.95049504950494
DOV,2015-10-21,Q3_2015,10-Q,0,medium,negative,18.999999999999993
DOV,2013-02-16,FY2012,10-K,-9,medium,negative,-15.238095238095239
DOV,2016-04-22,Q1_2016,10-Q,100,medium,negative,14.285714285714276
DOV,2016-07-22,Q2_2016,10-Q,-141,medium,negative,-19.14893617021276
DOV,2017-04-21,Q1_2017,10-Q,100,medium,negative,142.22222222222226
DOV,2014-02-15,FY2013,10-K,-14,medium,negative,-11.718750000000009
DOV,2016-10-20,Q3_2016,10-Q,0,medium,negative,2.469135802469124
DOV,2017-07-21,Q2_2017,10-Q,0,medium,negative,6.122448979591842
DOV,2015-02-14,FY2014,10-K,-20,medium,negative,17.241379310344833
DOV,2018-04-28,Q1_2018,10-Q,33,medium,positive,-22.22222222222223
DOV,2017-10-20,Q3_2017,10-Q,-100,medium,negative,3.636363636363619
DOV,2018-07-20,Q2_2018,10-Q,-100,medium,negative,-18.750000000000007
DOV,2019-04-19,Q1_2019,10-Q,100,medium,negative,-34.72939896654882
DOV,2016-02-13,FY2015,10-K,-105,medium,negative,35.82089552238806
DOV,2018-10-19,Q3_2018,10-Q,100,medium,negative,-13.93442622950819
DOV,2019-07-19,Q2_2019,10-Q,0,medium,negative,-11.572824691487407
DOV,2017-02-11,FY2016,10-K,-68,medium,negative,18.390804597701152
DOV,2019-10-18,Q3_2019,10-Q,0,medium,negative,-7.519949268086466
DOV,2019-02-16,FY2018,10-K,49,medium,negative,-16.521739130434778
DOV,2020-04-22,Q1_2020,10-Q,100,medium,negative,0.6789589296412122
DOV,2020-07-23,Q2_2020,10-Q,-93,medium,negative,-7.035067237428116
DOV,2020-10-21,Q3_2020,10-Q,0,medium,negative,4.327315612809577
DOV,2018-02-10,FY2017,10-K,100,medium,negative,116.09195402298849
DOV,2021-04-21,Q1_2021,10-Q,0,medium,negative,10.470701248799235
DOV,2020-02-15,FY2019,10-K,182,medium,negative,-20.874644795959796
DOV,2021-07-21,Q2_2021,10-Q,0,medium,positive,-1.2543947219931435
DOV,2021-10-20,Q3_2021,10-Q,0,medium,negative,-2.167979201236676
DOV,2022-04-22,Q1_2022,10-Q,22,medium,negative,-14.59869598778104
DOV,2021-02-13,FY2020,10-K,126,medium,negative,-9.516019283945965
DOV,2022-07-22,Q2_2022,10-Q,55,medium,negative,-3.4474102181605857
DOV,2022-10-21,Q3_2022,10-Q,-24,medium,negative,-8.395967590493338
DOV,2023-04-27,Q1_2023,10-Q,-45,medium,negative,-15.22338378322152
DOV,2023-07-26,Q2_2023,10-Q,6,medium,negative,-21.585790615825086
DOV,2023-10-25,Q3_2023,10-Q,66,medium,negative,-11.523809114765648
DOV,2022-02-12,FY2021,10-K,89,medium,negative,49.17504403359734
DOV,2024-04-26,Q1_2024,10-Q,83,medium,negative,142.26442196888078
DOV,2024-07-26,Q2_2024,10-Q,8,medium,negative,-7.734056987788324
DOV,2024-10-25,Q3_2024,10-Q,5,medium,negative,15.38479219244894
DOV,2025-04-25,Q1_2025,10-Q,-49,medium,negative,-15.704673595372345
DOV,2023-02-11,FY2022,10-K,109,medium,negative,-13.198473778512204
DOV,2025-07-25,Q2_2025,10-Q,-53,medium,negative,-15.500970483903345
ECL,2006-05-05,Q1_2006,10-Q,216,medium,positive,0.0
DOV,2024-02-10,FY2023,10-K,110,medium,negative,-12.796224200494303
ECL,2006-03-01,FY2005,10-K,36,medium,negative,-100.0
ECL,2006-08-05,Q2_2006,10-Q,153,medium,positive,0.0
DOV,2025-10-24,Q3_2025,10-Q,-65,medium,negative,-12.62647218409881
ECL,2007-03-01,FY2006,10-K,102,medium,negative,-100.0
ECL,2006-11-04,Q3_2006,10-Q,152,medium,positive,0.0
ECL,2007-05-05,Q1_2007,10-Q,220,medium,positive,0.0
ECL,2007-08-04,Q2_2007,10-Q,232,medium,positive,9.999999999999995
DOV,2025-02-15,FY2024,10-K,-26,medium,negative,nan
ECL,2008-05-03,Q1_2008,10-Q,159,medium,positive,5.128205128205118
ECL,2007-11-03,Q3_2007,10-Q,178,medium,positive,-6.122448979591831
ECL,2008-02-26,FY2007,10-K,100,medium,negative,-100.0
ECL,2008-08-02,Q2_2008,10-Q,113,medium,positive,17.0212765957447
ECL,2009-02-28,FY2008,10-K,63,medium,negative,-100.0
ECL,2008-11-01,Q3_2008,10-Q,174,medium,positive,-9.090909090909099
ECL,2009-05-09,Q1_2009,10-Q,75,medium,negative,-27.272727272727277
ECL,2010-02-27,FY2009,10-K,66,medium,negative,-100.0
ECL,2009-08-08,Q2_2009,10-Q,48,medium,negative,-10.869565217391314
ECL,2011-02-26,FY2010,10-K,85,medium,negative,-100.0
ECL,2009-11-07,Q3_2009,10-Q,78,medium,negative,1.6949152542372898
ECL,2010-05-07,Q1_2010,10-Q,132,medium,negative,8.108108108108116
ECL,2011-05-06,Q1_2011,10-Q,124,medium,positive,-6.9767441860465045
ECL,2010-08-06,Q2_2010,10-Q,89,medium,positive,-3.571428571428574
ECL,2010-11-05,Q3_2010,10-Q,89,medium,positive,15.624999999999996
ECL,2011-08-05,Q2_2011,10-Q,49,medium,negative,-17.187499999999996
ECL,2011-11-01,Q3_2011,10-Q,131,medium,negative,-13.33333333333333
ECL,2012-02-29,FY2011,10-K,53,medium,negative,-100.0
ECL,2013-02-27,FY2012,10-K,35,medium,negative,-13.48314606741573
ECL,2012-05-04,Q1_2012,10-Q,165,medium,positive,-63.04347826086957
ECL,2013-05-03,Q1_2013,10-Q,154,medium,negative,-8.620689655172404
ECL,2012-08-03,Q2_2012,10-Q,118,medium,negative,-13.888888888888888
ECL,2012-10-31,Q3_2012,10-Q,169,medium,negative,-8.045977011494248
ECL,2014-03-01,FY2013,10-K,74,medium,negative,-12.264150943396226
ECL,2013-08-02,Q2_2013,10-Q,90,medium,negative,-15.853658536585366
ECL,2013-11-01,Q3_2013,10-Q,119,medium,negative,-1.960784313725492
ECL,2014-05-09,Q1_2014,10-Q,82,medium,negative,-16.216216216216218
ECL,2015-02-28,FY2014,10-K,10,medium,negative,-8.333333333333323
ECL,2014-08-08,Q2_2014,10-Q,82,medium,negative,0.990099009900991
ECL,2015-05-08,Q1_2015,10-Q,31,medium,negative,-6.097560975609748
ECL,2014-10-31,Q3_2014,10-Q,47,medium,negative,0.0
ECL,2015-08-07,Q2_2015,10-Q,50,medium,negative,-7.407407407407414
ECL,2015-11-03,Q3_2015,10-Q,123,medium,negative,-32.8125
ECL,2016-05-06,Q1_2016,10-Q,168,medium,negative,2.6666666666666687
ECL,2016-08-05,Q2_2016,10-Q,-9,medium,negative,-19.44444444444445
ECL,2017-05-05,Q1_2017,10-Q,-9,medium,negative,4.878048780487809
ECL,2016-11-04,Q3_2016,10-Q,-14,medium,negative,-0.7812500000000007
ECL,2017-08-04,Q2_2017,10-Q,-17,medium,negative,-10.619469026548662
ECL,2017-11-03,Q3_2017,10-Q,-24,medium,negative,-0.7407407407407414
ECL,2016-02-27,FY2015,10-K,15,medium,negative,-45.23809523809524
ECL,2018-05-04,Q1_2018,10-Q,109,medium,positive,-3.448275862068969
ECL,2017-02-25,FY2016,10-K,1,medium,negative,-3.8759689922480653
ECL,2018-08-03,Q2_2018,10-Q,80,medium,negative,-5.511811023622052
ECL,2018-11-02,Q3_2018,10-Q,140,medium,negative,-4.5161290322580685
ECL,2019-05-03,Q1_2019,10-Q,170,medium,negative,-0.5308305183230094
ECL,2018-02-24,FY2017,10-K,29,medium,negative,38.84892086330935
ECL,2019-08-02,Q2_2019,10-Q,167,medium,neutral,-10.741483249860087
ECL,2019-11-01,Q3_2019,10-Q,124,medium,negative,-6.815371361257465
ECL,2020-05-08,Q1_2020,10-Q,44,medium,negative,-8.784863929585681
ECL,2019-03-02,FY2018,10-K,106,medium,negative,-12.337662337662334
ECL,2021-05-07,Q1_2021,10-Q,115,medium,negative,-17.494797246542777
ECL,2020-08-07,Q2_2020,10-Q,86,medium,negative,nan
ECL,2020-10-31,Q3_2020,10-Q,-6,medium,negative,-24.01215805471125
ECL,2020-02-29,FY2019,10-K,193,medium,negative,-13.6837655016911
ECL,2021-08-06,Q2_2021,10-Q,151,medium,negative,-10.660368774144436
ECL,2021-10-30,Q3_2021,10-Q,13,medium,negative,-13.668842931251108
ECL,2022-05-06,Q1_2022,10-Q,216,medium,negative,-27.337902971879775
ECL,2022-08-05,Q2_2022,10-Q,64,medium,negative,-1.088937530337301
ECL,2021-02-27,FY2020,10-K,162,medium,negative,-16.663327857686596
ECL,2023-05-05,Q1_2023,10-Q,138,medium,negative,-4.928638508539037
ECL,2022-11-05,Q3_2022,10-Q,-6,medium,negative,-7.804606721882311
ECL,2023-08-04,Q2_2023,10-Q,94,medium,negative,-4.872984754861819
ECL,2023-11-03,Q3_2023,10-Q,104,medium,negative,-7.436584213014026
ECL,2024-05-03,Q1_2024,10-Q,105,medium,negative,7.032723571150568
ECL,2022-02-26,FY2021,10-K,122,medium,positive,-20.503275417931096
ECL,2024-08-03,Q2_2024,10-Q,103,medium,negative,2.205486820871432
ECL,2025-05-09,Q1_2025,10-Q,137,medium,negative,-5.722194733815643
ECL,2024-11-01,Q3_2024,10-Q,50,medium,negative,41.658613722217346
ECL,2023-02-25,FY2022,10-K,202,medium,negative,-25.71054271244388
ECL,2024-02-24,FY2023,10-K,231,medium,positive,-8.398136779122572
ECL,2025-08-08,Q2_2025,10-Q,139,medium,negative,-3.072700742231329
ECL,2025-10-31,Q3_2025,10-Q,111,medium,negative,-1.0039646704880894
ELV,2006-07-27,Q2_2006,10-Q,100,medium,negative,6.363636363636349
ELV,2006-04-27,Q1_2006,10-Q,-23,medium,negative,4.807692307692312
ECL,2025-02-22,FY2024,10-K,29,medium,negative,-7.647971871575046
ELV,2006-10-26,Q3_2006,10-Q,15,medium,negative,5.737704918032792
ELV,2007-04-26,Q1_2007,10-Q,-23,medium,negative,0.0
ELV,2007-10-25,Q3_2007,10-Q,12,medium,negative,1.3986013986014
ELV,2007-07-26,Q2_2007,10-Q,7,medium,negative,0.0
ELV,2008-04-24,Q1_2008,10-Q,-21,medium,negative,-18.3206106870229
ELV,2006-02-24,FY2005,10-K,4,medium,negative,-5.825242718446607
ELV,2008-07-24,Q2_2008,10-Q,-67,medium,negative,12.499999999999993
ELV,2008-10-23,Q3_2008,10-Q,-16,medium,negative,15.942028985507262
ELV,2007-02-27,FY2006,10-K,-16,medium,negative,1.5748031496063006
ELV,2009-04-23,Q1_2009,10-Q,124,medium,negative,31.818181818181806
ELV,2008-02-22,FY2007,10-K,-42,medium,negative,3.3112582781456985
ELV,2009-07-30,Q2_2009,10-Q,-42,medium,negative,5.1470588235294
ELV,2009-10-29,Q3_2009,10-Q,56,medium,negative,59.375000000000014
ELV,2009-02-20,FY2008,10-K,86,medium,negative,-63.97849462365591
ELV,2010-04-29,Q1_2010,10-Q,68,medium,negative,41.00719424460432
ELV,2010-07-29,Q2_2010,10-Q,45,medium,negative,18.181818181818183
ELV,2011-04-28,Q1_2011,10-Q,80,medium,negative,75.53956834532374
ELV,2010-11-04,Q3_2010,10-Q,-70,medium,negative,29.577464788732406
ELV,2010-02-19,FY2009,10-K,0,medium,negative,nan
ELV,2011-07-28,Q2_2011,10-Q,71,medium,negative,6.779661016949145
ELV,2012-04-26,Q1_2012,10-Q,-46,medium,negative,14.999999999999982
ELV,2011-10-27,Q3_2011,10-Q,-24,medium,negative,19.496855345911936
ELV,2012-07-26,Q2_2012,10-Q,-107,medium,negative,-8.490566037735855
ELV,2012-11-08,Q3_2012,10-Q,-69,medium,negative,35.22012578616351
ELV,2011-02-18,FY2010,10-K,-122,medium,negative,28.318584070796472
ELV,2013-04-25,Q1_2013,10-Q,-103,medium,negative,58.791208791208796
ELV,2013-07-25,Q2_2013,10-Q,-49,medium,negative,62.96296296296296
ELV,2013-10-24,Q3_2013,10-Q,-116,medium,negative,40.25974025974027
ELV,2014-05-01,Q1_2014,10-Q,-155,medium,negative,23.711340206185564
ELV,2012-02-23,FY2011,10-K,-43,medium,negative,-20.8
ELV,2014-07-31,Q2_2014,10-Q,-44,medium,negative,23.076923076923077
ELV,2013-02-23,FY2012,10-K,58,medium,negative,74.71264367816092
ELV,2014-10-30,Q3_2014,10-Q,-60,medium,negative,1.8348623853211024
ELV,2015-04-30,Q1_2015,10-Q,-98,medium,negative,40.45454545454544
ELV,2015-10-29,Q3_2015,10-Q,-135,medium,negative,25.90673575129535
ELV,2015-07-30,Q2_2015,10-Q,-96,medium,negative,28.278688524590162
ELV,2016-04-28,Q1_2016,10-Q,-48,medium,negative,-17.295597484276737
ELV,2014-02-21,FY2013,10-K,31,medium,negative,-41.37931034482759
ELV,2016-07-28,Q2_2016,10-Q,-19,medium,negative,-7.028753993610216
ELV,2016-11-03,Q3_2016,10-Q,-62,medium,negative,-7.630522088353428
ELV,2017-04-27,Q1_2017,10-Q,-57,medium,negative,22.69736842105263
ELV,2015-02-25,FY2014,10-K,24,medium,negative,5.263157894736847
ELV,2017-07-27,Q2_2017,10-Q,-99,medium,negative,2.2653721682847987
ELV,2017-10-26,Q3_2017,10-Q,-45,medium,negative,27.853881278538807
ELV,2016-02-20,FY2015,10-K,80,medium,negative,-46.03174603174603
ELV,2018-04-26,Q1_2018,10-Q,-63,medium,negative,14.712643678160934
ELV,2018-11-01,Q3_2018,10-Q,-62,medium,negative,0.8356545961002856
ELV,2019-04-25,Q1_2019,10-Q,-24,medium,negative,1.190313124948631
ELV,2018-07-26,Q2_2018,10-Q,-105,medium,negative,-2.2113022113022183
ELV,2019-07-25,Q2_2019,10-Q,19,medium,negative,-5.501912719312503
ELV,2017-02-23,FY2016,10-K,61,medium,negative,-6.1643835616438265
ELV,2019-10-24,Q3_2019,10-Q,-32,medium,negative,-5.593825213710692
ELV,2020-04-30,Q1_2020,10-Q,20,medium,negative,-8.224420647342292
ELV,2018-02-22,FY2017,10-K,34,medium,negative,nan
ELV,2020-10-29,Q3_2020,10-Q,-26,medium,negative,-78.89363849412176
ELV,2020-07-30,Q2_2020,10-Q,-50,medium,negative,1.9701642852646848
ELV,2021-04-22,Q1_2021,10-Q,0,medium,negative,4.623713253064652
ELV,2021-07-22,Q2_2021,10-Q,0,medium,negative,14.422796177489486
ELV,2021-10-21,Q3_2021,10-Q,-100,medium,negative,-3.796053911875304
ELV,2019-02-21,FY2018,10-K,40,medium,negative,-17.85714285714285
ELV,2021-02-19,FY2020,10-K,72,medium,negative,-13.501643073811929
ELV,2020-02-20,FY2019,10-K,31,medium,negative,-6.769752192971157
ELV,2022-04-21,Q1_2022,10-Q,0,medium,negative,-6.225619621904773
ELV,2022-07-21,Q2_2022,10-Q,100,medium,negative,-13.120260665036646
ELV,2022-10-20,Q3_2022,10-Q,0,medium,negative,-7.445078720616961
ELV,2023-04-20,Q1_2023,10-Q,0,medium,negative,-10.638055053417974
ELV,2022-02-17,FY2021,10-K,-23,medium,negative,-9.480677154917082
ELV,2023-07-20,Q2_2023,10-Q,0,medium,negative,-11.318956910575588
ELV,2023-10-19,Q3_2023,10-Q,-100,medium,negative,-35.58041455480747
ELV,2024-04-19,Q1_2024,10-Q,-100,medium,negative,-8.835104663764087
ELV,2024-07-18,Q2_2024,10-Q,-100,medium,negative,-1.4834492194688709
ELV,2025-04-23,Q1_2025,10-Q,81,medium,negative,-15.793937864513245
ELV,2024-10-18,Q3_2024,10-Q,0,medium,negative,-54.85168363870577
ELV,2023-02-16,FY2022,10-K,-26,medium,negative,-30.836378908756046
ELV,2025-07-18,Q2_2025,10-Q,-100,medium,negative,-13.349264198317954
EOG,2006-05-05,Q1_2006,10-Q,-15,medium,negative,85.10638297872342
ELV,2024-02-22,FY2023,10-K,22,medium,negative,-35.148114203634925
ELV,2025-10-22,Q3_2025,10-Q,32,medium,negative,7.8446874328504705
EOG,2006-08-02,Q2_2006,10-Q,0,medium,negative,39.58333333333335
EOG,2006-11-02,Q3_2006,10-Q,42,medium,negative,21.999999999999996
EOG,2007-05-01,Q1_2007,10-Q,100,medium,negative,-4.347826086956525
EOG,2007-08-03,Q2_2007,10-Q,-9,medium,negative,37.77777777777777
EOG,2007-10-30,Q3_2007,10-Q,-100,medium,negative,2.4999999999999885
EOG,2008-05-09,Q1_2008,10-Q,-25,medium,negative,-30.43478260869565
EOG,2008-07-30,Q2_2008,10-Q,-111,medium,negative,-67.85714285714286
ELV,2025-02-21,FY2024,10-K,46,medium,negative,-54.90029476768669
EOG,2006-02-24,FY2005,10-K,-80,medium,negative,11.494252873563216
EOG,2008-11-04,Q3_2008,10-Q,-47,medium,negative,189.7196261682243
EOG,2009-05-05,Q1_2009,10-Q,2,medium,negative,-3.030303030303033
EOG,2009-08-07,Q2_2009,10-Q,-78,medium,negative,-118.72222222222221
EOG,2007-03-01,FY2006,10-K,-98,medium,negative,6.382978723404261
EOG,2009-11-06,Q3_2009,10-Q,-106,medium,negative,-96.0
EOG,2008-02-29,FY2007,10-K,-126,medium,negative,64.44444444444444
EOG,2010-05-05,Q1_2010,10-Q,-73,medium,negative,-20.689655172413783
EOG,2010-08-06,Q2_2010,10-Q,-118,medium,negative,-20.0
EOG,2011-05-07,Q1_2011,10-Q,-63,medium,negative,30.0
EOG,2010-11-03,Q3_2010,10-Q,-100,medium,negative,nan
EOG,2009-02-26,FY2008,10-K,-87,medium,negative,38.80597014925373
EOG,2011-08-05,Q2_2011,10-Q,-98,medium,negative,111.53846153846155
EOG,2011-11-02,Q3_2011,10-Q,-89,medium,negative,177.7777777777778
EOG,2010-02-26,FY2009,10-K,0,medium,negative,53.846153846153854
EOG,2012-05-09,Q1_2012,10-Q,-93,medium,negative,5.263157894736848
EOG,2012-08-03,Q2_2012,10-Q,-125,medium,negative,131.25
EOG,2013-05-07,Q1_2013,10-Q,-130,medium,negative,193.54838709677423
EOG,2012-11-06,Q3_2012,10-Q,-160,medium,negative,135.7142857142857
EOG,2013-08-07,Q2_2013,10-Q,-152,medium,negative,75.36231884057972
EOG,2014-05-07,Q1_2014,10-Q,-37,medium,negative,20.999999999999996
EOG,2013-11-07,Q3_2013,10-Q,-79,medium,negative,-5.55555555555556
EOG,2014-08-06,Q2_2014,10-Q,-118,medium,negative,0.0
EOG,2014-11-05,Q3_2014,10-Q,-199,medium,negative,55.81395348837207
EOG,2015-05-05,Q1_2015,10-Q,-60,medium,negative,-35.199999999999996
EOG,2011-02-25,FY2010,10-K,-33,medium,negative,37.5
EOG,2015-08-07,Q2_2015,10-Q,-125,medium,negative,-87.50000000000001
EOG,2012-02-25,FY2011,10-K,-45,medium,negative,-25.80645161290322
EOG,2013-02-23,FY2012,10-K,-80,medium,negative,nan
EOG,2016-05-06,Q1_2016,10-Q,-47,medium,negative,-1.176470588235295
EOG,2015-11-06,Q3_2015,10-Q,-128,medium,negative,nan
EOG,2014-02-25,FY2013,10-K,8,medium,negative,13.829787234042568
EOG,2016-11-04,Q3_2016,10-Q,-94,medium,negative,-59.09090909090908
EOG,2016-08-05,Q2_2016,10-Q,-102,medium,negative,8.620689655172404
EOG,2017-05-09,Q1_2017,10-Q,-133,medium,negative,-66.66666666666666
EOG,2017-08-02,Q2_2017,10-Q,-75,medium,negative,-71.42857142857143
EOG,2018-05-04,Q1_2018,10-Q,-83,medium,negative,35.802469135802475
EOG,2017-11-03,Q3_2017,10-Q,-127,medium,negative,112.5
EOG,2018-08-03,Q2_2018,10-Q,-66,medium,negative,10.091743119266043
EOG,2018-11-02,Q3_2018,10-Q,-102,medium,negative,58.91472868217053
EOG,2019-05-03,Q1_2019,10-Q,9,medium,negative,9.978004399120186
EOG,2019-08-02,Q2_2019,10-Q,-75,medium,negative,10.31856374297286
EOG,2015-02-19,FY2014,10-K,-141,medium,negative,-35.199999999999996
EOG,2019-11-07,Q3_2019,10-Q,-93,medium,negative,-6.607106670543343
EOG,2016-02-26,FY2015,10-K,-116,medium,negative,-48.57142857142859
EOG,2020-08-07,Q2_2020,10-Q,-217,medium,negative,nan
EOG,2020-05-08,Q1_2020,10-Q,-157,medium,negative,-97.42980240677463
EOG,2020-11-06,Q3_2020,10-Q,-173,medium,negative,-140.58243826818736
EOG,2017-02-28,FY2016,10-K,-123,medium,negative,-4.1666666666666705
EOG,2021-05-07,Q1_2021,10-Q,-7,medium,negative,-23.21084580605443
EOG,2021-08-05,Q2_2021,10-Q,-34,medium,negative,-0.5479487212391079
EOG,2021-11-05,Q3_2021,10-Q,-58,medium,negative,-8.048225770952053
EOG,2018-02-28,FY2017,10-K,-104,medium,negative,nan
EOG,2020-02-28,FY2019,10-K,-70,medium,negative,-5.532368045894087
EOG,2022-05-06,Q1_2022,10-Q,69,medium,negative,-81.76984841765005
EOG,2021-02-26,FY2020,10-K,-165,medium,negative,61.09321186534827
EOG,2022-08-05,Q2_2022,10-Q,-65,medium,negative,48.01979813362963
EOG,2019-02-27,FY2018,10-K,-59,medium,negative,6.94444444444445
EOG,2022-11-04,Q3_2022,10-Q,-19,medium,negative,30.091920916960678
EOG,2023-05-05,Q1_2023,10-Q,69,medium,negative,38.650548372965964
EOG,2022-02-25,FY2021,10-K,-78,medium,negative,6.996092591072927
EOG,2024-05-03,Q1_2024,10-Q,60,medium,negative,14.151047612033732
EOG,2023-08-04,Q2_2023,10-Q,-12,medium,negative,14.43222686834271
EOG,2023-11-03,Q3_2023,10-Q,-1,medium,negative,17.07632165037242
EOG,2024-11-08,Q3_2024,10-Q,50,medium,negative,6.1880644615545215
EOG,2024-08-02,Q2_2024,10-Q,2,medium,negative,-0.3381745331941396
EOG,2025-05-02,Q1_2025,10-Q,72,medium,negative,-5.321976734215573
EOG,2023-02-24,FY2022,10-K,-136,medium,negative,14.862358091563404
EOG,2025-08-08,Q2_2025,10-Q,56,medium,negative,10.175070874816925
EOG,2024-02-23,FY2023,10-K,-103,medium,negative,10.914362437002582
EOG,2025-11-07,Q3_2025,10-Q,72,medium,negative,9.809663250366036
EXPE,2006-05-16,Q1_2006,10-Q,0,medium,negative,-77.77777777777779
EXPE,2006-08-12,Q2_2006,10-Q,0,medium,negative,68.75000000000001
EOG,2025-02-28,FY2024,10-K,23,medium,negative,-13.50722389217493
EXPE,2006-11-15,Q3_2006,10-Q,-100,medium,negative,-34.61538461538461
EXPE,2007-05-10,Q1_2007,10-Q,-74,medium,negative,-52.17391304347826
EXPE,2007-08-04,Q2_2007,10-Q,-66,medium,negative,-6.250000000000005
EXPE,2008-05-03,Q1_2008,10-Q,5,medium,negative,-22.72727272727272
EXPE,2006-04-01,FY2005,10-K,0,medium,negative,-75.80645161290323
EXPE,2007-11-09,Q3_2007,10-Q,-54,medium,negative,-11.111111111111107
EXPE,2008-08-01,Q2_2008,10-Q,-82,medium,negative,-10.810810810810805
EXPE,2008-10-31,Q3_2008,10-Q,-91,medium,negative,-17.5
EXPE,2009-05-01,Q1_2009,10-Q,47,medium,negative,55.55555555555558
EXPE,2007-03-01,FY2006,10-K,-178,medium,negative,-2.380952380952383
EXPE,2009-07-31,Q2_2009,10-Q,-160,medium,negative,-43.99999999999999
EXPE,2009-10-30,Q3_2009,10-Q,51,medium,negative,5.263157894736847
EXPE,2008-02-23,FY2007,10-K,-97,medium,negative,-29.6875
EXPE,2010-05-01,Q1_2010,10-Q,2,medium,negative,5.263157894736847
EXPE,2010-07-31,Q2_2010,10-Q,45,medium,negative,0.0
EXPE,2010-10-30,Q3_2010,10-Q,25,medium,negative,21.56862745098039
EXPE,2011-04-30,Q1_2011,10-Q,54,medium,negative,-31.481481481481488
EXPE,2009-02-20,FY2008,10-K,-140,medium,negative,nan
EXPE,2010-02-12,FY2009,10-K,0,medium,negative,31.481481481481467
EXPE,2011-07-30,Q2_2011,10-Q,31,medium,negative,17.44186046511628
EXPE,2011-11-08,Q3_2011,10-Q,-58,medium,negative,8.695652173913052
EXPE,2012-04-28,Q1_2012,10-Q,23,medium,negative,-115.73333333333333
EXPE,2012-07-28,Q2_2012,10-Q,-11,medium,negative,43.39622641509433
EXPE,2012-10-27,Q3_2012,10-Q,-29,medium,negative,0.8333333333333341
EXPE,2011-02-12,FY2010,10-K,-100,medium,negative,-36.25000000000001
EXPE,2013-04-27,Q1_2013,10-Q,-52,medium,negative,nan
EXPE,2013-07-27,Q2_2013,10-Q,-144,medium,negative,-45.744680851063826
EXPE,2013-11-01,Q3_2013,10-Q,-113,medium,negative,-3.9370078740157513
EXPE,2012-02-11,FY2011,10-K,13,medium,negative,8.333333333333341
EXPE,2014-05-03,Q1_2014,10-Q,-53,medium,negative,-178.57142857142856
EXPE,2014-08-02,Q2_2014,10-Q,-96,medium,negative,36.73469387755103
EXPE,2014-11-01,Q3_2014,10-Q,-142,medium,negative,25.161290322580637
EXPE,2013-02-07,FY2012,10-K,0,medium,negative,-92.53731343283582
EXPE,2015-05-02,Q1_2015,10-Q,-130,medium,negative,78.94736842105264
EXPE,2015-08-01,Q2_2015,10-Q,-124,medium,negative,nan
EXPE,2015-10-31,Q3_2015,10-Q,-111,medium,negative,8.717948717948726
EXPE,2014-02-08,FY2013,10-K,-100,medium,negative,-12.50000000000001
EXPE,2016-04-30,Q1_2016,10-Q,-125,medium,negative,nan
EXPE,2016-07-30,Q2_2016,10-Q,-126,medium,negative,-71.23287671232877
EXPE,2017-04-29,Q1_2017,10-Q,21,medium,negative,nan
EXPE,2016-10-29,Q3_2016,10-Q,-29,medium,negative,-28.458498023715407
EXPE,2015-02-07,FY2014,10-K,0,medium,negative,-56.89655172413792
EXPE,2017-07-29,Q2_2017,10-Q,-31,medium,negative,-63.63636363636363
EXPE,2017-10-28,Q3_2017,10-Q,-25,medium,negative,-18.315018315018314
EXPE,2018-04-28,Q1_2018,10-Q,-96,medium,negative,-87.50000000000001
EXPE,2016-02-12,FY2015,10-K,-4,medium,negative,-107.60162601626016
EXPE,2018-07-28,Q2_2018,10-Q,-28,medium,negative,-97.72727272727273
EXPE,2018-10-27,Q3_2018,10-Q,-35,medium,negative,32.43243243243244
EXPE,2019-05-04,Q1_2019,10-Q,-103,medium,negative,-81.20631633445508
EXPE,2017-02-11,FY2016,10-K,141,medium,negative,-67.51592356687898
EXPE,2019-07-26,Q2_2019,10-Q,-78,medium,negative,-27.446724309544656
EXPE,2020-05-22,Q1_2020,10-Q,100,medium,negative,nan
EXPE,2019-11-08,Q3_2019,10-Q,0,medium,negative,-28.526404350658424
EXPE,2018-02-10,FY2017,10-K,-100,medium,negative,-18.315018315018314
EXPE,2020-08-01,Q2_2020,10-Q,-97,medium,negative,-56.3510890662066
EXPE,2020-11-06,Q3_2020,10-Q,-41,medium,negative,-73.05661241681196
EXPE,2021-05-08,Q1_2021,10-Q,54,medium,negative,-73.11272335020965
EXPE,2019-02-09,FY2018,10-K,165,medium,negative,-88.04347826086956
EXPE,2021-08-07,Q2_2021,10-Q,-28,medium,negative,-90.99817306095332
EXPE,2022-05-04,Q1_2022,10-Q,35,medium,negative,-66.20382058402761
EXPE,2020-02-15,FY2019,10-K,-60,medium,negative,-56.252155843281756
EXPE,2022-08-06,Q2_2022,10-Q,72,medium,negative,-175.19659448643276
EXPE,2021-11-06,Q3_2021,10-Q,8,medium,negative,34.853719516197344
EXPE,2021-02-13,FY2020,10-K,-25,medium,negative,-38.53554028860712
EXPE,2022-11-05,Q3_2022,10-Q,42,medium,negative,-26.526244677467464
EXPE,2023-05-06,Q1_2023,10-Q,157,medium,negative,nan
EXPE,2023-08-04,Q2_2023,10-Q,121,medium,negative,7.93445743812892
EXPE,2024-05-04,Q1_2024,10-Q,4,medium,negative,nan
EXPE,2023-11-04,Q3_2023,10-Q,44,medium,negative,-41.964618568500896
EXPE,2022-02-12,FY2021,10-K,-12,medium,negative,112.0626208445082
EXPE,2024-08-10,Q2_2024,10-Q,0,medium,negative,-12.048423625049871
EXPE,2024-11-09,Q3_2024,10-Q,137,medium,negative,-17.02201221620376
FAST,2006-02-24,FY2005,10-K,162,medium,positive,-53.85714285714286
EXPE,2025-05-10,Q1_2025,10-Q,118,medium,negative,nan
EXPE,2023-02-11,FY2022,10-K,-14,medium,negative,-35.87188242022981
FAST,2006-04-26,Q1_2006,10-Q,164,medium,positive,-50.625
EXPE,2025-08-09,Q2_2025,10-Q,100,medium,negative,-37.57849881323638
FAST,2006-07-22,Q2_2006,10-Q,0,medium,positive,-52.77777777777777
EXPE,2025-11-08,Q3_2025,10-Q,82,medium,negative,5.156544094018274
FAST,2006-10-25,Q3_2006,10-Q,69,medium,positive,-50.22222222222222
FAST,2007-05-02,Q1_2007,10-Q,134,medium,negative,-50.33333333333333
EXPE,2024-02-10,FY2023,10-K,-125,medium,negative,-45.6203463565632
FAST,2007-02-24,FY2006,10-K,204,medium,positive,-52.81250000000001
FAST,2008-02-22,FY2007,10-K,138,medium,positive,-41.625
FAST,2007-11-01,Q3_2007,10-Q,207,medium,positive,-50.0
FAST,2007-08-01,Q2_2007,10-Q,114,medium,negative,-50.0
FAST,2008-04-26,Q1_2008,10-Q,138,medium,positive,-41.625
FAST,2008-07-24,Q2_2008,10-Q,143,medium,positive,-50.0
FAST,2008-10-23,Q3_2008,10-Q,168,medium,positive,-53.846153846153854
FAST,2009-04-25,Q1_2009,10-Q,142,medium,negative,-58.75
EXPE,2025-02-08,FY2024,10-K,132,medium,negative,5.440236952968872
FAST,2009-10-24,Q3_2009,10-Q,156,medium,negative,-50.0
FAST,2009-07-25,Q2_2009,10-Q,134,medium,negative,-59.72222222222222
FAST,2010-04-28,Q1_2010,10-Q,100,medium,negative,-20.83333333333333
FAST,2009-02-21,FY2008,10-K,253,medium,positive,-38.888888888888886
FAST,2010-07-24,Q2_2010,10-Q,-3,medium,negative,-40.00000000000001
FAST,2010-10-22,Q3_2010,10-Q,0,medium,negative,-40.90909090909091
FAST,2010-02-10,FY2009,10-K,100,medium,positive,-53.125
FAST,2011-04-22,Q1_2011,10-Q,97,medium,negative,-41.66666666666666
FAST,2011-07-22,Q2_2011,10-Q,100,medium,negative,-42.85714285714286
FAST,2011-10-27,Q3_2011,10-Q,154,medium,negative,-43.33333333333333
FAST,2012-04-21,Q1_2012,10-Q,100,medium,negative,-50.0
FAST,2011-02-10,FY2010,10-K,100,medium,positive,-50.0
FAST,2012-07-21,Q2_2012,10-Q,100,medium,negative,-44.117647058823536
FAST,2012-10-19,Q3_2012,10-Q,0,medium,negative,-50.0
FAST,2013-04-16,Q1_2013,10-Q,0,medium,positive,-50.0
FAST,2012-02-10,FY2011,10-K,100,medium,positive,-50.73333333333334
FAST,2013-07-16,Q2_2013,10-Q,0,medium,positive,-50.0
FAST,2013-10-16,Q3_2013,10-Q,100,medium,positive,-50.0
FAST,2014-04-17,Q1_2014,10-Q,0,medium,positive,-50.0
FAST,2014-10-16,Q3_2014,10-Q,0,medium,positive,-74.44444444444444
FAST,2014-07-17,Q2_2014,10-Q,0,medium,positive,-50.0
FAST,2013-02-08,FY2012,10-K,0,medium,positive,-50.0
FAST,2015-04-18,Q1_2015,10-Q,100,medium,positive,-71.7948717948718
FAST,2015-07-18,Q2_2015,10-Q,100,medium,positive,-73.91304347826087
FAST,2015-10-17,Q3_2015,10-Q,100,medium,positive,-74.46808510638297
FAST,2016-04-16,Q1_2016,10-Q,0,medium,positive,-76.08695652173914
FAST,2016-07-16,Q2_2016,10-Q,100,medium,positive,-77.45098039215686
FAST,2014-02-07,FY2013,10-K,121,medium,positive,-50.0
FAST,2017-04-18,Q1_2017,10-Q,0,medium,negative,-75.0
FAST,2016-10-15,Q3_2016,10-Q,0,medium,positive,-76.08695652173914
FAST,2017-07-18,Q2_2017,10-Q,0,medium,positive,-45.83333333333333
FAST,2015-02-06,FY2014,10-K,100,medium,positive,-75.00000000000001
FAST,2017-10-17,Q3_2017,10-Q,0,medium,positive,-50.0
FAST,2018-04-17,Q1_2018,10-Q,0,medium,positive,-50.0
FAST,2018-07-17,Q2_2018,10-Q,0,medium,positive,-36.206896551724135
FAST,2018-10-17,Q3_2018,10-Q,100,medium,positive,-46.969696969696976
FAST,2016-02-06,FY2015,10-K,173,medium,positive,-75.60975609756096
FAST,2019-04-17,Q1_2019,10-Q,0,medium,negative,-49.130734013585084
FAST,2019-07-17,Q2_2019,10-Q,100,medium,negative,-51.458928860363514
FAST,2019-10-17,Q3_2019,10-Q,0,medium,negative,-47.804988150321634
FAST,2017-02-07,FY2016,10-K,0,medium,positive,-72.22222222222223
FAST,2020-04-18,Q1_2020,10-Q,0,medium,negative,1.880421493858056
FAST,2018-02-06,FY2017,10-K,0,medium,negative,-41.30434782608695
FAST,2020-07-18,Q2_2020,10-Q,0,medium,negative,15.05588428665352
FAST,2020-10-17,Q3_2020,10-Q,0,medium,negative,1.783896716130069
FAST,2021-04-17,Q1_2021,10-Q,0,medium,negative,1.043202796438907
FAST,2019-02-07,FY2018,10-K,-100,medium,negative,-50.0
FAST,2020-02-07,FY2019,10-K,76,medium,negative,-50.613350326589135
FAST,2021-07-17,Q2_2021,10-Q,0,medium,negative,2.0606531881804013
FAST,2021-10-16,Q3_2021,10-Q,0,medium,negative,0.869398145924399
FAST,2022-04-19,Q1_2022,10-Q,0,medium,positive,4.714374832902584
FAST,2021-02-09,FY2020,10-K,100,medium,positive,2.40346967050179
FAST,2022-07-19,Q2_2022,10-Q,0,medium,positive,0.152231391715404
FAST,2023-04-19,Q1_2023,10-Q,0,medium,negative,2.945834653151727
FAST,2022-10-19,Q3_2022,10-Q,0,medium,negative,3.1565917062100226
FAST,2022-02-08,FY2021,10-K,0,medium,positive,5.820105820105825
FAST,2023-07-19,Q2_2023,10-Q,0,medium,positive,-1.2495727144973279
FAST,2023-10-19,Q3_2023,10-Q,100,medium,negative,3.602167676123682
FAST,2024-04-17,Q1_2024,10-Q,0,medium,negative,-1.927501791709103
FAST,2024-07-18,Q2_2024,10-Q,100,medium,positive,-1.8028987784280543
FAST,2023-02-08,FY2022,10-K,0,medium,positive,2.0311313591495854
FAST,2024-10-17,Q3_2024,10-Q,0,medium,positive,1.3368671317768985
FAST,2025-04-17,Q1_2025,10-Q,0,medium,positive,0.023082249749944023
FAST,2024-02-07,FY2023,10-K,0,medium,positive,1.9232473632899099
FAST,2025-07-18,Q2_2025,10-Q,100,medium,positive,2.683945896182981
FAST,2025-10-17,Q3_2025,10-Q,0,medium,positive,-2.393053077984587
FRT,2006-05-04,Q1_2006,10-Q,23,medium,negative,130.43478260869568
FAST,2025-02-07,FY2024,10-K,100,medium,positive,-3.620516258799858
FRT,2006-08-03,Q2_2006,10-Q,-77,medium,negative,135.7142857142857
FRT,2007-05-03,Q1_2007,10-Q,-67,medium,negative,-8.888888888888896
FRT,2006-11-07,Q3_2006,10-Q,-72,medium,negative,10.810810810810805
FRT,2007-08-02,Q2_2007,10-Q,-94,medium,negative,0.0
FRT,2007-11-01,Q3_2007,10-Q,-101,medium,negative,-12.76595744680851
FRT,2008-05-08,Q1_2008,10-Q,-142,medium,negative,4.081632653061228
FRT,2006-03-04,FY2005,10-K,-28,medium,negative,152.967947621702
FRT,2008-07-31,Q2_2008,10-Q,-64,medium,negative,-16.94915254237288
FRT,2008-10-30,Q3_2008,10-Q,27,medium,negative,-94.95121951219512
FRT,2007-03-02,FY2006,10-K,-63,medium,negative,-22.72727272727273
FRT,2009-05-07,Q1_2009,10-Q,-32,medium,negative,-77.63157894736842
FRT,2009-08-05,Q2_2009,10-Q,-84,medium,negative,-4.0000000000000036
FRT,2009-11-05,Q3_2009,10-Q,-13,medium,negative,15.384615384615383
FRT,2010-05-05,Q1_2010,10-Q,-96,medium,negative,0.0
FRT,2008-02-28,FY2007,10-K,-57,medium,negative,nan
FRT,2010-08-05,Q2_2010,10-Q,-89,medium,negative,0.0
FRT,2010-11-04,Q3_2010,10-Q,-90,medium,negative,4.3478260869565135
FRT,2011-05-06,Q1_2011,10-Q,-14,medium,negative,-7.407407407407414
FRT,2009-02-27,FY2008,10-K,-13,medium,negative,11.933422440201932
FRT,2011-08-04,Q2_2011,10-Q,-147,medium,negative,3.7735849056603805
FRT,2010-02-18,FY2009,10-K,-100,medium,negative,73.70830536866978
FRT,2011-11-04,Q3_2011,10-Q,2,medium,negative,131.25
FRT,2012-05-08,Q1_2012,10-Q,25,medium,negative,103.03030303030303
FRT,2012-08-02,Q2_2012,10-Q,115,medium,negative,13.333333333333334
FRT,2011-02-16,FY2010,10-K,-100,medium,negative,4.244915743786075
FRT,2012-11-02,Q3_2012,10-Q,69,medium,negative,25.0
FRT,2013-05-02,Q1_2013,10-Q,102,medium,negative,-15.87301587301587
FRT,2013-08-02,Q2_2013,10-Q,55,medium,negative,16.32653061224489
FRT,2013-11-01,Q3_2013,10-Q,58,medium,negative,49.206349206349195
FRT,2014-05-09,Q1_2014,10-Q,90,medium,negative,-3.3898305084745797
FRT,2014-08-08,Q2_2014,10-Q,66,medium,negative,23.076923076923077
FRT,2014-10-31,Q3_2014,10-Q,25,medium,negative,25.454545454545435
FRT,2015-05-08,Q1_2015,10-Q,67,medium,negative,31.37254901960785
FRT,2012-02-17,FY2011,10-K,-103,medium,negative,-21.69365140168517
FRT,2013-02-13,FY2012,10-K,-100,medium,negative,-3.241513633834163
FRT,2015-08-06,Q2_2015,10-Q,200,medium,negative,53.658536585365866
FRT,2016-05-05,Q1_2016,10-Q,55,medium,negative,nan
FRT,2015-11-05,Q3_2015,10-Q,149,medium,negative,2.739726027397263
FRT,2016-08-05,Q2_2016,10-Q,57,medium,negative,5.405405405405411
FRT,2014-02-12,FY2013,10-K,-100,medium,negative,-47.5
FRT,2016-11-03,Q3_2016,10-Q,76,medium,negative,17.142857142857142
FRT,2017-05-04,Q1_2017,10-Q,-38,medium,negative,0.0
FRT,2017-08-03,Q2_2017,10-Q,25,medium,negative,90.9090909090909
FRT,2015-02-11,FY2014,10-K,-100,medium,negative,-35.148059496337034
FRT,2017-11-03,Q3_2017,10-Q,7,medium,negative,182.69230769230768
FRT,2018-05-03,Q1_2018,10-Q,-6,medium,negative,8.000000000000007
FRT,2016-02-10,FY2015,10-K,-100,medium,negative,76.73141094046626
FRT,2018-08-02,Q2_2018,10-Q,50,medium,negative,20.000000000000004
FRT,2018-11-01,Q3_2018,10-Q,14,medium,negative,7.894736842105256
FRT,2019-05-03,Q1_2019,10-Q,93,medium,negative,3.4908251403096844
FRT,2019-08-02,Q2_2019,10-Q,68,medium,negative,27.487524435108863
FRT,2020-05-07,Q1_2020,10-Q,45,medium,negative,-6.974271741441644
FRT,2019-10-31,Q3_2019,10-Q,29,medium,negative,4.744684830725097
FRT,2017-02-14,FY2016,10-K,-54,medium,negative,5.263157894736847
FRT,2020-08-06,Q2_2020,10-Q,22,medium,negative,-73.44534569331789
FRT,2021-05-06,Q1_2021,10-Q,-66,medium,negative,189.3658066071859
FRT,2020-11-06,Q3_2020,10-Q,10,medium,negative,nan
FRT,2021-08-05,Q2_2021,10-Q,-24,medium,negative,44.783967080698005
FRT,2018-02-14,FY2017,10-K,-151,medium,negative,-15.189873417721516
FRT,2020-02-11,FY2019,10-K,0,medium,negative,125.30715702265978
FRT,2021-11-05,Q3_2021,10-Q,-90,medium,negative,45.39506565495933
FRT,2019-02-14,FY2018,10-K,-133,medium,negative,-14.457831325301203
FRT,2021-02-12,FY2020,10-K,-121,medium,negative,nan
FRT,2022-05-06,Q1_2022,10-Q,178,medium,negative,29.93173427929135
FRT,2022-08-05,Q2_2022,10-Q,86,medium,negative,28.510477887630447
FRT,2023-05-05,Q1_2023,10-Q,127,medium,negative,9.538254128749575
FRT,2022-11-04,Q3_2022,10-Q,101,medium,negative,nan
FRT,2023-08-03,Q2_2023,10-Q,84,medium,negative,9.672505712109674
FRT,2022-02-11,FY2021,10-K,-82,medium,negative,164.85681178612813
FRT,2023-11-03,Q3_2023,10-Q,128,medium,negative,0.9248938029102572
FRT,2024-05-03,Q1_2024,10-Q,52,medium,negative,-1.2774104765608627
FRT,2024-08-02,Q2_2024,10-Q,80,medium,negative,87.92443159977792
FRT,2023-02-09,FY2022,10-K,-89,medium,negative,128.03902725066376
FRT,2024-10-31,Q3_2024,10-Q,45,medium,negative,-1.3334085078792355
FRT,2025-05-09,Q1_2025,10-Q,120,medium,negative,5.59971840075093
GE,2006-03-04,FY2005,10-K,159,medium,positive,nan
FRT,2024-02-13,FY2023,10-K,-144,medium,negative,15.099197334544906
FRT,2025-08-07,Q2_2025,10-Q,55,medium,negative,142.77803540740334
GE,2007-02-28,FY2006,10-K,66,medium,positive,nan
FRT,2025-11-01,Q3_2025,10-Q,-26,medium,negative,-0.9602549196916971
GE,2006-04-27,Q1_2006,10-Q,148,medium,positive,nan
GE,2007-04-28,Q1_2007,10-Q,107,medium,negative,nan
GE,2006-07-25,Q2_2006,10-Q,0,medium,positive,nan
GE,2008-02-21,FY2007,10-K,162,medium,positive,nan
GE,2006-11-01,Q3_2006,10-Q,75,medium,positive,nan
FRT,2025-02-14,FY2024,10-K,9,medium,negative,1.8680395908759233
GE,2007-11-03,Q3_2007,10-Q,-26,medium,negative,nan
GE,2008-04-26,Q1_2008,10-Q,-26,medium,negative,nan
GE,2007-07-28,Q2_2007,10-Q,100,medium,negative,nan
GE,2008-07-26,Q2_2008,10-Q,7,medium,negative,nan
GE,2008-10-31,Q3_2008,10-Q,-43,medium,negative,nan
GE,2009-05-02,Q1_2009,10-Q,139,medium,negative,nan
GE,2009-11-03,Q3_2009,10-Q,143,medium,negative,nan
GE,2009-08-04,Q2_2009,10-Q,126,medium,negative,nan
GE,2010-05-08,Q1_2010,10-Q,1,medium,negative,nan
GE,2010-08-03,Q2_2010,10-Q,-114,medium,negative,nan
GE,2010-11-04,Q3_2010,10-Q,-75,medium,negative,nan
GE,2009-02-19,FY2008,10-K,0,medium,negative,nan
GE,2011-11-09,Q3_2011,10-Q,-104,medium,negative,nan
GE,2011-05-07,Q1_2011,10-Q,-17,medium,negative,nan
GE,2012-05-05,Q1_2012,10-Q,-79,medium,negative,nan
GE,2011-07-30,Q2_2011,10-Q,-3,medium,negative,nan
GE,2010-02-20,FY2009,10-K,77,medium,negative,nan
GE,2012-07-31,Q2_2012,10-Q,8,medium,negative,nan
GE,2011-02-26,FY2010,10-K,11,medium,negative,nan
GE,2012-02-25,FY2011,10-K,90,medium,negative,nan
GE,2012-11-08,Q3_2012,10-Q,3,medium,negative,nan
GE,2013-05-09,Q1_2013,10-Q,-93,medium,negative,nan
GE,2013-11-02,Q3_2013,10-Q,-16,medium,negative,nan
GE,2013-07-27,Q2_2013,10-Q,10,medium,negative,nan
GE,2014-05-13,Q1_2014,10-Q,-65,medium,negative,nan
GE,2014-08-01,Q2_2014,10-Q,-49,medium,negative,nan
GE,2014-11-05,Q3_2014,10-Q,-8,medium,negative,nan
GE,2014-02-28,FY2013,10-K,79,medium,negative,nan
GE,2015-05-05,Q1_2015,10-Q,-15,medium,negative,nan
GE,2013-02-27,FY2012,10-K,43,medium,negative,nan
GE,2015-07-31,Q2_2015,10-Q,-123,medium,negative,nan
GE,2015-11-03,Q3_2015,10-Q,-34,medium,negative,nan
GE,2016-05-05,Q1_2016,10-Q,-70,medium,negative,-147.05882352941174
GE,2015-02-28,FY2014,10-K,81,medium,negative,nan
GE,2017-05-06,Q1_2017,10-Q,-44,medium,negative,-157.99999999999997
GE,2016-11-03,Q3_2016,10-Q,-31,medium,negative,nan
GE,2016-08-02,Q2_2016,10-Q,4,medium,negative,nan
GE,2016-02-27,FY2015,10-K,92,medium,negative,nan
GE,2017-07-29,Q2_2017,10-Q,133,medium,positive,nan
GE,2017-10-31,Q3_2017,10-Q,141,medium,positive,91.93548387096774
GE,2018-05-02,Q1_2018,10-Q,135,medium,negative,nan
GE,2017-02-25,FY2016,10-K,132,medium,negative,nan
GE,2019-05-01,Q1_2019,10-Q,-23,medium,negative,nan
GE,2018-07-28,Q2_2018,10-Q,90,medium,positive,nan
GE,2019-08-01,Q2_2019,10-Q,51,medium,negative,-109.4765498466522
GE,2019-10-31,Q3_2019,10-Q,51,medium,negative,nan
GE,2020-04-30,Q1_2020,10-Q,68,medium,negative,nan
GE,2018-10-31,Q3_2018,10-Q,35,medium,negative,nan
GE,2020-02-25,FY2019,10-K,-39,medium,negative,-44.121071012805594
GE,2021-04-28,Q1_2021,10-Q,206,medium,negative,nan
GE,2020-10-29,Q3_2020,10-Q,19,medium,negative,nan
GE,2021-07-28,Q2_2021,10-Q,157,medium,negative,nan
GE,2021-02-13,FY2020,10-K,-70,medium,negative,nan
GE,2020-07-30,Q2_2020,10-Q,49,medium,negative,nan
GE,2022-04-27,Q1_2022,10-Q,159,medium,negative,nan
GE,2021-10-27,Q3_2021,10-Q,79,medium,negative,nan
GE,2022-07-27,Q2_2022,10-Q,133,medium,positive,nan
GE,2022-02-12,FY2021,10-K,-102,medium,negative,nan
GE,2018-02-24,FY2017,10-K,-145,medium,negative,nan
GE,2022-10-26,Q3_2022,10-Q,166,medium,negative,-72.9061536898432
GE,2023-04-26,Q1_2023,10-Q,158,medium,negative,nan
GE,2023-07-26,Q2_2023,10-Q,181,medium,negative,-107.20867208672087
GE,2019-02-27,FY2018,10-K,-9,medium,negative,96.29629629629629
GE,2023-02-11,FY2022,10-K,-77,medium,negative,107.83234132381583
GE,2023-10-25,Q3_2023,10-Q,166,medium,negative,-48.10137531355419
GE,2024-07-24,Q2_2024,10-Q,80,medium,negative,16.675459599853898
GE,2024-10-23,Q3_2024,10-Q,81,medium,negative,48.96036244083452
GE,2024-04-24,Q1_2024,10-Q,-100,medium,negative,97.01660568533632
GPC,2006-03-04,FY2005,10-K,75,medium,negative,3.2786885245901667
GPC,2006-05-10,Q1_2006,10-Q,162,medium,positive,0.0
GPC,2006-11-07,Q3_2006,10-Q,216,medium,positive,2.898550724637684
GE,2025-04-23,Q1_2025,10-Q,31,medium,negative,43.65334798649816
GE,2025-02-04,FY2024,10-K,100,medium,negative,68.05108753060931
GE,2024-02-03,FY2023,10-K,-43,medium,negative,103.9868885668866
GPC,2007-05-08,Q1_2007,10-Q,153,medium,positive,-2.739726027397263
GPC,2006-08-05,Q2_2006,10-Q,282,medium,positive,2.9411764705882213
GE,2025-10-22,Q3_2025,10-Q,25,medium,negative,38.08377994093843
GE,2025-07-22,Q2_2025,10-Q,-100,medium,negative,32.01827300540646
GPC,2008-05-08,Q1_2008,10-Q,92,medium,positive,0.0
GPC,2007-11-06,Q3_2007,10-Q,184,medium,positive,-2.5641025641025665
GPC,2007-08-08,Q2_2007,10-Q,171,medium,positive,0.0
GPC,2008-08-07,Q2_2008,10-Q,212,medium,positive,5.194805194805199
GPC,2008-03-01,FY2007,10-K,123,medium,neutral,-1.2987012987012998
GPC,2009-08-07,Q2_2009,10-Q,236,medium,positive,10.169491525423737
GPC,2008-11-04,Q3_2008,10-Q,189,medium,positive,8.000000000000007
GPC,2009-11-06,Q3_2009,10-Q,182,medium,positive,6.349206349206354
GPC,2010-05-07,Q1_2010,10-Q,159,medium,positive,6.779661016949159
GPC,2009-05-08,Q1_2009,10-Q,209,medium,positive,33.33333333333336
GPC,2010-11-05,Q3_2010,10-Q,144,medium,positive,20.289855072463773
GPC,2009-02-28,FY2008,10-K,64,medium,negative,-3.508771929824545
GPC,2007-03-01,FY2006,10-K,124,medium,negative,2.9411764705882213
GPC,2011-05-06,Q1_2011,10-Q,140,medium,positive,14.285714285714299
GPC,2011-11-08,Q3_2011,10-Q,239,medium,positive,6.593406593406587
GPC,2011-08-05,Q2_2011,10-Q,177,medium,positive,17.073170731707318
GPC,2012-05-08,Q1_2012,10-Q,211,medium,positive,14.814814814814813
GPC,2010-08-06,Q2_2010,10-Q,149,medium,positive,21.875000000000004
GPC,2013-05-08,Q1_2013,10-Q,151,medium,positive,-11.428571428571429
GPC,2013-08-07,Q2_2013,10-Q,116,medium,negative,11.199999999999992
GPC,2012-08-04,Q2_2012,10-Q,213,medium,positive,0.0
GPC,2013-11-08,Q3_2013,10-Q,173,medium,positive,-11.111111111111104
GPC,2012-11-09,Q3_2012,10-Q,193,medium,positive,-1.7699115044247606
GPC,2014-05-08,Q1_2014,10-Q,155,medium,positive,0.0
GPC,2014-11-07,Q3_2014,10-Q,251,medium,positive,0.0
GPC,2010-02-27,FY2009,10-K,114,medium,negative,63.1578947368421
GPC,2015-05-08,Q1_2015,10-Q,225,medium,positive,0.0
GPC,2014-08-07,Q2_2014,10-Q,198,medium,positive,3.2258064516129057
GPC,2015-08-08,Q2_2015,10-Q,193,medium,positive,-7.246376811594193
GPC,2012-02-28,FY2011,10-K,281,medium,positive,8.749999999999995
GPC,2011-02-26,FY2010,10-K,192,medium,positive,15.38461538461538
GPC,2016-04-30,Q1_2016,10-Q,214,medium,positive,3.960396039603964
GPC,2015-11-07,Q3_2015,10-Q,218,medium,positive,0.0
GPC,2016-10-29,Q3_2016,10-Q,221,medium,positive,-6.060606060606066
GPC,2017-04-26,Q1_2017,10-Q,52,medium,positive,5.8823529411764754
GPC,2016-07-30,Q2_2016,10-Q,217,medium,positive,-1.5384615384615397
GPC,2013-02-27,FY2012,10-K,224,medium,positive,24.096385542168683
GPC,2018-04-27,Q1_2018,10-Q,207,medium,positive,-11.11111111111112
GPC,2017-10-27,Q3_2017,10-Q,231,medium,positive,-22.857142857142847
GPC,2017-07-29,Q2_2017,10-Q,224,medium,positive,-3.0075187969924837
GPC,2014-02-28,FY2013,10-K,245,medium,positive,8.988764044943816
GPC,2015-02-27,FY2014,10-K,206,medium,positive,0.0
GPC,2018-07-26,Q2_2018,10-Q,170,medium,positive,-1.9108280254777086
GPC,2016-02-27,FY2015,10-K,172,medium,positive,12.631578947368432
GPC,2018-10-23,Q3_2018,10-Q,0,medium,positive,0.6756756756756763
GPC,2019-04-20,Q1_2019,10-Q,0,medium,negative,-16.395014381591555
GPC,2019-07-20,Q2_2019,10-Q,100,medium,negative,-6.893530013144446
GPC,2020-05-07,Q1_2020,10-Q,64,medium,negative,-15.245832168714891
GPC,2017-02-28,FY2016,10-K,116,medium,negative,2.0000000000000018
GPC,2019-10-19,Q3_2019,10-Q,100,medium,negative,6.092858454444682
GPC,2018-02-28,FY2017,10-K,170,medium,negative,-31.132075471698116
GPC,2020-07-31,Q2_2020,10-Q,68,medium,negative,nan
GPC,2019-02-26,FY2018,10-K,85,medium,negative,0.0
GPC,2021-04-23,Q1_2021,10-Q,131,medium,negative,31.195717771771935
GPC,2020-10-23,Q3_2020,10-Q,145,medium,negative,11.779573528888264
GPC,2021-07-23,Q2_2021,10-Q,21,medium,negative,-11.54471544715447
GPC,2020-02-22,FY2019,10-K,-5,medium,negative,-95.3905367719929
GPC,2022-04-22,Q1_2022,10-Q,110,medium,negative,2.380952380952383
GPC,2021-10-22,Q3_2021,10-Q,100,medium,negative,-2.8711056811240034
GPC,2022-07-28,Q2_2022,10-Q,115,medium,negative,29.064039408867014
GPC,2022-10-21,Q3_2022,10-Q,133,medium,negative,7.46017867696982
GPC,2023-04-21,Q1_2023,10-Q,0,medium,positive,5.484192158679779
GPC,2021-02-20,FY2020,10-K,13,medium,negative,-12.646298942131878
GPC,2023-07-21,Q2_2023,10-Q,0,medium,positive,5.310406739866033
GPC,2023-10-20,Q3_2023,10-Q,0,medium,negative,2.9955575410120927
GPC,2024-04-19,Q1_2024,10-Q,100,medium,negative,-17.829214022583116
GPC,2022-02-18,FY2021,10-K,113,medium,negative,12.40188383045526
GPC,2024-07-24,Q2_2024,10-Q,118,medium,negative,-18.568660898291885
GPC,2024-10-23,Q3_2024,10-Q,117,medium,negative,-33.02768602387025
GPC,2023-02-24,FY2022,10-K,68,medium,negative,-6.693305640047023
GPC,2025-04-23,Q1_2025,10-Q,59,medium,negative,-16.50066203046534
LKQ,2006-05-10,Q1_2006,10-Q,-77,medium,negative,37.5
GPC,2025-07-23,Q2_2025,10-Q,0,medium,negative,-11.115428515919081
GPC,2024-02-23,FY2023,10-K,48,medium,negative,2.7870761170135356
GPC,2025-10-22,Q3_2025,10-Q,1,medium,negative,-18.690209698953005
LKQ,2006-08-05,Q2_2006,10-Q,-61,medium,negative,4.99999999999999
GPC,2025-02-22,FY2024,10-K,42,medium,negative,-38.042931085668556
LKQ,2006-11-04,Q3_2006,10-Q,-73,medium,negative,58.333333333333336
LKQ,2006-03-09,FY2005,10-K,-118,medium,negative,75.00000000000001
LKQ,2007-05-10,Q1_2007,10-Q,-125,medium,negative,0.0
LKQ,2007-08-07,Q2_2007,10-Q,-75,medium,negative,4.1666666666666705
LKQ,2007-11-10,Q3_2007,10-Q,-83,medium,negative,4.1666666666666705
LKQ,2009-05-02,Q1_2009,10-Q,-118,medium,negative,19.99999999999999
LKQ,2008-05-10,Q1_2008,10-Q,-39,medium,negative,22.222222222222225
LKQ,2008-08-08,Q2_2008,10-Q,46,medium,negative,57.14285714285713
LKQ,2009-08-05,Q2_2009,10-Q,-78,medium,negative,0.0
LKQ,2007-03-01,FY2006,10-K,-57,medium,negative,-4.400000000000001
LKQ,2008-11-08,Q3_2008,10-Q,-24,medium,negative,0.0
LKQ,2008-03-01,FY2007,10-K,-60,medium,negative,100.0
LKQ,2010-05-01,Q1_2010,10-Q,-37,medium,negative,89.99999999999999
LKQ,2009-11-03,Q3_2009,10-Q,-99,medium,negative,11.111111111111121
LKQ,2010-07-31,Q2_2010,10-Q,-17,medium,negative,8.333333333333341
LKQ,2009-02-28,FY2008,10-K,-77,medium,negative,-48.44444444444444
LKQ,2010-10-30,Q3_2010,10-Q,-19,medium,negative,18.181818181818183
LKQ,2011-04-30,Q1_2011,10-Q,-42,medium,negative,33.33333333333335
LKQ,2010-02-27,FY2009,10-K,-29,medium,negative,44.44444444444445
LKQ,2011-10-29,Q3_2011,10-Q,39,medium,negative,13.333333333333346
LKQ,2011-07-30,Q2_2011,10-Q,36,medium,negative,-5.8823529411764754
LKQ,2012-04-28,Q1_2012,10-Q,86,medium,negative,28.571428571428587
LKQ,2011-02-26,FY2010,10-K,-12,medium,negative,0.0
LKQ,2012-10-27,Q3_2012,10-Q,139,medium,negative,-18.181818181818183
LKQ,2012-07-28,Q2_2012,10-Q,111,medium,negative,9.999999999999995
LKQ,2013-04-27,Q1_2013,10-Q,97,medium,negative,-6.666666666666654
LKQ,2013-08-03,Q2_2013,10-Q,59,medium,negative,4.1666666666666705
LKQ,2012-02-28,FY2011,10-K,33,medium,negative,5.555555555555561
LKQ,2013-11-02,Q3_2013,10-Q,-26,medium,negative,-7.692307692307699
LKQ,2014-05-02,Q1_2014,10-Q,45,medium,negative,3.030303030303033
LKQ,2014-08-02,Q2_2014,10-Q,26,medium,negative,6.250000000000005
LKQ,2013-03-02,FY2012,10-K,60,medium,negative,-16.000000000000004
LKQ,2015-05-02,Q1_2015,10-Q,-7,medium,negative,24.999999999999982
LKQ,2014-11-01,Q3_2014,10-Q,-65,medium,negative,-9.090909090909099
LKQ,2015-08-04,Q2_2015,10-Q,75,medium,negative,18.18181818181818
LKQ,2014-03-04,FY2013,10-K,54,medium,negative,-13.333333333333327
LKQ,2015-10-31,Q3_2015,10-Q,-23,medium,negative,3.1250000000000027
LKQ,2016-04-30,Q1_2016,10-Q,-76,medium,negative,-16.666666666666668
LKQ,2015-03-03,FY2014,10-K,34,medium,negative,-29.729729729729726
LKQ,2016-08-03,Q2_2016,10-Q,-7,medium,negative,6.976744186046519
LKQ,2016-11-02,Q3_2016,10-Q,44,medium,negative,-11.111111111111107
LKQ,2017-05-02,Q1_2017,10-Q,-51,medium,negative,2.325581395348839
LKQ,2016-02-26,FY2015,10-K,-17,medium,negative,3.3333333333333366
LKQ,2017-08-01,Q2_2017,10-Q,114,medium,negative,-3.921568627450984
LKQ,2017-10-28,Q3_2017,10-Q,-2,medium,negative,0.0
LKQ,2018-05-08,Q1_2018,10-Q,1,medium,negative,-22.222222222222225
LKQ,2017-02-28,FY2016,10-K,-121,medium,negative,-31.70731707317072
LKQ,2018-08-07,Q2_2018,10-Q,-76,medium,negative,-9.090909090909099
LKQ,2018-11-07,Q3_2018,10-Q,36,medium,negative,-25.00000000000001
LKQ,2019-05-03,Q1_2019,10-Q,118,medium,negative,-44.430502276556844
LKQ,2019-08-03,Q2_2019,10-Q,7,medium,negative,-25.54561106888582
LKQ,2018-03-01,FY2017,10-K,-146,medium,negative,-9.302325581395344
LKQ,2019-11-06,Q3_2019,10-Q,-5,medium,negative,-14.887703878688932
LKQ,2020-05-08,Q1_2020,10-Q,8,medium,negative,-4.081632653061228
LKQ,2020-08-05,Q2_2020,10-Q,15,medium,negative,137.01002734731085
LKQ,2020-11-04,Q3_2020,10-Q,18,medium,negative,22.22137346268429
LKQ,2021-05-06,Q1_2021,10-Q,13,medium,negative,39.76240391334731
LKQ,2021-08-05,Q2_2021,10-Q,68,medium,negative,33.98779517113292
LKQ,2020-02-28,FY2019,10-K,-42,medium,negative,-11.929696923283114
LKQ,2021-11-04,Q3_2021,10-Q,59,medium,negative,11.157426705571767
LKQ,2022-05-05,Q1_2022,10-Q,-53,medium,negative,4.166666666666658
LKQ,2019-03-02,FY2018,10-K,-193,medium,negative,-78.0
LKQ,2022-08-03,Q2_2022,10-Q,-93,medium,negative,45.79256360078278
LKQ,2021-02-27,FY2020,10-K,-97,medium,negative,2.1172305807066523
LKQ,2023-04-28,Q1_2023,10-Q,65,medium,negative,5.234641993831798
LKQ,2022-11-02,Q3_2022,10-Q,-32,medium,negative,-0.6494389307788089
LKQ,2023-07-28,Q2_2023,10-Q,64,medium,negative,-2.3764364610063615
LKQ,2022-02-26,FY2021,10-K,-83,medium,negative,4.333041372559123
LKQ,2024-04-24,Q1_2024,10-Q,100,medium,negative,-37.65388395168704
LKQ,2023-10-28,Q3_2023,10-Q,-12,medium,negative,-18.749999999999993
LKQ,2024-10-25,Q3_2024,10-Q,54,medium,negative,-16.64668470752121
LKQ,2024-07-26,Q2_2024,10-Q,49,medium,negative,-31.981382332649922
LKQ,2025-04-25,Q1_2025,10-Q,-45,medium,negative,-16.513608281850054
MAS,2006-05-06,Q1_2006,10-Q,171,medium,negative,28.2051282051282
LKQ,2023-02-24,FY2022,10-K,-61,medium,negative,-15.297107160923732
LKQ,2025-07-25,Q2_2025,10-Q,53,medium,negative,-19.792761838696745
MAS,2006-03-03,FY2005,10-K,150,medium,positive,-16.000000000000004
LKQ,2025-10-31,Q3_2025,10-Q,12,medium,negative,-7.604176291231643
MAS,2006-11-03,Q3_2006,10-Q,98,medium,positive,10.344827586206906
LKQ,2024-02-23,FY2023,10-K,-75,medium,negative,-13.342611801160675
MAS,2006-08-04,Q2_2006,10-Q,-33,medium,negative,-12.903225806451607
MAS,2007-05-04,Q1_2007,10-Q,51,medium,negative,164.28571428571425
MAS,2008-05-01,Q1_2008,10-Q,105,medium,negative,-98.06896551724138
MAS,2008-07-31,Q2_2008,10-Q,207,medium,positive,35.29411764705882
LKQ,2025-02-21,FY2024,10-K,-117,medium,negative,-19.182123085626547
MAS,2007-11-01,Q3_2007,10-Q,-46,medium,negative,93.10344827586209
MAS,2007-08-02,Q2_2007,10-Q,-45,medium,negative,30.769230769230766
MAS,2008-10-30,Q3_2008,10-Q,-202,medium,negative,-64.0
MAS,2009-05-01,Q1_2009,10-Q,-99,medium,negative,-187.50000000000003
MAS,2009-07-31,Q2_2009,10-Q,94,medium,negative,178.9473684210526
MAS,2010-05-01,Q1_2010,10-Q,-79,medium,negative,nan
MAS,2007-02-28,FY2006,10-K,35,medium,positive,nan
MAS,2009-10-30,Q3_2009,10-Q,-87,medium,negative,99.75
MAS,2008-02-23,FY2007,10-K,83,medium,negative,nan
MAS,2010-07-30,Q2_2010,10-Q,-88,medium,negative,-91.4
MAS,2010-10-29,Q3_2010,10-Q,-75,medium,negative,-112.99999999999999
MAS,2011-04-29,Q1_2011,10-Q,-107,medium,negative,nan
MAS,2011-07-29,Q2_2011,10-Q,-56,medium,negative,-77.77777777777777
MAS,2009-02-18,FY2008,10-K,-33,medium,negative,nan
MAS,2012-05-03,Q1_2012,10-Q,54,medium,negative,200.0
MAS,2011-10-29,Q3_2011,10-Q,-131,medium,negative,25.000000000000007
MAS,2012-11-01,Q3_2012,10-Q,161,medium,positive,-63.63636363636365
MAS,2010-02-17,FY2009,10-K,109,medium,negative,nan
MAS,2012-08-01,Q2_2012,10-Q,-79,medium,negative,nan
MAS,2013-08-01,Q2_2013,10-Q,143,medium,negative,23.52941176470587
MAS,2013-05-03,Q1_2013,10-Q,-144,medium,negative,-13.333333333333327
MAS,2013-10-30,Q3_2013,10-Q,122,medium,positive,26.08695652173912
MAS,2011-02-19,FY2010,10-K,137,medium,negative,nan
MAS,2014-05-01,Q1_2014,10-Q,196,medium,positive,10.52631578947368
MAS,2012-02-22,FY2011,10-K,160,medium,negative,nan
MAS,2014-10-29,Q3_2014,10-Q,87,medium,negative,nan
MAS,2015-04-29,Q1_2015,10-Q,195,medium,positive,-10.000000000000009
MAS,2014-07-30,Q2_2014,10-Q,-12,medium,negative,62.500000000000014
MAS,2013-02-16,FY2012,10-K,39,medium,negative,nan
MAS,2015-07-29,Q2_2015,10-Q,11,medium,negative,-11.764705882352951
MAS,2016-04-27,Q1_2016,10-Q,163,medium,positive,60.0
MAS,2015-10-28,Q3_2015,10-Q,13,medium,negative,6.666666666666673
MAS,2016-07-27,Q2_2016,10-Q,183,medium,positive,12.499999999999996
MAS,2016-10-26,Q3_2016,10-Q,168,medium,positive,-14.893617021276587
MAS,2014-02-15,FY2013,10-K,95,medium,negative,-29.41176470588236
MAS,2017-04-26,Q1_2017,10-Q,133,medium,positive,38.70967741935484
MAS,2017-10-25,Q3_2017,10-Q,166,medium,positive,-11.11111111111112
MAS,2017-07-28,Q2_2017,10-Q,196,medium,positive,-14.999999999999996
MAS,2015-02-14,FY2014,10-K,145,medium,negative,75.00000000000001
MAS,2018-04-25,Q1_2018,10-Q,139,medium,positive,-11.320754716981142
MAS,2018-08-01,Q2_2018,10-Q,167,medium,positive,-13.924050632911388
MAS,2019-04-26,Q1_2019,10-Q,222,medium,positive,-17.70589352408685
MAS,2018-10-31,Q3_2018,10-Q,165,medium,positive,-22.66666666666667
MAS,2016-02-13,FY2015,10-K,94,medium,negative,-4.347826086956525
MAS,2019-07-26,Q2_2019,10-Q,183,medium,positive,0.5801758926490488
MAS,2019-10-31,Q3_2019,10-Q,229,medium,positive,-36.29374375606295
MAS,2020-04-30,Q1_2020,10-Q,250,medium,positive,nan
MAS,2020-07-31,Q2_2020,10-Q,215,medium,negative,24.584108930482056
MAS,2020-10-29,Q3_2020,10-Q,216,medium,positive,34.48951622199736
MAS,2021-04-29,Q1_2021,10-Q,216,medium,positive,-48.920571488664876
MAS,2017-02-10,FY2016,10-K,172,medium,negative,-14.285714285714283
MAS,2021-07-30,Q2_2021,10-Q,224,medium,positive,-113.61629286700772
MAS,2021-10-28,Q3_2021,10-Q,173,medium,positive,1.0674540086304751
MAS,2018-02-09,FY2017,10-K,124,medium,negative,-38.63636363636363
MAS,2022-04-28,Q1_2022,10-Q,71,medium,negative,14.64907926151809
MAS,2022-07-29,Q2_2022,10-Q,210,medium,negative,-0.052073709495898346
MAS,2019-02-08,FY2018,10-K,120,medium,negative,33.33333333333334
MAS,2022-10-27,Q3_2022,10-Q,87,medium,negative,-8.052142097752075
MAS,2023-04-27,Q1_2023,10-Q,151,medium,positive,43.195812318021986
MAS,2020-02-12,FY2019,10-K,96,medium,negative,-2.5185657822441905
MAS,2021-02-10,FY2020,10-K,-100,medium,negative,-0.5429815601311816
MAS,2023-07-28,Q2_2023,10-Q,205,medium,positive,21.03884720932415
MAS,2023-10-27,Q3_2023,10-Q,191,medium,positive,20.526811737120074
MAS,2024-04-25,Q1_2024,10-Q,206,medium,positive,9.881396060128903
MAS,2024-10-30,Q3_2024,10-Q,210,medium,negative,-29.017865373624147
MAS,2024-07-26,Q2_2024,10-Q,226,medium,positive,-0.6538167614842524
MAS,2022-02-09,FY2021,10-K,100,medium,negative,-19.872962223743816
MAS,2025-08-01,Q2_2025,10-Q,165,medium,positive,17.73904245044382
MAS,2025-04-24,Q1_2025,10-Q,105,medium,positive,-4.896205686551011
MAS,2023-02-10,FY2022,10-K,87,medium,negative,-25.408759995226166
MAS,2025-10-30,Q3_2025,10-Q,223,medium,positive,-12.400233599377074
MAS,2024-02-09,FY2023,10-K,166,medium,negative,29.417317559646154
MMM,2006-05-03,Q1_2006,10-Q,-24,medium,positive,5.40540540540539
MMM,2006-08-05,Q2_2006,10-Q,51,medium,negative,4.587155963302736
MMM,2006-10-28,Q3_2006,10-Q,100,medium,positive,10.280373831775687
MAS,2025-02-12,FY2024,10-K,77,medium,negative,-2.8771224205306316
MMM,2007-05-05,Q1_2007,10-Q,57,medium,positive,92.70833333333334
MMM,2008-05-03,Q1_2008,10-Q,2,medium,negative,4.5454545454545325
MMM,2006-02-22,FY2005,10-K,0,medium,positive,-0.980392156862746
MMM,2007-08-08,Q2_2007,10-Q,67,medium,positive,10.619469026548684
MMM,2007-10-30,Q3_2007,10-Q,100,medium,negative,3.9370078740157513
MMM,2008-08-02,Q2_2008,10-Q,-36,medium,negative,1.5267175572519098
MMM,2008-11-01,Q3_2008,10-Q,-6,medium,negative,5.223880597014913
MMM,2007-02-27,FY2006,10-K,214,medium,positive,36.44067796610171
MMM,2009-05-02,Q1_2009,10-Q,64,medium,negative,-18.681318681318686
MMM,2008-02-16,FY2007,10-K,143,medium,negative,4.347826086956526
MMM,2009-08-01,Q2_2009,10-Q,44,medium,negative,64.70588235294117
MMM,2010-05-06,Q1_2010,10-Q,108,medium,positive,26.47058823529412
MMM,2009-10-31,Q3_2009,10-Q,-12,medium,negative,39.17525773195877
MMM,2009-02-18,FY2008,10-K,-103,medium,negative,-13.48314606741573
MMM,2010-08-05,Q2_2010,10-Q,167,medium,negative,8.450704225352121
MMM,2010-11-06,Q3_2010,10-Q,156,medium,negative,2.684563758389264
MMM,2011-05-06,Q1_2011,10-Q,65,medium,negative,7.1942446043165535
MMM,2010-02-17,FY2009,10-K,82,medium,negative,16.964285714285708
MMM,2011-08-05,Q2_2011,10-Q,79,medium,negative,0.0
MMM,2011-11-04,Q3_2011,10-Q,138,medium,negative,-10.588235294117645
MMM,2012-05-04,Q1_2012,10-Q,109,medium,negative,17.777777777777775
MMM,2011-02-17,FY2010,10-K,10,medium,negative,3.174603174603177
MMM,2012-11-02,Q3_2012,10-Q,89,medium,negative,0.0
MMM,2012-08-03,Q2_2012,10-Q,109,medium,negative,1.2195121951219523
MMM,2013-05-03,Q1_2013,10-Q,128,medium,negative,-4.733727810650878
MMM,2013-08-02,Q2_2013,10-Q,50,medium,negative,1.1834319526627228
MMM,2013-11-01,Q3_2013,10-Q,85,medium,negative,3.4883720930232593
MMM,2012-02-17,FY2011,10-K,106,medium,negative,7.8740157480315025
MMM,2014-05-02,Q1_2014,10-Q,105,medium,negative,-1.1049723756906087
MMM,2013-02-15,FY2012,10-K,0,medium,negative,0.0
MMM,2014-08-01,Q2_2014,10-Q,67,medium,negative,0.0
MMM,2014-10-31,Q3_2014,10-Q,131,medium,negative,2.061855670103095
MMM,2015-05-01,Q1_2015,10-Q,2,medium,negative,-7.96019900497511
MMM,2015-07-31,Q2_2015,10-Q,68,medium,negative,2.020202020202022
MMM,2014-02-14,FY2013,10-K,100,medium,negative,0.0
MMM,2015-10-30,Q3_2015,10-Q,96,medium,negative,5.1282051282051215
MMM,2016-05-04,Q1_2016,10-Q,26,medium,negative,14.525139664804456
MMM,2015-02-13,FY2014,10-K,129,medium,positive,1.1173184357541908
MMM,2016-08-03,Q2_2016,10-Q,15,medium,negative,0.9708737864077678
MMM,2016-11-02,Q3_2016,10-Q,40,medium,negative,0.9389671361502356
MMM,2017-05-04,Q1_2017,10-Q,-5,medium,negative,10.204081632653072
MMM,2016-02-12,FY2015,10-K,173,medium,negative,3.7499999999999893
MMM,2017-08-02,Q2_2017,10-Q,161,medium,negative,3.200000000000003
MMM,2017-11-01,Q3_2017,10-Q,91,medium,negative,11.483253588516758
MMM,2018-05-09,Q1_2018,10-Q,142,medium,negative,-60.8
MMM,2017-02-10,FY2016,10-K,81,medium,negative,1.0752688172042901
MMM,2018-07-27,Q2_2018,10-Q,34,medium,negative,19.45525291828794
MMM,2018-10-26,Q3_2018,10-Q,36,medium,negative,-8.510638297872333
MMM,2019-04-27,Q1_2019,10-Q,-31,medium,negative,-27.46173726737315
MMM,2018-02-09,FY2017,10-K,107,medium,negative,-55.729166666666664
MMM,2019-07-27,Q2_2019,10-Q,-41,medium,negative,11.816434686389835
MMM,2019-10-26,Q3_2019,10-Q,77,medium,negative,30.53827843046917
MMM,2020-04-29,Q1_2020,10-Q,95,medium,negative,30.69586718474038
MMM,2019-02-08,FY2018,10-K,78,medium,negative,0.8888888888888897
MMM,2021-04-28,Q1_2021,10-Q,47,medium,negative,44.483796429111656
MMM,2020-07-29,Q2_2020,10-Q,112,medium,negative,47.40840095085061
MMM,2020-10-28,Q3_2020,10-Q,130,medium,negative,28.479657387580303
MMM,2020-02-07,FY2019,10-K,-39,medium,negative,-5.941014817123275
MMM,2021-10-27,Q3_2021,10-Q,15,medium,negative,32.88856344750903
MMM,2021-07-28,Q2_2021,10-Q,86,medium,negative,35.93945183334558
MMM,2022-04-27,Q1_2022,10-Q,-10,medium,negative,16.380264790850234
MMM,2022-07-28,Q2_2022,10-Q,-4,medium,negative,-93.05906733696244
MMM,2021-02-05,FY2020,10-K,100,medium,negative,32.37887055237586
MMM,2022-10-26,Q3_2022,10-Q,-4,medium,negative,nan
MMM,2023-04-26,Q1_2023,10-Q,-101,medium,negative,33.03601799009788
MMM,2022-02-10,FY2021,10-K,-34,medium,negative,37.03587255070625
MMM,2023-10-25,Q3_2023,10-Q,-70,medium,negative,nan
MMM,2023-07-26,Q2_2023,10-Q,-96,medium,negative,nan
MMM,2024-05-01,Q1_2024,10-Q,-47,medium,negative,-20.4318596551412
MMM,2023-02-09,FY2022,10-K,-73,medium,negative,-50.40586222950952
MMM,2024-10-23,Q3_2024,10-Q,-93,medium,negative,30.246628292928868
MMM,2024-07-27,Q2_2024,10-Q,-101,medium,negative,22.374299021005616
MMM,2024-02-08,FY2023,10-K,-72,medium,negative,-11.920749398988645
MMM,2025-04-23,Q1_2025,10-Q,-170,medium,negative,14.49803276664291
NFLX,2006-05-10,Q1_2006,10-Q,-65,medium,negative,-90.5
MMM,2025-07-19,Q2_2025,10-Q,-42,medium,negative,-33.38172272876418
MMM,2025-02-06,FY2024,10-K,-100,medium,negative,-20.01491451218118
NFLX,2006-11-10,Q3_2006,10-Q,-22,medium,negative,-74.0
MMM,2025-10-22,Q3_2025,10-Q,-182,medium,negative,-25.264467352626358
NFLX,2006-08-10,Q2_2006,10-Q,-72,medium,negative,-88.26666666666667
NFLX,2007-05-08,Q1_2007,10-Q,-97,medium,negative,-90.05000000000001
NFLX,2007-08-07,Q2_2007,10-Q,-151,medium,negative,-73.85000000000001
NFLX,2006-03-17,FY2005,10-K,37,medium,negative,-50.550000000000004
NFLX,2007-03-01,FY2006,10-K,13,medium,negative,-69.10000000000001
NFLX,2007-11-03,Q3_2007,10-Q,-122,medium,negative,-67.0
NFLX,2008-05-07,Q1_2008,10-Q,-117,medium,negative,-90.16666666666666
NFLX,2008-08-12,Q2_2008,10-Q,-103,medium,negative,-90.08333333333334
NFLX,2008-02-29,FY2007,10-K,-38,medium,negative,-64.1
NFLX,2009-05-09,Q1_2009,10-Q,-29,medium,negative,-82.46666666666667
NFLX,2008-11-04,Q3_2008,10-Q,-7,medium,negative,-84.43333333333332
NFLX,2009-08-01,Q2_2009,10-Q,9,medium,negative,-87.05000000000001
NFLX,2009-10-27,Q3_2009,10-Q,-100,medium,negative,-85.14
NFLX,2009-02-26,FY2008,10-K,-22,medium,negative,-88.94
NFLX,2010-04-29,Q1_2010,10-Q,-16,medium,negative,-89.47500000000001
NFLX,2010-02-23,FY2009,10-K,-100,medium,negative,-79.12499999999999
NFLX,2010-07-28,Q2_2010,10-Q,-67,medium,negative,-87.77777777777777
NFLX,2010-10-27,Q3_2010,10-Q,-133,medium,negative,-90.0
NFLX,2011-04-28,Q1_2011,10-Q,-8,medium,negative,-88.57142857142857
NFLX,2011-02-19,FY2010,10-K,-199,medium,negative,-83.75
NFLX,2011-07-28,Q2_2011,10-Q,-52,medium,negative,-87.14285714285714
NFLX,2011-10-28,Q3_2011,10-Q,-78,medium,negative,-81.11111111111111
NFLX,2012-04-28,Q1_2012,10-Q,-134,medium,negative,98.03333333333333
NFLX,2012-02-11,FY2011,10-K,-129,medium,negative,-83.33333333333333
NFLX,2012-08-03,Q2_2012,10-Q,-121,medium,negative,-85.00000000000001
NFLX,2013-04-27,Q1_2013,10-Q,-108,medium,negative,-96.8
NFLX,2012-10-31,Q3_2012,10-Q,-64,medium,negative,-81.3
NFLX,2013-07-26,Q2_2013,10-Q,-114,medium,negative,-86.10000000000001
NFLX,2013-02-02,FY2012,10-K,0,medium,negative,103.82000000000001
NFLX,2013-10-26,Q3_2013,10-Q,-79,medium,negative,-89.35714285714286
NFLX,2014-04-24,Q1_2014,10-Q,-83,medium,negative,-90.0
NFLX,2014-07-23,Q2_2014,10-Q,-12,medium,negative,-91.1111111111111
NFLX,2014-10-21,Q3_2014,10-Q,0,medium,negative,-88.33333333333333
NFLX,2014-02-04,FY2013,10-K,0,medium,negative,-84.28571428571429
NFLX,2015-04-18,Q1_2015,10-Q,-100,medium,negative,-96.10000000000001
NFLX,2015-01-30,FY2014,10-K,0,medium,negative,-62.0
NFLX,2015-07-18,Q2_2015,10-Q,-100,medium,negative,-69.8
NFLX,2015-10-17,Q3_2015,10-Q,-100,medium,negative,-92.52222222222221
NFLX,2016-04-21,Q1_2016,10-Q,0,medium,negative,-78.96666666666667
NFLX,2016-07-20,Q2_2016,10-Q,0,medium,negative,-76.75
NFLX,2016-01-29,FY2015,10-K,0,medium,negative,-80.30000000000001
NFLX,2016-10-21,Q3_2016,10-Q,0,medium,negative,-82.85714285714286
NFLX,2017-04-21,Q1_2017,10-Q,-100,medium,negative,-88.23529411764707
NFLX,2017-07-20,Q2_2017,10-Q,0,medium,negative,-90.00000000000001
NFLX,2017-10-19,Q3_2017,10-Q,0,medium,negative,-91.71428571428571
NFLX,2017-01-28,FY2016,10-K,0,medium,negative,-86.36363636363636
NFLX,2018-04-19,Q1_2018,10-Q,0,medium,negative,-90.00000000000001
NFLX,2018-10-19,Q3_2018,10-Q,-100,medium,negative,-81.06382978723404
NFLX,2018-07-19,Q2_2018,10-Q,0,medium,negative,-88.35616438356165
NFLX,2019-04-19,Q1_2019,10-Q,-100,medium,negative,-86.8067008072216
NFLX,2018-01-30,FY2017,10-K,0,medium,negative,-90.0
NFLX,2019-07-20,Q2_2019,10-Q,-100,medium,negative,-89.30023539482133
NFLX,2019-10-19,Q3_2019,10-Q,-100,medium,negative,-85.7624360762436
NFLX,2019-01-30,FY2018,10-K,0,medium,negative,-83.33333333333334
NFLX,2020-04-22,Q1_2020,10-Q,-100,medium,negative,-4.244937789704802
NFLX,2020-07-21,Q2_2020,10-Q,0,medium,negative,-12.62776129244972
NFLX,2020-01-30,FY2019,10-K,0,medium,negative,-75.00961168781238
NFLX,2021-04-23,Q1_2021,10-Q,-57,medium,negative,23.3917936231121
NFLX,2020-10-23,Q3_2020,10-Q,15,medium,negative,-18.229240095869176
NFLX,2021-07-23,Q2_2021,10-Q,-92,medium,negative,-6.66247642991829
NFLX,2021-01-29,FY2020,10-K,0,medium,negative,-12.274235164025065
NFLX,2021-10-22,Q3_2021,10-Q,-100,medium,negative,24.288942569936882
NFLX,2022-04-22,Q1_2022,10-Q,-132,medium,negative,21.652824206499638
NFLX,2022-07-22,Q2_2022,10-Q,-140,medium,negative,8.404756258680848
NFLX,2022-10-21,Q3_2022,10-Q,-109,medium,negative,44.995322731524794
NFLX,2022-01-28,FY2021,10-K,0,medium,negative,59.93650640948558
NFLX,2023-04-22,Q1_2023,10-Q,-100,medium,negative,0.7627177944160519
NFLX,2023-07-22,Q2_2023,10-Q,0,medium,negative,15.256612366438969
NFLX,2023-01-27,FY2022,10-K,0,medium,negative,-78.09699381240077
NFLX,2023-10-21,Q3_2023,10-Q,100,medium,negative,6.9012954258855865
NFLX,2024-04-23,Q1_2024,10-Q,0,medium,negative,17.142604544248965
NFLX,2024-07-20,Q2_2024,10-Q,-100,medium,negative,3.349363030456426
NFLX,2025-04-19,Q1_2025,10-Q,-100,medium,negative,16.36107193229901
RCL,2006-04-27,Q1_2006,10-Q,-18,medium,negative,27.906976744186057
NFLX,2024-01-27,FY2023,10-K,0,medium,negative,-4.804872546808039
NFLX,2024-10-19,Q3_2024,10-Q,-100,medium,negative,5.5594651653764995
NFLX,2025-07-19,Q2_2025,10-Q,-96,medium,negative,1.8891954998938614
NFLX,2025-10-23,Q3_2025,10-Q,0,medium,negative,-15.251802694705399
RCL,2006-07-28,Q2_2006,10-Q,29,medium,negative,16.32653061224489
RCL,2007-05-02,Q1_2007,10-Q,-44,medium,negative,-50.0
RCL,2006-11-02,Q3_2006,10-Q,62,medium,negative,5.161290322580635
NFLX,2025-01-28,FY2024,10-K,0,medium,negative,2.4272885352897684
RCL,2006-02-25,FY2005,10-K,158,medium,positive,96.09756097560975
RCL,2007-07-27,Q2_2007,10-Q,-75,medium,negative,0.0
RCL,2007-10-23,Q3_2007,10-Q,0,medium,negative,8.235294117647067
RCL,2008-04-25,Q1_2008,10-Q,-41,medium,negative,66.66666666666666
RCL,2008-07-26,Q2_2008,10-Q,-40,medium,negative,0.0
RCL,2007-03-01,FY2006,10-K,184,medium,positive,22.222222222222225
RCL,2008-10-30,Q3_2008,10-Q,105,medium,negative,37.142857142857146
RCL,2009-04-24,Q1_2009,10-Q,-104,medium,negative,61.36363636363637
RCL,2008-02-20,FY2007,10-K,100,medium,positive,-5.714285714285704
RCL,2009-07-30,Q2_2009,10-Q,-78,medium,negative,-60.0
RCL,2009-11-04,Q3_2009,10-Q,-135,medium,negative,15.053763440860216
RCL,2010-04-30,Q1_2010,10-Q,-116,medium,negative,nan
RCL,2009-02-25,FY2008,10-K,10,medium,negative,-94.25
RCL,2010-07-24,Q2_2010,10-Q,-178,medium,negative,nan
RCL,2010-02-24,FY2009,10-K,119,medium,negative,112.00000000000001
RCL,2010-10-28,Q3_2010,10-Q,38,medium,negative,10.810810810810805
RCL,2011-04-29,Q1_2011,10-Q,-78,medium,negative,nan
RCL,2011-08-02,Q2_2011,10-Q,53,medium,negative,-8.510638297872337
RCL,2012-04-25,Q1_2012,10-Q,109,medium,negative,133.33333333333331
RCL,2011-11-01,Q3_2011,10-Q,-19,medium,negative,-4.210526315789466
RCL,2011-02-25,FY2010,10-K,107,medium,negative,185.7142857142857
RCL,2013-04-26,Q1_2013,10-Q,-34,medium,negative,94.44444444444444
RCL,2012-10-26,Q3_2012,10-Q,-48,medium,negative,38.84297520661157
RCL,2012-07-28,Q2_2012,10-Q,-19,medium,negative,-133.6
RCL,2012-03-01,FY2011,10-K,15,medium,negative,30.769230769230777
RCL,2013-02-26,FY2012,10-K,0,medium,negative,nan
RCL,2013-07-27,Q2_2013,10-Q,0,medium,negative,83.33333333333334
RCL,2013-10-25,Q3_2013,10-Q,-6,medium,negative,3.7735849056603668
RCL,2014-04-25,Q1_2014,10-Q,-40,medium,negative,-65.71428571428571
RCL,2015-04-24,Q1_2015,10-Q,-5,medium,negative,122.22222222222223
RCL,2014-07-25,Q2_2014,10-Q,-44,medium,negative,63.1578947368421
RCL,2014-10-24,Q3_2014,10-Q,-67,medium,negative,0.45871559633026543
RCL,2015-08-01,Q2_2015,10-Q,-50,medium,negative,35.48387096774193
RCL,2015-10-24,Q3_2015,10-Q,-111,medium,negative,-60.07751937984496
RCL,2014-02-21,FY2013,10-K,-93,medium,negative,-76.92307692307693
RCL,2016-04-30,Q1_2016,10-Q,-35,medium,negative,70.37037037037037
RCL,2015-02-24,FY2014,10-K,-60,medium,negative,-9.259259259259267
RCL,2016-10-29,Q3_2016,10-Q,-50,medium,negative,6.999999999999999
RCL,2016-08-03,Q2_2016,10-Q,-30,medium,negative,13.978494623655912
RCL,2016-02-23,FY2015,10-K,143,medium,negative,4.444444444444437
RCL,2017-04-29,Q1_2017,10-Q,-98,medium,negative,16.47058823529412
RCL,2017-08-02,Q2_2017,10-Q,4,medium,negative,4.907975460122705
RCL,2017-11-08,Q3_2017,10-Q,-88,medium,negative,5.438066465256802
RCL,2018-05-01,Q1_2018,10-Q,-100,medium,negative,20.000000000000004
RCL,2018-08-03,Q2_2018,10-Q,-47,medium,negative,25.14285714285714
RCL,2017-02-24,FY2016,10-K,-5,medium,negative,1.6806722689075646
RCL,2018-02-22,FY2017,10-K,13,medium,negative,26.41509433962264
RCL,2019-05-03,Q1_2019,10-Q,-30,medium,negative,7.400722021660636
RCL,2018-10-27,Q3_2018,10-Q,-59,medium,negative,-2.5252525252525277
RCL,2019-07-27,Q2_2019,10-Q,-82,medium,negative,-8.087859836028738
RCL,2020-05-22,Q1_2020,10-Q,-100,medium,negative,nan
RCL,2019-10-31,Q3_2019,10-Q,-98,medium,negative,-2.651811023987045
RCL,2019-02-23,FY2018,10-K,46,medium,negative,-0.6622516556291397
RCL,2020-08-11,Q2_2020,10-Q,-130,medium,negative,-62.39254197214647
RCL,2020-02-26,FY2019,10-K,111,medium,negative,-8.687345470892335
RCL,2020-11-05,Q3_2020,10-Q,-101,medium,negative,-22.754222237834842
RCL,2021-04-30,Q1_2021,10-Q,-130,medium,negative,-1.1302279553464496
RCL,2021-08-06,Q2_2021,10-Q,-156,medium,negative,-21.679125934445082
RCL,2021-02-27,FY2020,10-K,70,medium,negative,-17.19313775485658
RCL,2021-10-30,Q3_2021,10-Q,-155,medium,negative,-27.202433912760522
RCL,2022-05-06,Q1_2022,10-Q,-81,medium,negative,-2.799605860026451
RCL,2022-11-04,Q3_2022,10-Q,-109,medium,negative,-34.2969776609724
RCL,2022-07-30,Q2_2022,10-Q,-101,medium,negative,6.748243000432151
RCL,2023-05-05,Q1_2023,10-Q,-94,medium,negative,72.6543947266159
RCL,2022-03-02,FY2021,10-K,141,medium,positive,-36.056852874807284
RCL,2024-04-26,Q1_2024,10-Q,-114,medium,negative,1.3916948936138371
RCL,2023-07-28,Q2_2023,10-Q,-83,medium,negative,8.049016118370867
RCL,2023-10-27,Q3_2023,10-Q,-87,medium,negative,5.464810871254917
RCL,2024-07-26,Q2_2024,10-Q,-28,medium,negative,12.744476064456489
RCL,2023-02-24,FY2022,10-K,166,medium,negative,-46.86708528781452
RCL,2024-10-30,Q3_2024,10-Q,-97,medium,negative,-16.388291977645295
SHW,2006-03-08,FY2005,10-K,-83,medium,negative,-65.38461538461539
RCL,2025-04-30,Q1_2025,10-Q,-41,medium,negative,5.881937717891314
SHW,2006-04-26,Q1_2006,10-Q,-95,medium,negative,-60.29411764705882
RCL,2025-07-30,Q2_2025,10-Q,-72,medium,negative,7.9155175662481465
RCL,2025-10-29,Q3_2025,10-Q,-69,medium,negative,0.9266259912436594
RCL,2024-02-22,FY2023,10-K,3,medium,negative,-7.3693777144704775
SHW,2007-03-01,FY2006,10-K,-35,medium,negative,-59.01639344262295
SHW,2006-07-28,Q2_2006,10-Q,-165,medium,negative,-62.39316239316239
SHW,2008-02-29,FY2007,10-K,-70,medium,negative,-69.31818181818181
SHW,2006-10-26,Q3_2006,10-Q,-123,medium,negative,-65.3225806451613
SHW,2007-04-24,Q1_2007,10-Q,-100,medium,negative,-66.26506024096385
RCL,2025-02-15,FY2024,10-K,-38,medium,negative,33.629099072614046
SHW,2008-04-25,Q1_2008,10-Q,-168,medium,negative,-61.111111111111114
SHW,2007-07-24,Q2_2007,10-Q,0,medium,negative,-62.5
SHW,2009-02-25,FY2008,10-K,-136,medium,negative,-69.56521739130434
SHW,2007-10-26,Q3_2007,10-Q,-190,medium,negative,-64.62585034013605
SHW,2008-07-23,Q2_2008,10-Q,-163,medium,negative,-59.66386554621849
SHW,2010-02-25,FY2009,10-K,-105,medium,negative,-42.42424242424242
SHW,2009-04-25,Q1_2009,10-Q,-101,medium,negative,0.0
SHW,2008-10-23,Q3_2008,10-Q,-145,medium,negative,-51.92307692307693
SHW,2011-02-24,FY2010,10-K,-76,medium,negative,-61.016949152542374
SHW,2009-08-01,Q2_2009,10-Q,-214,medium,negative,-64.56692913385828
SHW,2010-04-29,Q1_2010,10-Q,-20,medium,negative,-75.00000000000001
SHW,2009-10-28,Q3_2009,10-Q,-113,medium,negative,-57.98319327731092
SHW,2010-07-28,Q2_2010,10-Q,-55,medium,negative,-64.74358974358975
SHW,2011-04-27,Q1_2011,10-Q,-100,medium,negative,-48.78048780487805
SHW,2010-10-29,Q3_2010,10-Q,-46,medium,negative,-69.88636363636364
SHW,2011-07-28,Q2_2011,10-Q,-34,medium,negative,-70.43010752688173
SHW,2012-04-26,Q1_2012,10-Q,-142,medium,negative,-60.49382716049383
SHW,2012-02-24,FY2011,10-K,-64,medium,negative,-94.3048780487805
SHW,2011-10-28,Q3_2011,10-Q,-59,medium,negative,-65.8682634730539
SHW,2012-07-26,Q2_2012,10-Q,-125,medium,negative,-65.55023923444976
SHW,2012-10-27,Q3_2012,10-Q,-26,medium,negative,-65.27777777777779
SHW,2013-04-25,Q1_2013,10-Q,-89,medium,negative,-66.05504587155964
SHW,2013-03-01,FY2012,10-K,2,medium,negative,-68.33333333333333
SHW,2013-07-25,Q2_2013,10-Q,-31,medium,negative,-68.70229007633588
SHW,2014-04-24,Q1_2014,10-Q,-143,medium,negative,-58.69565217391305
SHW,2014-02-28,FY2013,10-K,-35,medium,negative,-73.42657342657341
SHW,2013-10-31,Q3_2013,10-Q,-22,medium,negative,-67.3076923076923
SHW,2014-07-25,Q2_2014,10-Q,-84,medium,negative,-66.43835616438356
SHW,2015-04-23,Q1_2015,10-Q,-146,medium,negative,-69.33333333333334
SHW,2015-02-26,FY2014,10-K,60,medium,negative,-66.90647482014388
SHW,2014-10-30,Q3_2014,10-Q,-77,medium,negative,-63.27868852459015
SHW,2015-07-23,Q2_2015,10-Q,-152,medium,negative,-68.62244897959184
SHW,2015-10-30,Q3_2015,10-Q,-87,medium,negative,-64.8
SHW,2016-02-25,FY2015,10-K,-52,medium,negative,-56.17283950617284
SHW,2016-04-28,Q1_2016,10-Q,-88,medium,negative,-63.63636363636363
SHW,2017-04-22,Q1_2017,10-Q,-100,medium,negative,-45.80645161290323
SHW,2017-02-23,FY2016,10-K,-68,medium,negative,-64.0
SHW,2016-07-28,Q2_2016,10-Q,-60,medium,negative,-68.77934272300469
SHW,2016-10-27,Q3_2016,10-Q,-198,medium,negative,-69.1609977324263
SHW,2017-07-27,Q2_2017,10-Q,-91,medium,negative,-75.75757575757575
SHW,2017-10-26,Q3_2017,10-Q,-74,medium,negative,-75.60439560439559
SHW,2018-02-24,FY2017,10-K,-13,medium,negative,2.2875816993463998
SHW,2018-04-26,Q1_2018,10-Q,-59,medium,negative,-67.65799256505576
SHW,2019-02-23,FY2018,10-K,-8,medium,negative,-89.88764044943821
SHW,2018-07-26,Q2_2018,10-Q,-137,medium,negative,-74.59749552772809
SHW,2019-04-26,Q1_2019,10-Q,-54,medium,negative,-28.652265905624162
SHW,2018-10-26,Q3_2018,10-Q,-69,medium,negative,-78.6206896551724
SHW,2019-07-25,Q2_2019,10-Q,-101,medium,negative,-20.973902572111317
SHW,2019-10-23,Q3_2019,10-Q,-120,medium,negative,-4.879452105644135
SHW,2020-04-30,Q1_2020,10-Q,-55,medium,negative,-11.950263383559966
SHW,2020-10-28,Q3_2020,10-Q,-125,medium,negative,-1.769308109232539
SHW,2020-07-29,Q2_2020,10-Q,-142,medium,negative,13.879603952044036
SHW,2021-04-29,Q1_2021,10-Q,-91,medium,negative,-7.736676809522061
SHW,2020-02-22,FY2019,10-K,30,medium,negative,-39.13281356859527
SHW,2021-07-28,Q2_2021,10-Q,-105,medium,negative,-9.44028859359272
SHW,2021-10-27,Q3_2021,10-Q,-152,medium,negative,-11.040448204720533
SHW,2021-02-20,FY2020,10-K,-48,medium,negative,-7.856899910330546
SHW,2022-07-28,Q2_2022,10-Q,-83,medium,negative,-20.084471798135553
SHW,2022-04-27,Q1_2022,10-Q,-116,medium,negative,-8.719548906253035
SHW,2022-10-26,Q3_2022,10-Q,-84,medium,negative,2.1733280816762686
SHW,2023-04-26,Q1_2023,10-Q,-38,medium,negative,2.7743488630587714
SHW,2022-02-18,FY2021,10-K,17,medium,negative,-31.706563889994126
SHW,2023-07-26,Q2_2023,10-Q,-106,medium,negative,13.839045680234644
SHW,2024-05-01,Q1_2024,10-Q,14,medium,negative,-11.322776092260328
SHW,2023-10-25,Q3_2023,10-Q,-90,medium,negative,13.839045680234644
SHW,2023-02-23,FY2022,10-K,-4,medium,negative,-20.303707493066966
SHW,2024-07-24,Q2_2024,10-Q,-90,medium,negative,0.4157210852931104
SHW,2024-10-23,Q3_2024,10-Q,-105,medium,negative,-10.356375691355305
SYK,2006-05-04,Q1_2006,10-Q,115,medium,negative,-23.404255319148934
SHW,2024-02-21,FY2023,10-K,17,medium,negative,-22.85706357354941
SHW,2025-04-30,Q1_2025,10-Q,-14,medium,negative,-7.128793788773724
SYK,2006-08-10,Q2_2006,10-Q,-2,medium,negative,4.0000000000000036
SHW,2025-10-29,Q3_2025,10-Q,-72,medium,negative,-2.8830683152386625
SHW,2025-07-25,Q2_2025,10-Q,-80,medium,negative,-20.15670577213788
SYK,2006-11-09,Q3_2006,10-Q,78,medium,negative,0.0
SYK,2007-04-28,Q1_2007,10-Q,-9,medium,negative,3.5087719298245648
SYK,2007-08-10,Q2_2007,10-Q,-65,medium,negative,6.557377049180333
SYK,2008-05-06,Q1_2008,10-Q,-98,medium,negative,2.9411764705882213
SHW,2025-02-21,FY2024,10-K,-72,medium,negative,-7.755795606262909
SYK,2006-03-08,FY2005,10-K,8,medium,negative,-6.249999999999995
SYK,2007-11-10,Q3_2007,10-Q,-70,medium,negative,0.0
SYK,2008-08-08,Q2_2008,10-Q,-90,medium,negative,0.0
SYK,2009-05-05,Q1_2009,10-Q,-123,medium,negative,0.0
SYK,2008-11-04,Q3_2008,10-Q,-114,medium,negative,-2.9411764705882377
SYK,2009-08-08,Q2_2009,10-Q,-112,medium,negative,2.8169014084507067
SYK,2009-11-10,Q3_2009,10-Q,-79,medium,negative,-17.391304347826086
SYK,2007-03-01,FY2006,10-K,32,medium,negative,0.0
SYK,2008-02-29,FY2007,10-K,24,medium,negative,0.0
SYK,2010-04-30,Q1_2010,10-Q,-34,medium,negative,5.263157894736847
SYK,2010-08-10,Q2_2010,10-Q,24,medium,negative,0.0
SYK,2011-05-05,Q1_2011,10-Q,-2,medium,negative,-11.36363636363636
SYK,2009-02-21,FY2008,10-K,-26,medium,negative,-5.405405405405411
SYK,2010-11-05,Q3_2010,10-Q,-43,medium,negative,14.864864864864863
SYK,2011-07-29,Q2_2011,10-Q,9,medium,negative,-12.22222222222222
SYK,2012-04-25,Q1_2012,10-Q,-133,medium,negative,-8.080808080808078
SYK,2011-10-29,Q3_2011,10-Q,80,medium,negative,-3.448275862068969
SYK,2010-02-27,FY2009,10-K,-24,medium,negative,-7.317073170731701
SYK,2012-07-25,Q2_2012,10-Q,-12,medium,negative,-15.000000000000002
SYK,2012-10-23,Q3_2012,10-Q,0,medium,negative,-7.0707070707070665
SYK,2013-05-01,Q1_2013,10-Q,17,medium,negative,-20.2020202020202
SYK,2011-02-19,FY2010,10-K,11,medium,negative,-15.730337078651688
SYK,2013-07-24,Q2_2013,10-Q,-5,medium,negative,-47.16981132075471
SYK,2013-10-24,Q3_2013,10-Q,-50,medium,negative,-73.0
SYK,2014-04-25,Q1_2014,10-Q,51,medium,negative,-83.63636363636364
SYK,2012-02-14,FY2011,10-K,-100,medium,negative,1.960784313725492
SYK,2014-07-25,Q2_2014,10-Q,-7,medium,negative,-48.148148148148145
SYK,2014-10-24,Q3_2014,10-Q,121,medium,negative,-85.84070796460178
SYK,2015-05-01,Q1_2015,10-Q,29,medium,negative,-44.761904761904766
SYK,2015-07-30,Q2_2015,10-Q,186,medium,negative,-9.649122807017534
SYK,2015-10-24,Q3_2015,10-Q,155,medium,negative,-34.71074380165289
SYK,2013-02-28,FY2012,10-K,-5,medium,negative,-35.45454545454546
SYK,2016-04-23,Q1_2016,10-Q,0,medium,positive,-7.75862068965516
SYK,2016-07-23,Q2_2016,10-Q,100,medium,positive,-25.92592592592593
SYK,2016-10-29,Q3_2016,10-Q,139,medium,positive,-30.37037037037038
SYK,2014-02-14,FY2013,10-K,-100,medium,negative,-16.52892561983471
SYK,2017-04-28,Q1_2017,10-Q,110,medium,positive,-15.217391304347824
SYK,2015-02-13,FY2014,10-K,-13,medium,negative,-54.10958904109589
SYK,2017-07-29,Q2_2017,10-Q,121,medium,positive,-30.87248322147651
SYK,2018-04-28,Q1_2018,10-Q,74,medium,positive,-23.684210526315795
SYK,2017-10-28,Q3_2017,10-Q,69,medium,negative,-22.97297297297298
SYK,2018-07-26,Q2_2018,10-Q,92,medium,positive,-30.0
SYK,2016-02-12,FY2015,10-K,13,medium,negative,-10.389610389610398
SYK,2018-10-27,Q3_2018,10-Q,92,medium,positive,-7.185628742514963
SYK,2019-04-25,Q1_2019,10-Q,166,medium,positive,-40.711892432879324
SYK,2019-07-27,Q2_2019,10-Q,106,medium,positive,-34.936511460985145
SYK,2017-02-10,FY2016,10-K,-48,medium,negative,-22.988505747126432
SYK,2019-10-31,Q3_2019,10-Q,116,medium,positive,-35.3138854266917
SYK,2020-05-02,Q1_2020,10-Q,-127,medium,negative,-28.0746695584338
SYK,2018-02-09,FY2017,10-K,-19,medium,negative,-133.50515463917526
SYK,2020-10-31,Q3_2020,10-Q,89,medium,negative,15.689809360228244
SYK,2020-08-01,Q2_2020,10-Q,-8,medium,negative,-139.35317687464223
SYK,2021-04-29,Q1_2021,10-Q,55,medium,negative,-60.20712443584784
SYK,2021-07-29,Q2_2021,10-Q,103,medium,negative,-27.484362353623677
SYK,2022-04-30,Q1_2022,10-Q,-11,medium,negative,-56.82166318841176
SYK,2019-02-08,FY2018,10-K,-88,medium,negative,156.60377358490567
SYK,2021-10-30,Q3_2021,10-Q,81,medium,negative,-49.922907634120946
SYK,2020-02-07,FY2019,10-K,-30,medium,negative,-22.62268377112604
SYK,2021-02-12,FY2020,10-K,124,medium,negative,-41.479124936176895
SYK,2023-05-03,Q1_2023,10-Q,58,medium,negative,-23.08768004474898
SYK,2022-07-28,Q2_2022,10-Q,22,medium,negative,-24.36601571603836
SYK,2022-11-02,Q3_2022,10-Q,69,medium,negative,-2.679497207720157
SYK,2023-08-05,Q2_2023,10-Q,141,medium,negative,-19.349757419192244
SYK,2022-02-12,FY2021,10-K,-62,medium,negative,-36.45382985053794
SYK,2024-05-02,Q1_2024,10-Q,135,medium,negative,-12.975187315602913
SYK,2023-11-04,Q3_2023,10-Q,148,medium,neutral,-26.06952750213577
SYK,2024-08-01,Q2_2024,10-Q,157,medium,negative,-23.344473458919442
SYK,2024-10-31,Q3_2024,10-Q,106,medium,negative,-22.08691637329024
SYK,2023-02-11,FY2022,10-K,-99,medium,negative,-48.168807494719914
SYK,2025-05-03,Q1_2025,10-Q,137,medium,negative,-37.74038107307585
SYK,2024-02-15,FY2023,10-K,-88,medium,negative,-8.83197856021831
SYK,2025-08-02,Q2_2025,10-Q,60,medium,negative,-25.37118871638444
SYK,2025-11-01,Q3_2025,10-Q,115,medium,negative,-29.143433479408504
SYK,2025-02-13,FY2024,10-K,-107,medium,negative,-63.58188909264665
TFC,2006-05-06,Q1_2006,10-Q,76,medium,negative,9.72222222222223
TFC,2007-05-05,Q1_2007,10-Q,-44,medium,negative,-1.2820512820512833
TFC,2007-11-07,Q3_2007,10-Q,-24,medium,negative,-8.045977011494248
TFC,2007-08-08,Q2_2007,10-Q,-18,medium,negative,0.0
TFC,2006-08-05,Q2_2006,10-Q,-12,medium,negative,-2.469135802469138
TFC,2006-11-03,Q3_2006,10-Q,-22,medium,negative,-6.097560975609748
TFC,2008-05-09,Q1_2008,10-Q,45,medium,negative,6.849315068493158
TFC,2008-08-08,Q2_2008,10-Q,63,medium,negative,16.41791044776119
TFC,2007-02-28,FY2006,10-K,-68,medium,negative,-36.986301369863014
TFC,2008-11-07,Q3_2008,10-Q,-7,medium,negative,1.5625000000000013
TFC,2009-05-09,Q1_2009,10-Q,38,medium,negative,nan
TFC,2008-02-29,FY2007,10-K,9,medium,negative,-7.407407407407414
TFC,2006-03-11,FY2005,10-K,72,medium,negative,-3.6585365853658436
TFC,2009-08-11,Q2_2009,10-Q,0,medium,negative,0.0
TFC,2009-11-10,Q3_2009,10-Q,80,medium,negative,9.523809523809533
TFC,2010-05-08,Q1_2010,10-Q,-53,medium,negative,42.10526315789475
TFC,2009-02-28,FY2008,10-K,-47,medium,negative,8.000000000000007
TFC,2010-08-10,Q2_2010,10-Q,-92,medium,negative,-21.052631578947373
TFC,2010-11-10,Q3_2010,10-Q,-60,medium,negative,36.36363636363636
TFC,2010-02-27,FY2009,10-K,-11,medium,negative,80.00000000000001
TFC,2011-05-07,Q1_2011,10-Q,-112,medium,negative,6.666666666666673
TFC,2012-05-05,Q1_2012,10-Q,-148,medium,negative,7.0175438596491295
TFC,2012-11-03,Q3_2012,10-Q,-168,medium,negative,-8.333333333333325
TFC,2011-02-26,FY2010,10-K,-29,medium,negative,36.36363636363636
TFC,2011-11-10,Q3_2011,10-Q,-96,medium,negative,8.333333333333341
TFC,2011-08-09,Q2_2011,10-Q,-156,medium,negative,4.761904761904766
TFC,2012-02-28,FY2011,10-K,-104,medium,negative,7.843137254901968
TFC,2012-08-08,Q2_2012,10-Q,-176,medium,negative,9.090909090909081
TFC,2013-05-03,Q1_2013,10-Q,-86,medium,negative,-56.71641791044777
TFC,2013-03-02,FY2012,10-K,-82,medium,negative,2.898550724637684
TFC,2013-08-09,Q2_2013,10-Q,-51,medium,negative,8.450704225352121
TFC,2014-05-01,Q1_2014,10-Q,-43,medium,negative,-2.8169014084507067
TFC,2013-11-01,Q3_2013,10-Q,-79,medium,negative,-47.14285714285714
TFC,2014-02-27,FY2013,10-K,-80,medium,negative,7.1428571428571495
TFC,2014-07-29,Q2_2014,10-Q,0,medium,negative,-25.64102564102565
TFC,2014-10-28,Q3_2014,10-Q,0,medium,negative,0.0
TFC,2015-04-28,Q1_2015,10-Q,-100,medium,negative,-8.219178082191773
TFC,2015-02-26,FY2014,10-K,13,medium,negative,7.042253521126768
TFC,2015-07-31,Q2_2015,10-Q,-94,medium,negative,-18.42105263157895
TFC,2015-10-31,Q3_2015,10-Q,-64,medium,negative,-8.571428571428562
TFC,2016-02-26,FY2015,10-K,-51,medium,negative,-13.513513513513512
TFC,2016-04-30,Q1_2016,10-Q,-11,medium,negative,9.836065573770501
TFC,2017-04-25,Q1_2017,10-Q,0,medium,negative,-54.0
TFC,2016-07-28,Q2_2016,10-Q,81,medium,negative,3.1250000000000027
TFC,2016-10-25,Q3_2016,10-Q,0,medium,negative,8.955223880597005
TFC,2017-07-29,Q2_2017,10-Q,-57,medium,negative,0.0
TFC,2017-10-28,Q3_2017,10-Q,-31,medium,negative,-9.756097560975606
TFC,2018-05-01,Q1_2018,10-Q,-36,medium,negative,4.444444444444437
TFC,2018-07-28,Q2_2018,10-Q,-15,medium,negative,-1.980198019801982
TFC,2019-05-01,Q1_2019,10-Q,-100,medium,negative,-5.241049186733745
TFC,2019-08-01,Q2_2019,10-Q,-67,medium,negative,1.7047204053259688
TFC,2019-10-26,Q3_2019,10-Q,-72,medium,negative,-5.812835231948283
TFC,2017-02-22,FY2016,10-K,-123,medium,negative,-2.7027027027027053
TFC,2018-10-27,Q3_2018,10-Q,-18,medium,negative,2.020202020202022
TFC,2018-02-22,FY2017,10-K,-91,medium,negative,2.6666666666666687
TFC,2020-05-09,Q1_2020,10-Q,-140,medium,negative,11.60543656071795
TFC,2021-05-04,Q1_2021,10-Q,-138,medium,negative,4.577953260057618
TFC,2020-11-03,Q3_2020,10-Q,-60,medium,negative,-5.71667263396586
TFC,2020-03-04,FY2019,10-K,0,medium,negative,-16.708312510411456
TFC,2020-08-05,Q2_2020,10-Q,-96,medium,negative,-0.9168884945282436
TFC,2021-08-07,Q2_2021,10-Q,-43,medium,negative,18.103421944837546
TFC,2019-02-27,FY2018,10-K,47,medium,negative,-12.612612612612622
TFC,2021-02-25,FY2020,10-K,-2,medium,negative,4.680375918861084
TFC,2021-11-03,Q3_2021,10-Q,13,medium,negative,9.615068418071862
TFC,2022-05-06,Q1_2022,10-Q,-7,medium,negative,8.326950432213584
TFC,2022-08-02,Q2_2022,10-Q,105,medium,negative,2.252366344900054
TFC,2022-11-01,Q3_2022,10-Q,108,medium,negative,-3.460317993317778
TFC,2023-05-02,Q1_2023,10-Q,-130,medium,negative,-8.014157059256403
TFC,2022-02-24,FY2021,10-K,-67,medium,negative,-0.005309452595452545
TFC,2023-08-01,Q2_2023,10-Q,-100,medium,negative,-7.888545139618931
TFC,2023-11-01,Q3_2023,10-Q,-9,medium,negative,-1.7235237030576251
TFC,2023-03-01,FY2022,10-K,-52,medium,negative,-3.5858046166330517
TFC,2024-05-10,Q1_2024,10-Q,138,medium,negative,4.015512436916521
TFC,2024-02-28,FY2023,10-K,-138,medium,negative,nan
TFC,2024-08-09,Q2_2024,10-Q,10,medium,negative,-0.004838475557630194
TYL,2006-04-28,Q1_2006,10-Q,-173,medium,negative,0.0
TFC,2024-11-02,Q3_2024,10-Q,-84,medium,negative,8.526451952379904
TFC,2025-05-01,Q1_2025,10-Q,23,medium,negative,-0.3801584757019179
TYL,2006-07-28,Q2_2006,10-Q,-2,medium,negative,79.99999999999999
TYL,2006-10-27,Q3_2006,10-Q,105,medium,negative,57.14285714285713
TYL,2006-03-03,FY2005,10-K,26,medium,negative,0.0
TYL,2007-07-27,Q2_2007,10-Q,-64,medium,negative,0.0
TFC,2025-02-26,FY2024,10-K,100,medium,negative,3.3445005962182695
TFC,2025-08-01,Q2_2025,10-Q,-35,medium,negative,-2.4813089175425325
TYL,2007-04-27,Q1_2007,10-Q,-71,medium,negative,-40.00000000000001
TYL,2007-10-26,Q3_2007,10-Q,39,medium,negative,0.0
TYL,2008-04-25,Q1_2008,10-Q,-11,medium,negative,-20.000000000000004
TYL,2007-03-02,FY2006,10-K,51,medium,negative,25.000000000000007
TYL,2008-07-26,Q2_2008,10-Q,-86,medium,negative,-87.50000000000001
TFC,2025-10-31,Q3_2025,10-Q,-24,medium,negative,-9.558646193423908
TYL,2008-02-29,FY2007,10-K,32,medium,negative,23.076923076923077
TYL,2009-04-29,Q1_2009,10-Q,-132,medium,negative,100.0
TYL,2008-10-28,Q3_2008,10-Q,0,medium,negative,60.0
TYL,2009-07-30,Q2_2009,10-Q,-51,medium,negative,11.764705882352935
TYL,2010-04-30,Q1_2010,10-Q,-97,medium,negative,-13.333333333333327
TYL,2009-10-30,Q3_2009,10-Q,-66,medium,negative,11.111111111111121
TYL,2009-02-27,FY2008,10-K,91,medium,negative,-6.666666666666654
TYL,2010-07-30,Q2_2010,10-Q,-63,medium,negative,13.333333333333346
TYL,2011-04-30,Q1_2011,10-Q,-83,medium,negative,0.0
TYL,2010-10-29,Q3_2010,10-Q,-58,medium,negative,-9.523809523809518
TYL,2012-04-27,Q1_2012,10-Q,20,medium,negative,-19.047619047619037
TYL,2011-10-28,Q3_2011,10-Q,-48,medium,negative,35.29411764705882
TYL,2011-07-29,Q2_2011,10-Q,-71,medium,negative,-10.52631578947368
TYL,2010-02-26,FY2009,10-K,53,medium,negative,0.0
TYL,2011-02-25,FY2010,10-K,44,medium,negative,40.0
TYL,2012-07-27,Q2_2012,10-Q,2,medium,negative,0.0
TYL,2012-10-26,Q3_2012,10-Q,16,medium,negative,43.47826086956522
TYL,2013-04-26,Q1_2013,10-Q,64,medium,negative,-10.714285714285724
TYL,2013-07-26,Q2_2013,10-Q,27,medium,negative,-27.777777777777775
TYL,2014-04-24,Q1_2014,10-Q,130,medium,negative,-15.384615384615383
TYL,2012-02-24,FY2011,10-K,25,medium,negative,17.39130434782609
TYL,2013-10-25,Q3_2013,10-Q,39,medium,negative,-11.111111111111107
TYL,2014-10-23,Q3_2014,10-Q,-36,medium,negative,11.627906976744184
TYL,2014-07-24,Q2_2014,10-Q,17,medium,negative,10.52631578947368
TYL,2015-04-23,Q1_2015,10-Q,107,medium,negative,-5.8823529411764754
TYL,2016-04-28,Q1_2016,10-Q,80,medium,negative,-35.61643835616439
TYL,2015-10-22,Q3_2015,10-Q,-154,medium,negative,-9.836065573770481
TYL,2013-02-21,FY2012,10-K,89,medium,negative,0.0
TYL,2015-07-23,Q2_2015,10-Q,8,medium,negative,-8.771929824561392
TYL,2014-02-20,FY2013,10-K,53,medium,negative,-26.829268292682922
TYL,2016-07-29,Q2_2016,10-Q,-33,medium,negative,-19.75308641975309
TYL,2017-04-27,Q1_2017,10-Q,99,medium,negative,-2.325581395348839
TYL,2015-02-19,FY2014,10-K,57,medium,negative,-20.370370370370377
TYL,2016-10-27,Q3_2016,10-Q,48,medium,negative,5.813953488372099
TYL,2017-10-26,Q3_2017,10-Q,102,medium,negative,0.0
TYL,2017-07-27,Q2_2017,10-Q,83,medium,negative,-16.494845360824733
TYL,2016-02-25,FY2015,10-K,58,medium,negative,-68.4931506849315
TYL,2018-05-11,Q1_2018,10-Q,122,medium,negative,-14.414414414414425
TYL,2019-05-09,Q1_2019,10-Q,69,medium,negative,-43.558282208588956
TYL,2018-08-02,Q2_2018,10-Q,144,medium,positive,-10.185185185185192
TYL,2018-11-01,Q3_2018,10-Q,88,medium,neutral,-21.951219512195124
TYL,2017-02-23,FY2016,10-K,83,medium,negative,-6.9767441860465045
TYL,2019-08-03,Q2_2019,10-Q,84,medium,negative,-38.1154610784928
TYL,2019-10-31,Q3_2019,10-Q,51,medium,negative,-26.372056722967496
TYL,2020-04-30,Q1_2020,10-Q,9,medium,negative,-7.5085514722884525
TYL,2018-02-22,FY2017,10-K,42,medium,negative,54.45544554455446
TYL,2021-05-07,Q1_2021,10-Q,-63,medium,negative,-33.50109194229708
TYL,2020-07-30,Q2_2020,10-Q,-56,medium,negative,8.333333333333341
TYL,2019-02-21,FY2018,10-K,93,medium,negative,-37.3015873015873
TYL,2022-04-28,Q1_2022,10-Q,72,medium,negative,-45.34883720930233
TYL,2020-11-05,Q3_2020,10-Q,-80,medium,negative,-29.436845977149556
TYL,2021-08-04,Q2_2021,10-Q,-79,medium,negative,-62.492928994810505
TYL,2021-11-02,Q3_2021,10-Q,-100,medium,negative,-41.325811001410436
TYL,2020-02-20,FY2019,10-K,112,medium,negative,-19.68264167283598
TYL,2022-07-30,Q2_2022,10-Q,51,medium,negative,-48.46491228070176
TYL,2021-02-20,FY2020,10-K,35,medium,negative,-9.105641791675763
TYL,2023-04-27,Q1_2023,10-Q,-14,medium,negative,-56.851966781925114
TYL,2023-07-27,Q2_2023,10-Q,-21,medium,negative,-39.08898305084746
TYL,2022-10-28,Q3_2022,10-Q,128,medium,negative,-32.291918556850604
TYL,2023-11-02,Q3_2023,10-Q,60,medium,negative,-45.761508421758506
TYL,2024-04-25,Q1_2024,10-Q,-11,medium,negative,-38.09540186401623
TYL,2022-02-24,FY2021,10-K,-39,medium,negative,-25.933156108792137
TYL,2024-10-24,Q3_2024,10-Q,8,medium,negative,-29.20613221365101
TYL,2024-08-01,Q2_2024,10-Q,89,medium,negative,-31.860004860942322
TYL,2025-04-26,Q1_2025,10-Q,40,medium,negative,-28.14689274361717
TYL,2023-02-23,FY2022,10-K,24,medium,negative,-58.25040605769451
TYL,2025-07-31,Q2_2025,10-Q,157,medium,negative,-30.366890719313627
TYL,2025-10-30,Q3_2025,10-Q,143,medium,negative,-32.43006686972657
VZ,2006-03-15,FY2005,10-K,-26,medium,negative,-12.499999999999993
TYL,2024-02-22,FY2023,10-K,-56,medium,negative,-45.761508421758506
VZ,2007-03-02,FY2006,10-K,128,medium,negative,-41.66666666666667
VZ,2006-05-10,Q1_2006,10-Q,122,medium,positive,-3.4482758620689493
TYL,2025-02-20,FY2024,10-K,24,medium,negative,-38.770813813961894
VZ,2008-02-29,FY2007,10-K,207,medium,positive,-40.322580645161295
VZ,2007-05-05,Q1_2007,10-Q,20,medium,negative,-1.9230769230769247
VZ,2006-08-05,Q2_2006,10-Q,42,medium,negative,-8.333333333333323
VZ,2006-11-07,Q3_2006,10-Q,67,medium,negative,3.1250000000000027
VZ,2007-08-01,Q2_2007,10-Q,15,medium,negative,-56.89655172413792
VZ,2008-04-30,Q1_2008,10-Q,71,medium,negative,-6.557377049180333
VZ,2007-10-31,Q3_2007,10-Q,-100,medium,negative,-27.86885245901639
VZ,2009-02-25,FY2008,10-K,153,medium,positive,-31.74603174603175
VZ,2008-07-30,Q2_2008,10-Q,-20,medium,negative,4.761904761904765
VZ,2009-05-12,Q1_2009,10-Q,99,medium,negative,5.454545454545439
VZ,2008-10-29,Q3_2008,10-Q,110,medium,negative,-10.606060606060614
VZ,2009-07-31,Q2_2009,10-Q,51,medium,negative,81.96721311475412
VZ,2010-02-27,FY2009,10-K,298,medium,positive,-142.59259259259258
VZ,2009-10-30,Q3_2009,10-Q,36,medium,negative,-29.310344827586203
VZ,2010-04-29,Q1_2010,10-Q,189,medium,negative,-75.0
VZ,2011-03-01,FY2010,10-K,195,medium,positive,66.07142857142857
VZ,2010-07-30,Q2_2010,10-Q,-37,medium,negative,14.814814814814806
VZ,2010-10-29,Q3_2010,10-Q,-31,medium,negative,-40.38461538461539
VZ,2012-02-25,FY2011,10-K,158,medium,negative,nan
VZ,2011-04-29,Q1_2011,10-Q,11,medium,negative,4.081632653061228
VZ,2012-04-27,Q1_2012,10-Q,19,medium,negative,3.5087719298245648
VZ,2013-02-27,FY2012,10-K,44,medium,negative,nan
VZ,2011-07-29,Q2_2011,10-Q,-17,medium,negative,7.547169811320741
VZ,2011-10-26,Q3_2011,10-Q,0,medium,negative,-9.259259259259267
VZ,2012-07-31,Q2_2012,10-Q,159,medium,negative,0.0
VZ,2013-04-26,Q1_2013,10-Q,24,medium,negative,6.250000000000005
VZ,2012-10-26,Q3_2012,10-Q,13,medium,negative,-12.499999999999993
VZ,2014-02-28,FY2013,10-K,115,medium,negative,175.00000000000003
VZ,2013-07-26,Q2_2013,10-Q,0,medium,negative,9.859154929577475
VZ,2014-04-30,Q1_2014,10-Q,-59,medium,negative,38.554216867469876
VZ,2015-02-24,FY2014,10-K,141,medium,negative,-173.97260273972603
VZ,2013-10-25,Q3_2013,10-Q,-36,medium,negative,9.859154929577475
VZ,2015-04-29,Q1_2015,10-Q,-39,medium,negative,15.909090909090912
VZ,2014-10-29,Q3_2014,10-Q,27,medium,negative,-2.1978021978021998
VZ,2014-07-30,Q2_2014,10-Q,20,medium,negative,13.48314606741573
VZ,2016-02-24,FY2015,10-K,101,medium,negative,51.724137931034484
VZ,2015-07-29,Q2_2015,10-Q,28,medium,negative,6.122448979591842
VZ,2015-10-28,Q3_2015,10-Q,-44,medium,negative,-1.0000000000000009
VZ,2016-04-29,Q1_2016,10-Q,-33,medium,negative,0.0
VZ,2017-02-22,FY2016,10-K,123,medium,positive,19.56521739130435
VZ,2016-07-30,Q2_2016,10-Q,48,medium,negative,-81.11111111111111
VZ,2018-02-24,FY2017,10-K,171,medium,positive,nan
VZ,2017-04-28,Q1_2017,10-Q,-85,medium,negative,-13.402061855670103
VZ,2016-10-27,Q3_2016,10-Q,116,medium,negative,-8.247422680412367
VZ,2017-08-04,Q2_2017,10-Q,2,medium,negative,11.458333333333345
VZ,2019-02-16,FY2018,10-K,165,medium,negative,-55.66037735849058
VZ,2018-05-02,Q1_2018,10-Q,-38,medium,negative,7.766990291262142
VZ,2017-10-27,Q3_2017,10-Q,-10,medium,negative,-9.18367346938775
VZ,2018-08-01,Q2_2018,10-Q,-98,medium,negative,-7.407407407407414
VZ,2019-04-27,Q1_2019,10-Q,2,medium,negative,4.53797641897449
VZ,2018-10-31,Q3_2018,10-Q,-83,medium,negative,2.5862068965517264
VZ,2020-02-22,FY2019,10-K,86,medium,negative,7.444225091283922
VZ,2019-08-09,Q2_2019,10-Q,-173,medium,negative,-20.88212269100721
VZ,2019-10-31,Q3_2019,10-Q,-157,medium,negative,0.8007612473489396
VZ,2020-07-29,Q2_2020,10-Q,-53,medium,negative,-1.7459654980523178
VZ,2020-04-28,Q1_2020,10-Q,48,medium,negative,-18.324008657655085
VZ,2021-04-28,Q1_2021,10-Q,-22,medium,negative,-1.5274870124835271
VZ,2020-10-28,Q3_2020,10-Q,-109,medium,negative,-13.665515540207195
VZ,2021-10-27,Q3_2021,10-Q,138,medium,negative,13.5497860868546
VZ,2021-07-29,Q2_2021,10-Q,-29,medium,negative,7.512018307760834
VZ,2022-04-28,Q1_2022,10-Q,-128,medium,negative,-18.860171510242974
VZ,2022-07-29,Q2_2022,10-Q,54,medium,negative,-6.082662405041248
VZ,2021-02-26,FY2020,10-K,239,medium,negative,-4.984463675817262
VZ,2022-10-26,Q3_2022,10-Q,-134,medium,negative,-9.00181996360074
VZ,2022-02-12,FY2021,10-K,135,medium,negative,-13.617332565487395
VZ,2023-04-28,Q1_2023,10-Q,45,medium,negative,-1.9969175098840786
VZ,2023-07-29,Q2_2023,10-Q,-149,medium,negative,-5.636907978828347
VZ,2024-04-26,Q1_2024,10-Q,33,medium,negative,-2.5976927269965175
VZ,2023-10-27,Q3_2023,10-Q,-6,medium,negative,-4.227548564260784
VZ,2023-02-11,FY2022,10-K,131,medium,negative,31.402724079549195
VZ,2024-07-26,Q2_2024,10-Q,-113,medium,negative,-5.13159727057512
VZ,2024-10-26,Q3_2024,10-Q,-90,medium,negative,-33.800689151800114
VZ,2025-04-26,Q1_2025,10-Q,-118,medium,negative,0.28078620136381877
VZ,2024-02-10,FY2023,10-K,127,medium,negative,-159.2082743563413
VZ,2025-07-26,Q2_2025,10-Q,6,medium,negative,-0.5486679421159548
VZ,2025-10-30,Q3_2025,10-Q,5,medium,negative,-1.746724890829707
WELL,2006-05-11,Q1_2006,10-Q,-48,medium,negative,13.333333333333346
VZ,2025-02-13,FY2024,10-K,11,medium,negative,8.645612742841347
WELL,2006-07-29,Q2_2006,10-Q,124,medium,negative,12.121212121212114
WELL,2006-10-21,Q3_2006,10-Q,0,medium,negative,0.0
WELL,2007-05-11,Q1_2007,10-Q,-39,medium,negative,-5.8823529411764754
WELL,2007-08-10,Q2_2007,10-Q,-31,medium,negative,-20.000000000000004
WELL,2007-11-08,Q3_2007,10-Q,12,medium,negative,-25.000000000000007
WELL,2008-05-10,Q1_2008,10-Q,16,medium,negative,-12.820512820512816
WELL,2008-08-07,Q2_2008,10-Q,-16,medium,negative,166.15384615384616
WELL,2006-03-11,FY2005,10-K,-39,medium,negative,103.7037037037037
WELL,2008-11-06,Q3_2008,10-Q,-8,medium,negative,96.55172413793103
WELL,2009-05-08,Q1_2009,10-Q,48,medium,negative,64.70588235294117
WELL,2009-08-07,Q2_2009,10-Q,14,medium,negative,70.96774193548389
WELL,2010-05-11,Q1_2010,10-Q,94,medium,negative,-56.250000000000014
WELL,2007-03-02,FY2006,10-K,-74,medium,negative,-31.11111111111111
WELL,2009-11-06,Q3_2009,10-Q,-25,medium,negative,-63.04347826086957
WELL,2010-08-07,Q2_2010,10-Q,-84,medium,negative,-17.777777777777782
WELL,2008-02-29,FY2007,10-K,10,medium,negative,nan
WELL,2010-11-09,Q3_2010,10-Q,-18,medium,negative,-92.95890410958904
WELL,2011-05-11,Q1_2011,10-Q,123,medium,negative,-36.36363636363637
WELL,2011-08-10,Q2_2011,10-Q,49,medium,negative,96.0
WELL,2009-03-03,FY2008,10-K,-13,medium,negative,-57.377049180327866
WELL,2011-11-04,Q3_2011,10-Q,67,medium,negative,11.1111111111111
WELL,2012-05-11,Q1_2012,10-Q,-57,medium,negative,-27.500000000000007
WELL,2010-02-27,FY2009,10-K,-1,medium,negative,-57.377049180327866
WELL,2012-08-07,Q2_2012,10-Q,10,medium,negative,-7.692307692307699
WELL,2013-05-08,Q1_2013,10-Q,29,medium,negative,-133.33333333333331
WELL,2012-11-08,Q3_2012,10-Q,59,medium,negative,-44.18604651162791
WELL,2011-02-26,FY2010,10-K,4,medium,negative,-30.555555555555554
WELL,2013-08-07,Q2_2013,10-Q,48,medium,negative,-77.65714285714286
WELL,2014-05-09,Q1_2014,10-Q,147,medium,negative,112.5
WELL,2013-11-06,Q3_2013,10-Q,50,medium,negative,-86.48648648648648
WELL,2014-08-02,Q2_2014,10-Q,151,medium,negative,0.0
WELL,2012-02-18,FY2011,10-K,-100,medium,negative,-33.333333333333336
WELL,2014-11-05,Q3_2014,10-Q,111,medium,negative,144.44444444444446
WELL,2015-05-09,Q1_2015,10-Q,-8,medium,negative,nan
WELL,2013-02-27,FY2012,10-K,-53,medium,negative,-9.523809523809518
WELL,2015-08-05,Q2_2015,10-Q,-8,medium,negative,187.0967741935484
WELL,2016-05-06,Q1_2016,10-Q,40,medium,negative,-12.5
WELL,2015-10-31,Q3_2015,10-Q,33,medium,negative,-7.142857142857148
WELL,2016-08-03,Q2_2016,10-Q,55,medium,negative,17.39130434782609
WELL,2016-11-03,Q3_2016,10-Q,31,medium,negative,93.75000000000003
WELL,2014-02-22,FY2013,10-K,-105,medium,negative,-73.12
WELL,2017-05-06,Q1_2017,10-Q,53,medium,negative,132.43243243243242
WELL,2017-07-29,Q2_2017,10-Q,-15,medium,negative,37.83783783783784
WELL,2015-02-21,FY2014,10-K,-75,medium,negative,nan
WELL,2017-11-08,Q3_2017,10-Q,40,medium,negative,-69.23076923076923
WELL,2018-05-05,Q1_2018,10-Q,-27,medium,negative,148.93617021276594
WELL,2018-08-03,Q2_2018,10-Q,-6,medium,negative,-8.888888888888896
WELL,2019-05-01,Q1_2019,10-Q,-37,medium,negative,41.45398760783376
WELL,2016-02-19,FY2015,10-K,-115,medium,negative,-44.776119402985074
WELL,2018-10-31,Q3_2018,10-Q,-30,medium,negative,-77.33333333333333
WELL,2019-08-02,Q2_2019,10-Q,-32,medium,negative,-30.03827317996625
WELL,2017-02-23,FY2016,10-K,-113,medium,negative,119.04761904761905
WELL,2019-10-31,Q3_2019,10-Q,-85,medium,negative,nan
WELL,2018-03-01,FY2017,10-K,-64,medium,negative,-127.77777777777779
WELL,2020-10-30,Q3_2020,10-Q,16,medium,negative,nan
WELL,2020-05-08,Q1_2020,10-Q,11,medium,negative,91.9287560457558
WELL,2020-08-07,Q2_2020,10-Q,-17,medium,negative,119.67676133689
WELL,2021-04-30,Q1_2021,10-Q,-40,medium,negative,8.834827144686304
WELL,2021-07-31,Q2_2021,10-Q,-85,medium,negative,-57.28909283445112
WELL,2022-05-11,Q1_2022,10-Q,77,medium,negative,-2.418624102599828
WELL,2021-11-06,Q3_2021,10-Q,28,medium,negative,84.34797875609006
WELL,2019-02-26,FY2018,10-K,-71,medium,negative,-62.31884057971014
WELL,2022-08-10,Q2_2022,10-Q,12,medium,negative,6.315118009780991
WELL,2023-05-04,Q1_2023,10-Q,-37,medium,negative,-57.694815780893386
WELL,2022-11-09,Q3_2022,10-Q,50,medium,negative,-108.86998784933171
WELL,2021-02-11,FY2020,10-K,-30,medium,negative,nan
WELL,2023-08-02,Q2_2023,10-Q,-26,medium,negative,23.992560446373226
WELL,2023-11-01,Q3_2023,10-Q,-98,medium,negative,26.23606143488322
WELL,2020-02-15,FY2019,10-K,-24,medium,negative,21.265571601807967
WELL,2024-05-01,Q1_2024,10-Q,54,medium,negative,-11.618190583319944
WELL,2022-02-17,FY2021,10-K,-22,medium,negative,-10.891767770237843
WELL,2024-07-31,Q2_2024,10-Q,-24,medium,negative,21.848617598421768
WMT,2006-03-30,FY2005,10-K,0,medium,negative,-49.122807017543856
WELL,2024-10-30,Q3_2024,10-Q,-16,medium,negative,92.96344267928419
WMT,2006-06-03,Q1_2006,10-Q,0,medium,negative,-74.39024390243902
WELL,2025-07-30,Q2_2025,10-Q,-16,medium,negative,-1.1532125205930757
WMT,2006-08-31,Q2_2006,10-Q,0,medium,negative,-71.18644067796609
WELL,2025-04-30,Q1_2025,10-Q,48,medium,negative,0.8089921621008711
WELL,2023-02-22,FY2022,10-K,18,medium,negative,-107.57724857311553
WELL,2025-10-29,Q3_2025,10-Q,6,medium,negative,-23.336399877338234
WMT,2007-03-28,FY2006,10-K,0,medium,positive,-42.85714285714286
WMT,2007-06-02,Q1_2007,10-Q,0,medium,negative,-73.86363636363636
WMT,2006-12-01,Q3_2006,10-Q,0,medium,negative,-70.83333333333334
WMT,2007-09-11,Q2_2007,10-Q,0,medium,negative,-64.70588235294117
WMT,2008-04-01,FY2007,10-K,0,medium,negative,-47.692307692307686
WMT,2008-06-10,Q1_2008,10-Q,0,medium,positive,-75.0
WMT,2007-11-30,Q3_2007,10-Q,0,medium,negative,-71.25
WMT,2008-12-10,Q3_2008,10-Q,0,medium,positive,-67.07317073170731
WMT,2009-04-02,FY2009,10-K,0,medium,negative,-57.333333333333336
WMT,2008-09-05,Q2_2008,10-Q,0,medium,negative,-60.810810810810814
WMT,2009-06-06,Q1_2009,10-Q,0,medium,negative,-72.63157894736841
WMT,2010-03-31,FY2009,10-K,0,medium,negative,-48.717948717948715
WMT,2009-09-10,Q2_2009,10-Q,0,medium,negative,-62.33766233766234
WMT,2010-06-05,Q1_2010,10-Q,0,medium,negative,-72.89719626168224
WMT,2009-12-09,Q3_2009,10-Q,0,medium,positive,-65.85365853658536
WELL,2024-02-16,FY2023,10-K,25,medium,negative,-43.39622641509435
WMT,2010-09-02,Q2_2010,10-Q,0,medium,positive,-60.97560975609756
WMT,2011-06-04,Q1_2011,10-Q,0,medium,negative,-75.0
WMT,2010-12-07,Q3_2010,10-Q,0,medium,negative,-66.3157894736842
WMT,2011-03-31,FY2010,10-K,0,medium,negative,-36.66666666666668
WMT,2012-03-28,FY2011,10-K,0,medium,negative,-49.494949494949495
WMT,2011-09-02,Q2_2011,10-Q,0,medium,negative,-60.86956521739131
WMT,2011-12-09,Q3_2011,10-Q,0,medium,negative,-70.09345794392523
WMT,2013-03-27,FY2012,10-K,0,medium,negative,-47.16981132075471
WMT,2012-06-02,Q1_2012,10-Q,0,medium,negative,-75.34246575342468
WMT,2013-06-08,Q1_2013,10-Q,0,medium,negative,-74.14965986394557
WMT,2012-12-05,Q3_2012,10-Q,0,medium,negative,-68.9655172413793
WMT,2012-09-07,Q2_2012,10-Q,0,medium,negative,-60.60606060606061
WMT,2013-09-06,Q2_2013,10-Q,0,medium,negative,-64.65517241379311
WMT,2013-12-07,Q3_2013,10-Q,0,medium,negative,-69.6
WELL,2025-02-13,FY2024,10-K,-93,medium,negative,-53.792650599479565
WMT,2014-06-07,Q1_2014,10-Q,0,medium,negative,-76.58227848101265
WMT,2014-03-22,FY2013,10-K,0,medium,negative,-59.821428571428584
WMT,2015-04-02,FY2015,10-K,0,medium,negative,-53.21100917431193
WMT,2014-12-02,Q3_2014,10-Q,0,medium,negative,-68.59504132231405
WMT,2014-09-06,Q2_2014,10-Q,0,medium,negative,-65.0
WMT,2015-06-06,Q1_2015,10-Q,0,medium,negative,-76.87074829931973
WMT,2016-03-31,FY2015,10-K,0,medium,negative,-50.51546391752577
WMT,2016-06-04,Q1_2016,10-Q,0,medium,negative,-76.92307692307692
WMT,2015-09-10,Q2_2015,10-Q,0,medium,negative,-65.71428571428571
WMT,2016-09-01,Q2_2016,10-Q,0,medium,negative,-48.717948717948715
WMT,2015-12-03,Q3_2015,10-Q,0,medium,negative,-70.68965517241378
WMT,2017-04-01,FY2016,10-K,0,medium,negative,-56.382978723404264
WMT,2017-06-03,Q1_2017,10-Q,0,medium,negative,-74.21875
WMT,2016-12-02,Q3_2016,10-Q,0,medium,negative,-65.97938144329896
WMT,2017-09-01,Q2_2017,10-Q,0,medium,negative,-65.21739130434784
WMT,2017-12-02,Q3_2017,10-Q,0,medium,negative,-82.0754716981132
WMT,2018-06-05,Q1_2018,10-Q,0,medium,negative,-82.97872340425532
WMT,2019-06-08,Q1_2019,10-Q,0,medium,negative,29.434606106960043
WMT,2018-09-07,Q2_2018,10-Q,0,medium,negative,-108.81818181818181
WMT,2018-12-01,Q3_2018,10-Q,0,medium,negative,-83.47826086956522
WMT,2019-09-07,Q2_2019,10-Q,0,medium,negative,3.4916097873493728
WMT,2020-06-04,Q1_2020,10-Q,0,medium,negative,25.95133454818308
WMT,2019-12-05,Q3_2019,10-Q,0,medium,negative,4.717813051146392
WMT,2020-09-03,Q2_2020,10-Q,0,medium,negative,82.06645425580335
WMT,2020-12-03,Q3_2020,10-Q,0,medium,negative,52.722274543742195
WMT,2018-03-31,FY2017,10-K,0,medium,negative,-74.46808510638297
WMT,2021-06-05,Q1_2021,10-Q,0,medium,negative,-20.797960547484095
WMT,2020-03-21,FY2019,10-K,0,medium,negative,0.30928696815179746
WMT,2019-03-29,FY2018,10-K,0,medium,negative,-5.550058469011432
WMT,2021-09-03,Q2_2021,10-Q,0,medium,negative,-2.712601579489529
WMT,2021-12-02,Q3_2021,10-Q,0,medium,negative,-20.679157912789947
WMT,2022-06-04,Q1_2022,10-Q,0,medium,negative,-49.249913724853336
WMT,2021-03-20,FY2020,10-K,0,medium,negative,-149.78393771033714
WMT,2022-09-03,Q2_2022,10-Q,0,medium,negative,16.720704029643365
WMT,2022-03-19,FY2021,10-K,0,medium,negative,-13.75333453677518
WMT,2023-06-03,Q1_2023,10-Q,0,medium,negative,-52.217342829188375
WMT,2022-12-02,Q3_2022,10-Q,0,medium,negative,-149.97160704145372
WMT,2023-12-01,Q3_2023,10-Q,0,medium,negative,-88.9828337176531
WMT,2024-06-08,Q1_2024,10-Q,0,medium,negative,20.05717008099094
WMT,2023-09-02,Q2_2023,10-Q,0,medium,negative,70.55844703896469
WMT,2023-03-18,FY2022,10-K,0,medium,negative,51.607631573765985
WMT,2024-08-31,Q2_2024,10-Q,0,medium,negative,-13.36767686143469
WMT,2024-12-07,Q3_2024,10-Q,0,medium,negative,6.990014265335224
WMT,2024-03-16,FY2023,10-K,0,medium,negative,24.189571728609273
WMT,2025-06-07,Q1_2025,10-Q,0,medium,negative,-2.6865464150418656
WMT,2025-08-30,Q2_2025,10-Q,0,medium,negative,20.09389158796878
WMT,2025-12-04,Q3_2025,10-Q,0,medium,negative,28.136856819543365
WMT,2025-03-15,FY2024,10-K,100,medium,negative,0.6347731847035133
AEP,2006-03-02,FY2005,10-K,-54,medium,negative,nan
AEP,2007-03-01,FY2006,10-K,-68,medium,negative,27.77777777777779
AEP,2008-02-29,FY2007,10-K,-44,medium,negative,20.83333333333333
AEP,2007-05-05,Q1_2007,10-Q,-101,medium,negative,-10.52631578947368
AEP,2006-05-06,Q1_2006,10-Q,-26,medium,negative,19.99999999999999
AEP,2007-08-04,Q2_2007,10-Q,-66,medium,negative,-13.461538461538463
AEP,2007-11-03,Q3_2007,10-Q,-73,medium,negative,-3.7735849056603805
AEP,2006-11-07,Q3_2006,10-Q,-105,medium,negative,-32.32323232323232
AEP,2009-02-28,FY2008,10-K,-21,medium,negative,-19.14893617021276
AEP,2008-05-02,Q1_2008,10-Q,-74,medium,negative,98.6111111111111
AEP,2006-08-05,Q2_2006,10-Q,-69,medium,negative,-31.25
AEP,2010-02-27,FY2009,10-K,-18,medium,negative,21.428571428571434
AEP,2008-08-02,Q2_2008,10-Q,-93,medium,negative,6.060606060606049
AEP,2011-02-26,FY2010,10-K,0,medium,negative,-11.904761904761903
AEP,2008-11-01,Q3_2008,10-Q,-105,medium,negative,-19.130434782608685
AEP,2009-05-02,Q1_2009,10-Q,-52,medium,negative,28.985507246376823
AEP,2010-05-01,Q1_2010,10-Q,-77,medium,negative,-10.000000000000009
AEP,2009-08-05,Q2_2009,10-Q,-63,medium,negative,24.074074074074073
AEP,2009-10-31,Q3_2009,10-Q,4,medium,negative,20.779220779220783
AEP,2012-02-29,FY2011,10-K,-74,medium,negative,60.0
AEP,2010-07-31,Q2_2010,10-Q,-189,medium,negative,-56.25
AEP,2011-05-04,Q1_2011,10-Q,-87,medium,negative,-6.410256410256415
AEP,2010-11-02,Q3_2010,10-Q,-100,medium,negative,24.73118279569891
AEP,2013-02-27,FY2012,10-K,8,medium,negative,-89.69047619047619
AEP,2012-04-28,Q1_2012,10-Q,-106,medium,negative,2.5641025641025665
AEP,2011-07-30,Q2_2011,10-Q,-124,medium,negative,-7.594936708860765
AEP,2012-07-28,Q2_2012,10-Q,-171,medium,negative,15.38461538461538
AEP,2012-10-27,Q3_2012,10-Q,-103,medium,negative,-3.8461538461538494
AEP,2011-10-29,Q3_2011,10-Q,-129,medium,negative,69.91150442477877
AEP,2014-02-26,FY2013,10-K,93,medium,negative,31.481481481481467
AEP,2013-04-27,Q1_2013,10-Q,-102,medium,negative,-8.536585365853654
AEP,2015-02-21,FY2014,10-K,91,medium,negative,-25.0
AEP,2013-07-27,Q2_2013,10-Q,-121,medium,negative,-8.000000000000007
AEP,2013-10-26,Q3_2013,10-Q,-124,medium,negative,-17.592592592592595
AEP,2016-02-25,FY2015,10-K,78,medium,negative,84.6153846153846
AEP,2014-04-26,Q1_2014,10-Q,-91,medium,negative,61.97183098591549
AEP,2015-04-24,Q1_2015,10-Q,-9,medium,negative,40.21739130434782
AEP,2017-03-01,FY2016,10-K,124,medium,negative,76.74418604651163
AEP,2016-04-29,Q1_2016,10-Q,-69,medium,negative,-3.7735849056603805
AEP,2014-07-26,Q2_2014,10-Q,11,medium,negative,14.285714285714299
AEP,2014-10-24,Q3_2014,10-Q,57,medium,negative,0.0
AEP,2015-07-24,Q2_2015,10-Q,-33,medium,negative,18.91891891891892
AEP,2018-02-24,FY2017,10-K,3,medium,negative,10.958904109589051
AEP,2015-10-23,Q3_2015,10-Q,0,medium,negative,10.416666666666677
AEP,2016-07-29,Q2_2016,10-Q,-111,medium,negative,20.000000000000004
AEP,2016-11-03,Q3_2016,10-Q,-92,medium,negative,nan
AEP,2017-04-29,Q1_2017,10-Q,-65,medium,negative,27.659574468085108
AEP,2019-02-22,FY2018,10-K,47,medium,negative,5.71428571428572
AEP,2019-04-27,Q1_2019,10-Q,-21,medium,negative,4.470622140567015
AEP,2019-07-26,Q2_2019,10-Q,14,medium,negative,-4.2717447246525975
AEP,2017-07-28,Q2_2017,10-Q,-77,medium,negative,-14.606741573033707
AEP,2017-10-28,Q3_2017,10-Q,-121,medium,negative,-9.836065573770481
AEP,2020-02-21,FY2019,10-K,56,medium,negative,-46.66299616317682
AEP,2019-10-25,Q3_2019,10-Q,155,medium,negative,12.933132902457814
AEP,2018-04-27,Q1_2018,10-Q,-63,medium,negative,-7.9999999999999964
AEP,2020-05-07,Q1_2020,10-Q,-30,medium,negative,-7.893524914801519
AEP,2020-08-07,Q2_2020,10-Q,12,medium,negative,0.0314384520849354
AEP,2021-04-23,Q1_2021,10-Q,-129,medium,negative,-1.4085714530662077
AEP,2020-10-23,Q3_2020,10-Q,-27,medium,negative,1.8005117172388947
AEP,2021-07-23,Q2_2021,10-Q,-129,medium,negative,1.2359590126412752
AEP,2018-07-27,Q2_2018,10-Q,-27,medium,negative,42.66666666666667
AEP,2021-02-26,FY2020,10-K,36,medium,negative,12.451441423021873
AEP,2022-04-29,Q1_2022,10-Q,-96,medium,negative,18.195382835683276
AEP,2018-10-26,Q3_2018,10-Q,0,medium,negative,0.8620689655172422
AEP,2021-10-29,Q3_2021,10-Q,-54,medium,negative,8.543321150833998
AEP,2022-07-28,Q2_2022,10-Q,-95,medium,negative,-14.193418130426002
AEP,2022-10-28,Q3_2022,10-Q,-108,medium,negative,-14.72062991318175
AEP,2023-05-05,Q1_2023,10-Q,-138,medium,negative,-31.310716420307045
AEP,2022-02-25,FY2021,10-K,29,medium,negative,14.545084731247263
AEP,2023-07-28,Q2_2023,10-Q,-107,medium,negative,-10.780537790184086
AEP,2024-05-01,Q1_2024,10-Q,-143,medium,negative,51.642124585977086
AEP,2023-11-03,Q3_2023,10-Q,-155,medium,negative,7.56164222529169
AEP,2023-02-24,FY2022,10-K,-39,medium,negative,-24.06293663811433
AEP,2024-07-31,Q2_2024,10-Q,-174,medium,negative,-48.1285762915174
AEP,2024-02-27,FY2023,10-K,-56,medium,negative,-49.177307667873706
AEP,2024-11-07,Q3_2024,10-Q,-175,medium,negative,-0.1098791329537437
AEP,2025-05-07,Q1_2025,10-Q,-73,medium,negative,7.214844252569584
AEP,2025-07-31,Q2_2025,10-Q,-64,medium,negative,80.60079338165129
AEP,2025-10-30,Q3_2025,10-Q,-52,medium,negative,0.13388065811748795
AIG,2006-05-11,Q1_2006,10-Q,-160,medium,negative,-14.205344585091428
AIG,2006-08-10,Q2_2006,10-Q,80,medium,neutral,1.3400335008375222
AIG,2006-11-10,Q3_2006,10-Q,-64,medium,negative,22.71341463414636
AEP,2025-02-14,FY2024,10-K,-68,medium,negative,0.32022214909992197
AIG,2006-03-17,FY2005,10-K,-25,medium,negative,-25.759280089988764
AIG,2007-05-11,Q1_2007,10-Q,-132,medium,negative,12.375533428165008
AIG,2007-08-09,Q2_2007,10-Q,-102,medium,negative,12.71477663230239
AIG,2007-11-08,Q3_2007,10-Q,-110,medium,negative,-37.10359408033827
AIG,2008-05-09,Q1_2008,10-Q,-113,medium,negative,nan
AIG,2007-03-02,FY2006,10-K,-93,medium,negative,22.71341463414636
AIG,2008-08-07,Q2_2008,10-Q,-123,medium,negative,nan
AIG,2008-02-29,FY2007,10-K,-161,medium,negative,-193.65079365079364
AIG,2008-11-11,Q3_2008,10-Q,-215,medium,negative,nan
AIG,2009-05-08,Q1_2009,10-Q,-134,medium,negative,-109.64169381107492
AIG,2009-08-08,Q2_2009,10-Q,-121,medium,negative,nan
AIG,2009-11-07,Q3_2009,10-Q,-116,medium,negative,175.40983606557376
AIG,2010-05-08,Q1_2010,10-Q,-157,medium,negative,nan
AIG,2009-03-03,FY2008,10-K,-193,medium,negative,nan
AIG,2010-08-07,Q2_2010,10-Q,-99,medium,negative,nan
AIG,2010-11-06,Q3_2010,10-Q,-140,medium,negative,nan
AIG,2011-05-06,Q1_2011,10-Q,-150,medium,negative,157.6388888888889
AIG,2010-02-27,FY2009,10-K,-126,medium,negative,175.40983606557376
AIG,2011-08-05,Q2_2011,10-Q,-103,medium,negative,-13.04347826086956
AIG,2011-11-04,Q3_2011,10-Q,-100,medium,negative,nan
AIG,2012-05-04,Q1_2012,10-Q,-128,medium,negative,163.07692307692307
AIG,2011-02-25,FY2010,10-K,-208,medium,negative,nan
AIG,2012-08-03,Q2_2012,10-Q,-108,medium,negative,nan
AIG,2013-05-03,Q1_2013,10-Q,-168,medium,negative,nan
AIG,2012-11-02,Q3_2012,10-Q,-63,medium,negative,56.94444444444443
AIG,2012-02-24,FY2011,10-K,-140,medium,negative,nan
AIG,2013-08-06,Q2_2013,10-Q,-139,medium,negative,nan
AIG,2014-05-06,Q1_2014,10-Q,-136,medium,negative,17.20430107526882
AIG,2013-11-01,Q3_2013,10-Q,-103,medium,negative,58.69565217391304
AIG,2013-02-22,FY2012,10-K,-78,medium,negative,nan
AIG,2014-08-05,Q2_2014,10-Q,-120,medium,negative,147.05882352941177
AIG,2014-11-04,Q3_2014,10-Q,-93,medium,negative,56.70103092783506
AIG,2015-05-05,Q1_2015,10-Q,-142,medium,negative,53.44827586206898
AIG,2015-08-04,Q2_2015,10-Q,-146,medium,negative,25.71428571428572
AIG,2015-11-03,Q3_2015,10-Q,-65,medium,negative,-112.94964028776977
AIG,2015-02-21,FY2014,10-K,-48,medium,negative,-59.29203539823009
AIG,2014-02-21,FY2013,10-K,-144,medium,negative,74.02597402597402
AIG,2016-05-03,Q1_2016,10-Q,-142,medium,negative,-111.85185185185185
AIG,2016-08-03,Q2_2016,10-Q,-114,medium,negative,90.9090909090909
AIG,2016-11-04,Q3_2016,10-Q,-76,medium,negative,-70.42253521126761
AIG,2016-02-20,FY2015,10-K,-152,medium,negative,-81.57894736842104
AIG,2017-05-05,Q1_2017,10-Q,-131,medium,negative,47.499999999999986
AIG,2017-08-04,Q2_2017,10-Q,-130,medium,negative,36.78160919540229
AIG,2017-11-04,Q3_2017,10-Q,-157,medium,negative,nan
AIG,2018-05-04,Q1_2018,10-Q,-78,medium,negative,-32.666666666666664
AIG,2018-08-04,Q2_2018,10-Q,-187,medium,negative,-25.547445255474454
AIG,2017-02-24,FY2016,10-K,-133,medium,negative,-161.0503282275711
AIG,2018-02-17,FY2017,10-K,-210,medium,negative,nan
AIG,2019-05-08,Q1_2019,10-Q,-106,medium,negative,-29.11019111892474
AIG,2019-08-09,Q2_2019,10-Q,-61,medium,negative,7.572589810099687
AIG,2018-11-03,Q3_2018,10-Q,-102,medium,negative,nan
AIG,2019-11-02,Q3_2019,10-Q,-106,medium,negative,-27.760888541070944
AIG,2020-05-06,Q1_2020,10-Q,43,medium,negative,161.0897199219368
AIG,2021-05-08,Q1_2021,10-Q,61,medium,negative,nan
AIG,2020-08-05,Q2_2020,10-Q,-68,medium,negative,nan
AIG,2019-02-16,FY2018,10-K,-211,medium,negative,-151.5151515151515
AIG,2021-08-07,Q2_2021,10-Q,-54,medium,negative,-90.8555847437901
AIG,2020-11-07,Q3_2020,10-Q,-97,medium,negative,-41.04533981834595
AIG,2020-02-22,FY2019,10-K,-228,medium,negative,5.953380512574473
AIG,2021-11-06,Q3_2021,10-Q,-42,medium,negative,117.57113556268199
AIG,2022-05-06,Q1_2022,10-Q,-71,medium,negative,nan
AIG,2022-08-10,Q2_2022,10-Q,-128,medium,negative,nan
AIG,2022-11-03,Q3_2022,10-Q,-98,medium,negative,nan
AIG,2021-02-20,FY2020,10-K,-138,medium,negative,-106.5200893572902
AIG,2023-05-06,Q1_2023,10-Q,36,medium,negative,-97.89069585943597
AIG,2023-08-03,Q2_2023,10-Q,-34,medium,negative,28.048242017485197
AIG,2023-11-03,Q3_2023,10-Q,21,medium,negative,87.91084600004014
AIG,2023-02-18,FY2022,10-K,-112,medium,negative,-73.56677499105935
AIG,2024-08-02,Q2_2024,10-Q,-99,medium,negative,nan
AIG,2024-05-03,Q1_2024,10-Q,35,medium,negative,5.01095372879412
AIG,2022-02-18,FY2021,10-K,-99,medium,negative,nan
AJG,2006-02-09,FY2005,10-K,0,medium,negative,-96.03174603174602
AIG,2024-11-08,Q3_2024,10-Q,-181,medium,negative,-35.546538122861
AJG,2006-04-26,Q1_2006,10-Q,-64,medium,negative,-54.05405405405405
AJG,2006-07-29,Q2_2006,10-Q,-2,medium,negative,37.037037037037024
AJG,2007-02-06,FY2006,10-K,0,medium,negative,-54.545454545454554
AIG,2025-05-03,Q1_2025,10-Q,-154,medium,negative,15.932758999780116
AJG,2007-04-27,Q1_2007,10-Q,-104,medium,negative,-37.5
AIG,2025-08-08,Q2_2025,10-Q,-141,medium,negative,23.63718107227154
AIG,2025-11-06,Q3_2025,10-Q,-139,medium,negative,-45.88146294625971
AJG,2006-10-27,Q3_2006,10-Q,-135,medium,negative,4.081632653061228
AIG,2024-02-15,FY2023,10-K,-138,medium,negative,-92.6766752105456
AJG,2008-02-05,FY2007,10-K,0,medium,negative,-34.14634146341463
AJG,2007-07-27,Q2_2007,10-Q,-78,medium,negative,-4.347826086956525
AJG,2007-10-26,Q3_2007,10-Q,-27,medium,negative,-24.999999999999993
AJG,2008-04-30,Q1_2008,10-Q,-170,medium,negative,-132.29999999999998
AJG,2008-08-01,Q2_2008,10-Q,-84,medium,negative,-10.20408163265306
AJG,2009-05-02,Q1_2009,10-Q,-151,medium,negative,125.00000000000003
AJG,2008-10-31,Q3_2008,10-Q,-95,medium,negative,-9.090909090909086
AJG,2009-07-31,Q2_2009,10-Q,12,medium,negative,4.761904761904766
AJG,2009-10-30,Q3_2009,10-Q,4,medium,negative,-4.651162790697678
AIG,2025-02-14,FY2024,10-K,-187,medium,negative,21.452572770333187
AJG,2010-04-27,Q1_2010,10-Q,35,medium,negative,40.00000000000001
AJG,2010-07-31,Q2_2010,10-Q,50,medium,negative,-19.230769230769237
AJG,2009-02-07,FY2008,10-K,-100,medium,negative,-91.72413793103448
AJG,2011-04-30,Q1_2011,10-Q,16,medium,negative,-53.333333333333336
AJG,2010-10-30,Q3_2010,10-Q,-48,medium,negative,9.999999999999995
AJG,2010-02-06,FY2009,10-K,0,medium,negative,-40.74074074074075
AJG,2012-05-03,Q1_2012,10-Q,78,medium,negative,-4.0000000000000036
AJG,2011-08-04,Q2_2011,10-Q,-19,medium,negative,-11.904761904761903
AJG,2011-10-29,Q3_2011,10-Q,34,medium,negative,-8.888888888888896
AJG,2011-02-08,FY2010,10-K,0,medium,negative,127.2727272727273
AJG,2012-08-02,Q2_2012,10-Q,116,medium,negative,9.259259259259247
AJG,2012-11-01,Q3_2012,10-Q,58,medium,negative,-13.793103448275856
AJG,2013-05-02,Q1_2013,10-Q,86,medium,negative,113.33333333333336
AJG,2013-08-01,Q2_2013,10-Q,87,medium,negative,7.352941176470577
AJG,2012-02-15,FY2011,10-K,0,medium,negative,25.925925925925924
AJG,2013-10-31,Q3_2013,10-Q,90,medium,negative,-10.937500000000009
AJG,2013-02-09,FY2012,10-K,100,medium,negative,-34.14634146341463
AJG,2014-04-25,Q1_2014,10-Q,18,medium,negative,140.0
AJG,2014-08-02,Q2_2014,10-Q,13,medium,negative,9.374999999999991
AJG,2014-10-30,Q3_2014,10-Q,29,medium,negative,-13.432835820895534
AJG,2015-04-29,Q1_2015,10-Q,9,medium,negative,-43.47826086956522
AJG,2014-02-08,FY2013,10-K,100,medium,negative,-8.163265306122446
AJG,2015-08-01,Q2_2015,10-Q,39,medium,negative,-11.956521739130432
AJG,2016-05-03,Q1_2016,10-Q,73,medium,negative,0.0
AJG,2015-10-29,Q3_2015,10-Q,100,medium,negative,22.95081967213115
AJG,2015-02-14,FY2014,10-K,-119,medium,negative,-40.38461538461539
AJG,2016-07-30,Q2_2016,10-Q,-60,medium,negative,-11.578947368421051
AJG,2016-02-11,FY2015,10-K,-19,medium,negative,-31.37254901960785
AJG,2017-04-29,Q1_2017,10-Q,-39,medium,negative,-18.42105263157895
AJG,2016-10-29,Q3_2016,10-Q,-90,medium,negative,-8.000000000000007
AJG,2017-10-31,Q3_2017,10-Q,-100,medium,negative,-7.792207792207799
AJG,2017-07-29,Q2_2017,10-Q,-95,medium,negative,-7.766990291262142
AJG,2017-02-14,FY2016,10-K,-158,medium,negative,-19.696969696969695
AJG,2018-05-08,Q1_2018,10-Q,-121,medium,negative,7.24637681159421
AJG,2019-04-30,Q1_2019,10-Q,100,medium,negative,9.811707044700189
AJG,2018-07-28,Q2_2018,10-Q,-52,medium,negative,-3.1250000000000027
AJG,2018-10-27,Q3_2018,10-Q,-46,medium,negative,-10.52631578947368
AJG,2018-02-13,FY2017,10-K,-100,medium,negative,-16.176470588235308
AJG,2019-07-27,Q2_2019,10-Q,-86,medium,negative,-5.500521376433787
AJG,2019-02-09,FY2018,10-K,-99,medium,negative,23.52941176470588
AJG,2020-05-06,Q1_2020,10-Q,51,medium,negative,3.373200353432399
AJG,2019-10-26,Q3_2019,10-Q,-85,medium,negative,-16.794836237109504
AJG,2020-02-08,FY2019,10-K,0,medium,negative,-3.168846949818676
AJG,2020-08-01,Q2_2020,10-Q,-18,medium,negative,9.034697877273867
AJG,2021-05-01,Q1_2021,10-Q,-61,medium,negative,4.422738051210643
AJG,2020-10-31,Q3_2020,10-Q,-47,medium,negative,-2.529890833477727
AJG,2021-02-09,FY2020,10-K,-100,medium,negative,-8.139831589691257
AJG,2021-07-31,Q2_2021,10-Q,-79,medium,negative,-14.432136313327188
AJG,2021-10-30,Q3_2021,10-Q,-60,medium,negative,-12.696124861013876
AJG,2022-05-07,Q1_2022,10-Q,-141,medium,negative,-25.062965386400943
AJG,2022-02-19,FY2021,10-K,40,medium,negative,-45.75449120903666
AJG,2022-08-04,Q2_2022,10-Q,-24,medium,negative,-20.79608863691855
AJG,2023-05-09,Q1_2023,10-Q,100,medium,negative,-25.078349984447062
AJG,2022-11-03,Q3_2022,10-Q,-40,medium,negative,-28.377540641231665
AJG,2023-02-11,FY2022,10-K,-115,medium,negative,-57.84091973714148
AJG,2023-08-05,Q2_2023,10-Q,4,medium,negative,-42.4276175256789
AJG,2024-05-02,Q1_2024,10-Q,-18,medium,negative,-19.647622566701266
AJG,2023-10-28,Q3_2023,10-Q,-39,medium,negative,-34.32057715792822
AJG,2024-02-10,FY2023,10-K,-59,medium,negative,-108.11618041727988
AJG,2025-05-03,Q1_2025,10-Q,-113,medium,negative,-23.721921534535458
AJG,2025-08-02,Q2_2025,10-Q,-119,medium,negative,-40.552269417115006
ALGN,2006-05-04,Q1_2006,10-Q,-150,medium,negative,36.49999999999999
AJG,2024-07-27,Q2_2024,10-Q,-50,medium,negative,-43.321789424827735
AJG,2024-10-30,Q3_2024,10-Q,9,medium,negative,-38.58036692707413
ALGN,2006-03-02,FY2005,10-K,71,medium,negative,114.00000000000001
AJG,2025-11-11,Q3_2025,10-Q,0,medium,negative,-58.64595025698588
ALGN,2006-08-08,Q2_2006,10-Q,-179,medium,negative,70.35714285714285
ALGN,2007-05-08,Q1_2007,10-Q,-28,medium,negative,190.9090909090909
AJG,2025-02-19,FY2024,10-K,-104,medium,negative,-44.71128926362347
ALGN,2006-11-08,Q3_2006,10-Q,-139,medium,negative,-60.0
ALGN,2007-11-06,Q3_2007,10-Q,-45,medium,negative,160.0
ALGN,2008-05-09,Q1_2008,10-Q,38,medium,negative,nan
ALGN,2007-08-04,Q2_2007,10-Q,-37,medium,negative,nan
ALGN,2007-03-13,FY2006,10-K,-100,medium,negative,-13.636363636363635
ALGN,2008-08-09,Q2_2008,10-Q,94,medium,negative,49.999999999999986
ALGN,2008-11-06,Q3_2008,10-Q,11,medium,negative,100.0
ALGN,2009-05-08,Q1_2009,10-Q,34,medium,negative,157.14285714285714
ALGN,2009-02-28,FY2008,10-K,6,medium,negative,16.47058823529412
ALGN,2010-05-07,Q1_2010,10-Q,-22,medium,negative,171.4285714285714
ALGN,2009-11-06,Q3_2009,10-Q,91,medium,negative,40.00000000000001
ALGN,2008-02-27,FY2007,10-K,-76,medium,negative,-20.000000000000004
ALGN,2009-08-06,Q2_2009,10-Q,48,medium,negative,40.00000000000001
ALGN,2010-08-06,Q2_2010,10-Q,-53,medium,negative,nan
ALGN,2010-11-05,Q3_2010,10-Q,-53,medium,negative,100.0
ALGN,2011-05-06,Q1_2011,10-Q,-55,medium,negative,53.846153846153854
ALGN,2010-02-27,FY2009,10-K,53,medium,negative,114.28571428571426
ALGN,2011-08-09,Q2_2011,10-Q,-56,medium,negative,-30.0
ALGN,2012-05-09,Q1_2012,10-Q,-14,medium,negative,73.33333333333336
ALGN,2011-11-05,Q3_2011,10-Q,-15,medium,negative,100.0
ALGN,2011-02-25,FY2010,10-K,18,medium,negative,-40.00000000000001
ALGN,2012-08-03,Q2_2012,10-Q,-11,medium,negative,54.545454545454554
ALGN,2012-03-01,FY2011,10-K,72,medium,negative,56.25
ALGN,2013-05-04,Q1_2013,10-Q,-123,medium,negative,nan
ALGN,2012-11-10,Q3_2012,10-Q,9,medium,negative,-3.3333333333333366
ALGN,2013-08-03,Q2_2013,10-Q,-59,medium,negative,79.99999999999999
ALGN,2013-11-02,Q3_2013,10-Q,-71,medium,negative,133.33333333333331
ALGN,2013-03-02,FY2012,10-K,59,medium,negative,-29.41176470588236
ALGN,2014-05-02,Q1_2014,10-Q,-83,medium,negative,25.80645161290323
ALGN,2014-08-01,Q2_2014,10-Q,-107,medium,negative,22.85714285714286
ALGN,2014-10-31,Q3_2014,10-Q,-84,medium,negative,20.5128205128205
ALGN,2015-05-02,Q1_2015,10-Q,-82,medium,negative,120.0
ALGN,2015-07-31,Q2_2015,10-Q,-102,medium,negative,11.42857142857144
ALGN,2014-03-01,FY2013,10-K,35,medium,negative,45.71428571428572
ALGN,2015-10-30,Q3_2015,10-Q,-58,medium,negative,21.428571428571423
ALGN,2016-05-06,Q1_2016,10-Q,-85,medium,negative,66.66666666666667
ALGN,2015-02-27,FY2014,10-K,10,medium,negative,-4.0000000000000036
ALGN,2016-08-05,Q2_2016,10-Q,-60,medium,negative,82.35294117647058
ALGN,2016-11-09,Q3_2016,10-Q,-109,medium,negative,53.658536585365866
ALGN,2016-02-26,FY2015,10-K,11,medium,negative,36.36363636363636
ALGN,2017-05-05,Q1_2017,10-Q,-52,medium,negative,73.46938775510205
ALGN,2017-08-04,Q2_2017,10-Q,-62,medium,negative,39.34426229508197
ALGN,2017-03-01,FY2016,10-K,35,medium,negative,-10.769230769230779
ALGN,2017-11-03,Q3_2017,10-Q,-52,medium,negative,60.317460317460316
ALGN,2018-05-04,Q1_2018,10-Q,-33,medium,negative,48.1012658227848
ALGN,2018-08-03,Q2_2018,10-Q,-36,medium,negative,47.72727272727273
ALGN,2018-11-02,Q3_2018,10-Q,-56,medium,negative,8.771929824561413
ALGN,2018-03-01,FY2017,10-K,124,medium,negative,-82.1917808219178
ALGN,2019-05-03,Q1_2019,10-Q,-44,medium,negative,5.299274736456028
ALGN,2019-11-01,Q3_2019,10-Q,-103,medium,negative,12.704827816960318
ALGN,2019-03-01,FY2018,10-K,-63,medium,negative,9.09090909090908
ALGN,2019-08-02,Q2_2019,10-Q,-104,medium,negative,28.243761256368387
ALGN,2020-05-06,Q1_2020,10-Q,34,medium,negative,nan
ALGN,2020-08-01,Q2_2020,10-Q,-34,medium,negative,nan
ALGN,2020-02-29,FY2019,10-K,100,medium,negative,9.926428325094843
ALGN,2020-10-31,Q3_2020,10-Q,-49,medium,negative,177.03447190303794
ALGN,2021-05-06,Q1_2021,10-Q,-70,medium,negative,24.13145075542146
ALGN,2021-08-05,Q2_2021,10-Q,-54,medium,negative,-0.5420655550624627
ALGN,2022-05-06,Q1_2022,10-Q,-67,medium,negative,-25.936575568654614
ALGN,2021-11-03,Q3_2021,10-Q,-30,medium,negative,-12.183736273894313
ALGN,2021-02-27,FY2020,10-K,-37,medium,negative,-6.558648464291385
ALGN,2022-02-26,FY2021,10-K,-21,medium,negative,-12.444228797822781
ALGN,2022-08-05,Q2_2022,10-Q,-76,medium,negative,-35.36340132145936
ALGN,2022-11-05,Q3_2022,10-Q,-134,medium,negative,-56.94404577820165
ALGN,2023-05-06,Q1_2023,10-Q,-91,medium,negative,-32.543580397401165
ALGN,2023-11-04,Q3_2023,10-Q,-156,medium,negative,-30.16327649154445
ALGN,2023-08-05,Q2_2023,10-Q,-67,medium,negative,-28.250239575398684
ALGN,2023-02-28,FY2022,10-K,107,medium,negative,-64.81901336877492
ALGN,2024-05-04,Q1_2024,10-Q,-174,medium,negative,-29.47849601477401
ALGN,2024-02-29,FY2023,10-K,79,medium,negative,-24.62785000942153
ALGN,2024-11-06,Q3_2024,10-Q,-94,medium,negative,-33.029445440601435
ALGN,2024-08-03,Q2_2024,10-Q,-180,medium,negative,-45.21275002033121
ALGN,2025-05-09,Q1_2025,10-Q,-97,medium,negative,-36.06749661459775
AMP,2006-05-09,Q1_2006,10-Q,152,medium,positive,-25.974025974025984
ALGN,2025-08-07,Q2_2025,10-Q,-78,medium,negative,-33.150923450034206
ALGN,2025-11-06,Q3_2025,10-Q,-78,medium,negative,-67.54151980591493
AMP,2006-03-09,FY2005,10-K,159,medium,negative,-38.32819401616801
ALGN,2025-03-01,FY2024,10-K,-100,medium,negative,-43.22776693160375
AMP,2006-08-09,Q2_2006,10-Q,73,medium,negative,-25.974025974025984
AMP,2006-11-07,Q3_2006,10-Q,84,medium,positive,1.42857142857143
AMP,2007-05-10,Q1_2007,10-Q,98,medium,negative,-20.93023255813953
AMP,2007-02-28,FY2006,10-K,-2,medium,negative,-6.595657517410898
AMP,2007-08-07,Q2_2007,10-Q,57,medium,negative,-9.999999999999996
AMP,2008-03-01,FY2007,10-K,85,medium,negative,22.39020878329734
AMP,2007-11-08,Q3_2007,10-Q,95,medium,negative,-16.161616161616166
AMP,2008-05-07,Q1_2008,10-Q,-37,medium,negative,-21.904761904761912
AMP,2008-08-05,Q2_2008,10-Q,-111,medium,negative,14.814814814814813
AMP,2009-05-07,Q1_2009,10-Q,-74,medium,negative,176.19047619047618
AMP,2008-11-06,Q3_2008,10-Q,-108,medium,negative,-153.33333333333331
AMP,2010-05-05,Q1_2010,10-Q,-12,medium,negative,0.0
AMP,2009-08-06,Q2_2009,10-Q,-6,medium,negative,-49.31506849315068
AMP,2009-11-04,Q3_2009,10-Q,14,medium,negative,nan
AMP,2009-03-03,FY2008,10-K,121,medium,negative,nan
AMP,2010-02-25,FY2009,10-K,-75,medium,negative,44.248326232501526
AMP,2010-08-05,Q2_2010,10-Q,78,medium,negative,44.117647058823515
AMP,2010-11-06,Q3_2010,10-Q,102,medium,negative,67.08860759493672
AMP,2011-05-03,Q1_2011,10-Q,100,medium,negative,-27.13178294573644
AMP,2011-08-10,Q2_2011,10-Q,-22,medium,negative,-6.015037593984967
AMP,2012-05-11,Q1_2012,10-Q,-31,medium,negative,-21.48148148148148
AMP,2011-11-08,Q3_2011,10-Q,-15,medium,negative,-17.64705882352941
AMP,2011-03-01,FY2010,10-K,-69,medium,negative,-22.940799269038433
AMP,2012-08-09,Q2_2012,10-Q,-42,medium,negative,-34.437086092715234
AMP,2012-11-06,Q3_2012,10-Q,109,medium,negative,-25.471698113207548
AMP,2012-02-25,FY2011,10-K,-58,medium,negative,-24.69453663328025
AMP,2013-05-02,Q1_2013,10-Q,50,medium,negative,1.9354838709677438
AMP,2013-02-28,FY2012,10-K,-44,medium,negative,47.154471544715456
AMP,2013-08-01,Q2_2013,10-Q,32,medium,negative,-0.6451612903225812
AMP,2014-05-06,Q1_2014,10-Q,101,medium,negative,16.86046511627906
AMP,2013-11-06,Q3_2013,10-Q,171,medium,negative,21.568627450980397
AMP,2014-08-05,Q2_2014,10-Q,140,medium,negative,-1.546391752577321
AMP,2015-05-05,Q1_2015,10-Q,156,medium,negative,-16.129032258064512
AMP,2014-11-04,Q3_2014,10-Q,224,medium,negative,20.55555555555555
AMP,2015-08-04,Q2_2015,10-Q,148,medium,negative,0.0
AMP,2015-11-03,Q3_2015,10-Q,55,medium,negative,-6.060606060606066
AMP,2016-05-06,Q1_2016,10-Q,45,medium,negative,-4.566210045662104
AMP,2015-02-25,FY2014,10-K,-102,medium,negative,3.738317757009349
AMP,2014-02-28,FY2013,10-K,-50,medium,negative,-16.571428571428573
AMP,2016-08-02,Q2_2016,10-Q,163,medium,negative,-13.973799126637557
AMP,2016-11-03,Q3_2016,10-Q,19,medium,negative,-58.333333333333336
AMP,2017-05-04,Q1_2017,10-Q,-43,medium,negative,7.6923076923077
AMP,2016-02-26,FY2015,10-K,-47,medium,negative,-10.313901345291479
AMP,2017-08-03,Q2_2017,10-Q,22,medium,negative,2.4590163934426252
AMP,2017-11-02,Q3_2017,10-Q,76,medium,negative,58.048780487804905
AMP,2018-05-03,Q1_2018,10-Q,8,medium,negative,21.428571428571423
AMP,2017-02-24,FY2016,10-K,0,medium,negative,15.492957746478877
AMP,2018-11-06,Q3_2018,10-Q,27,medium,negative,-5.769230769230768
AMP,2018-08-07,Q2_2018,10-Q,6,medium,negative,-7.738095238095231
AMP,2019-05-02,Q1_2019,10-Q,76,medium,negative,-22.80697912503627
AMP,2018-02-24,FY2017,10-K,-36,medium,negative,-4.8387096774193585
AMP,2019-08-06,Q2_2019,10-Q,0,medium,negative,-11.621194079362693
AMP,2019-02-28,FY2018,10-K,-42,medium,negative,11.904761904761903
AMP,2019-11-13,Q3_2019,10-Q,0,medium,negative,-1.247363133489608
AMP,2020-05-12,Q1_2020,10-Q,27,medium,negative,nan
AMP,2020-11-10,Q3_2020,10-Q,0,medium,negative,-192.58131319283711
AMP,2020-08-11,Q2_2020,10-Q,113,medium,negative,nan
AMP,2021-05-11,Q1_2021,10-Q,35,medium,negative,-23.743308901371133
AMP,2021-08-10,Q2_2021,10-Q,137,medium,negative,-6.401701647752017
AMP,2020-02-27,FY2019,10-K,-85,medium,negative,-17.422650990226398
AMP,2021-02-25,FY2020,10-K,7,medium,negative,-67.9895960182848
AMP,2021-11-10,Q3_2021,10-Q,0,medium,negative,57.71576519495676
AMP,2022-05-03,Q1_2022,10-Q,122,medium,negative,21.097174512967626
AMP,2022-02-26,FY2021,10-K,-70,medium,negative,4.097166670742063
AMP,2022-08-02,Q2_2022,10-Q,46,medium,negative,-3.394504820380346
AMP,2022-11-03,Q3_2022,10-Q,-3,medium,negative,61.795882716038776
AMP,2023-05-03,Q1_2023,10-Q,26,medium,negative,-47.19161085093961
AMP,2023-02-24,FY2022,10-K,-40,medium,negative,-9.889858513167205
AMP,2023-08-09,Q2_2023,10-Q,54,medium,negative,11.304677914630274
AMP,2023-11-03,Q3_2023,10-Q,85,medium,negative,7.101740074339668
AMP,2024-05-07,Q1_2024,10-Q,-100,medium,negative,15.242918658011446
AMP,2024-08-07,Q2_2024,10-Q,36,medium,negative,-5.963905147831305
AMP,2024-11-02,Q3_2024,10-Q,102,medium,negative,-43.98292599584354
AOS,2006-05-04,Q1_2006,10-Q,53,medium,negative,4.1249999999999964
AMP,2024-02-23,FY2023,10-K,-13,medium,negative,-53.63034160280555
AOS,2006-08-04,Q2_2006,10-Q,19,medium,negative,62.5
AOS,2006-11-01,Q3_2006,10-Q,-30,medium,negative,1.8888888888888968
AOS,2007-08-02,Q2_2007,10-Q,84,medium,negative,49.999999999999986
AOS,2007-05-05,Q1_2007,10-Q,-24,medium,negative,22.222222222222225
AOS,2006-02-25,FY2005,10-K,8,medium,negative,43.33333333333333
AOS,2008-05-03,Q1_2008,10-Q,21,medium,negative,49.999999999999986
AMP,2025-05-03,Q1_2025,10-Q,11,medium,negative,-35.81868061702138
AOS,2007-11-01,Q3_2007,10-Q,49,medium,negative,18.181818181818183
AOS,2008-08-07,Q2_2008,10-Q,33,medium,negative,112.5
AOS,2008-10-31,Q3_2008,10-Q,71,medium,negative,139.99999999999997
AMP,2025-08-06,Q2_2025,10-Q,64,medium,negative,19.15827394853651
AOS,2009-05-06,Q1_2009,10-Q,-56,medium,negative,-77.77777777777777
AMP,2025-11-01,Q3_2025,10-Q,-14,medium,negative,-4.5341666385282915
AMP,2025-02-21,FY2024,10-K,-16,medium,negative,16.961133085850353
AOS,2009-08-05,Q2_2009,10-Q,-17,medium,negative,139.99999999999997
AOS,2007-02-17,FY2006,10-K,-33,medium,negative,66.66666666666669
AOS,2010-05-06,Q1_2010,10-Q,45,medium,negative,13.333333333333346
AOS,2009-11-04,Q3_2009,10-Q,127,medium,negative,nan
AOS,2008-02-21,FY2007,10-K,-63,medium,negative,-27.692307692307693
AOS,2010-08-05,Q2_2010,10-Q,28,medium,negative,0.0
AOS,2010-11-05,Q3_2010,10-Q,-11,medium,negative,30.769230769230777
AOS,2011-05-11,Q1_2011,10-Q,-41,medium,negative,100.0
AOS,2009-02-26,FY2008,10-K,20,medium,negative,-26.000000000000007
AOS,2011-08-09,Q2_2011,10-Q,-54,medium,negative,107.69230769230771
AOS,2011-11-09,Q3_2011,10-Q,-145,medium,negative,nan
AOS,2012-08-04,Q2_2012,10-Q,50,medium,negative,26.66666666666667
AOS,2012-05-08,Q1_2012,10-Q,-26,medium,negative,92.3076923076923
AOS,2010-02-27,FY2009,10-K,12,medium,negative,49.999999999999986
AOS,2012-11-07,Q3_2012,10-Q,-34,medium,negative,25.000000000000007
AOS,2013-05-07,Q1_2013,10-Q,44,medium,negative,49.99999999999998
AOS,2014-05-06,Q1_2014,10-Q,35,medium,negative,0.0
AOS,2013-08-06,Q2_2013,10-Q,46,medium,negative,43.75000000000001
AOS,2013-11-05,Q3_2013,10-Q,100,medium,negative,47.058823529411754
AOS,2014-08-06,Q2_2014,10-Q,0,medium,negative,14.814814814814806
AOS,2011-02-25,FY2010,10-K,-12,medium,negative,54.545454545454554
AOS,2015-05-06,Q1_2015,10-Q,30,medium,negative,10.344827586206906
AOS,2014-11-04,Q3_2014,10-Q,57,medium,negative,7.692307692307699
AOS,2015-11-10,Q3_2015,10-Q,12,medium,negative,5.128205128205118
AOS,2015-08-11,Q2_2015,10-Q,99,medium,negative,53.846153846153854
AOS,2012-02-28,FY2011,10-K,-14,medium,negative,13.333333333333346
AOS,2016-05-10,Q1_2016,10-Q,23,medium,negative,20.58823529411763
AOS,2013-02-28,FY2012,10-K,-6,medium,negative,23.52941176470587
AOS,2016-11-09,Q3_2016,10-Q,-51,medium,negative,9.302325581395344
AOS,2014-02-21,FY2013,10-K,5,medium,negative,-11.538461538461538
AOS,2016-08-09,Q2_2016,10-Q,31,medium,negative,19.512195121951226
AOS,2017-05-09,Q1_2017,10-Q,64,medium,negative,13.636363636363635
AOS,2017-08-09,Q2_2017,10-Q,7,medium,negative,0.0
AOS,2018-05-08,Q1_2018,10-Q,12,medium,negative,1.7857142857142672
AOS,2018-08-07,Q2_2018,10-Q,-123,medium,negative,13.793103448275875
AOS,2015-02-18,FY2014,10-K,-44,medium,negative,7.142857142857128
AOS,2017-11-07,Q3_2017,10-Q,-19,medium,negative,3.8461538461538494
AOS,2016-02-18,FY2015,10-K,65,medium,negative,15.384615384615383
AOS,2018-11-09,Q3_2018,10-Q,-87,medium,negative,-6.153846153846159
AOS,2019-05-10,Q1_2019,10-Q,-116,medium,negative,-7.5043630017451886
AOS,2017-02-18,FY2016,10-K,71,medium,negative,4.444444444444437
AOS,2019-11-07,Q3_2019,10-Q,36,medium,negative,-0.30660421721874614
AOS,2019-08-09,Q2_2019,10-Q,81,medium,negative,-3.0191259002527957
AOS,2018-02-17,FY2017,10-K,122,medium,negative,-75.0
AOS,2020-05-06,Q1_2020,10-Q,-35,medium,negative,-5.887888947708953
AOS,2021-05-01,Q1_2021,10-Q,-25,medium,negative,5.274239393620377
AOS,2020-08-06,Q2_2020,10-Q,-56,medium,negative,-1.1462329653776546
AOS,2020-11-07,Q3_2020,10-Q,2,medium,negative,25.730202328910213
AOS,2019-02-16,FY2018,10-K,35,medium,negative,8.823529411764696
AOS,2021-07-31,Q2_2021,10-Q,-59,medium,negative,12.148958397345284
AOS,2021-10-30,Q3_2021,10-Q,-65,medium,negative,20.568731528723287
AOS,2022-05-03,Q1_2022,10-Q,1,medium,negative,1.4361219368960536
AOS,2021-02-13,FY2020,10-K,-27,medium,negative,26.47194544615542
AOS,2022-07-30,Q2_2022,10-Q,-14,medium,negative,-1.4790458245588065
AOS,2023-04-29,Q1_2023,10-Q,-44,medium,negative,7.32766881747908
AOS,2022-10-29,Q3_2022,10-Q,-10,medium,negative,-19.434661510485004
AOS,2020-02-25,FY2019,10-K,-11,medium,negative,-5.811117652005713
AOS,2023-07-29,Q2_2023,10-Q,-3,medium,negative,15.166548547129704
AOS,2022-02-12,FY2021,10-K,-2,medium,negative,13.216386445265732
AOS,2024-04-27,Q1_2024,10-Q,7,medium,negative,1.336630151700939
AOS,2023-10-28,Q3_2023,10-Q,-82,medium,negative,13.378684807256247
AOS,2024-10-24,Q3_2024,10-Q,-20,medium,negative,-13.696928873639678
AOS,2024-07-25,Q2_2024,10-Q,-110,medium,negative,-0.49471026124831136
AOS,2023-02-15,FY2022,10-K,51,medium,negative,-198.96091044037607
AOS,2025-04-30,Q1_2025,10-Q,56,medium,negative,4.253544620517087
AOS,2025-10-29,Q3_2025,10-Q,55,medium,negative,3.650938923132902
AOS,2025-07-25,Q2_2025,10-Q,118,medium,negative,8.541286264962473
AOS,2024-02-14,FY2023,10-K,81,medium,negative,-3.854192793244703
AOS,2025-02-12,FY2024,10-K,73,medium,negative,-15.995564565809072
AVB,2006-05-10,Q1_2006,10-Q,62,medium,negative,nan
AVB,2006-08-10,Q2_2006,10-Q,37,medium,negative,114.99999999999999
AVB,2006-11-10,Q3_2006,10-Q,65,medium,negative,-10.16949152542372
AVB,2007-05-11,Q1_2007,10-Q,23,medium,negative,-33.33333333333333
AVB,2007-08-10,Q2_2007,10-Q,-3,medium,negative,-8.955223880597023
AVB,2007-11-10,Q3_2007,10-Q,21,medium,negative,nan
AVB,2008-05-10,Q1_2008,10-Q,53,medium,negative,-9.090909090909099
AVB,2008-08-12,Q2_2008,10-Q,0,medium,negative,-33.19502074688796
AVB,2006-03-15,FY2005,10-K,-43,medium,negative,152.94117647058826
AVB,2008-11-11,Q3_2008,10-Q,105,medium,negative,nan
AVB,2007-03-02,FY2006,10-K,49,medium,negative,-6.060606060606066
AVB,2008-03-01,FY2007,10-K,5,medium,negative,nan
AVB,2009-05-12,Q1_2009,10-Q,62,medium,negative,-16.901408450704224
AVB,2009-08-11,Q2_2009,10-Q,32,medium,negative,-74.4186046511628
AVB,2009-11-10,Q3_2009,10-Q,162,medium,negative,200.0
AVB,2010-05-06,Q1_2010,10-Q,14,medium,negative,nan
AVB,2010-08-07,Q2_2010,10-Q,87,medium,negative,3.3898305084745797
AVB,2009-03-03,FY2008,10-K,7,medium,negative,120.46153846153847
AVB,2010-11-05,Q3_2010,10-Q,-22,medium,negative,-6.451612903225811
AVB,2011-05-07,Q1_2011,10-Q,152,medium,negative,-14.634146341463413
AVB,2010-03-02,FY2009,10-K,33,medium,negative,105.26315789473684
AVB,2011-08-02,Q2_2011,10-Q,87,medium,negative,-37.9746835443038
AVB,2011-11-08,Q3_2011,10-Q,-12,medium,negative,4.255319148936175
AVB,2012-05-05,Q1_2012,10-Q,23,medium,negative,-36.84210526315789
AVB,2012-08-04,Q2_2012,10-Q,-11,medium,negative,nan
AVB,2012-11-03,Q3_2012,10-Q,-44,medium,negative,-10.1010101010101
AVB,2011-02-24,FY2010,10-K,-48,medium,negative,24.0
AVB,2013-05-11,Q1_2013,10-Q,-43,medium,negative,124.04580152671755
AVB,2013-08-03,Q2_2013,10-Q,-31,medium,negative,-80.55555555555556
AVB,2012-02-28,FY2011,10-K,-8,medium,negative,67.32673267326732
AVB,2013-11-06,Q3_2013,10-Q,-52,medium,negative,54.05555555555556
AVB,2014-05-03,Q1_2014,10-Q,-8,medium,negative,186.84210526315792
AVB,2015-05-05,Q1_2015,10-Q,82,medium,negative,129.41176470588235
AVB,2013-02-23,FY2012,10-K,-170,medium,negative,108.77192982456141
AVB,2014-08-09,Q2_2014,10-Q,3,medium,negative,39.08045977011494
AVB,2014-11-05,Q3_2014,10-Q,-64,medium,negative,67.88990825688073
AVB,2015-08-07,Q2_2015,10-Q,-35,medium,negative,51.76470588235295
AVB,2015-11-04,Q3_2015,10-Q,49,medium,negative,30.76923076923078
AVB,2016-05-04,Q1_2016,10-Q,-31,medium,negative,127.63157894736841
AVB,2016-08-06,Q2_2016,10-Q,-42,medium,negative,41.17647058823529
AVB,2016-11-05,Q3_2016,10-Q,-36,medium,negative,164.28571428571428
AVB,2014-03-04,FY2013,10-K,-92,medium,negative,195.45454545454547
AVB,2017-05-03,Q1_2017,10-Q,10,medium,negative,nan
AVB,2017-08-05,Q2_2017,10-Q,-102,medium,negative,25.0
AVB,2017-11-04,Q3_2017,10-Q,-70,medium,negative,117.72151898734175
AVB,2018-05-05,Q1_2018,10-Q,-36,medium,negative,-5.504587155963307
AVB,2018-08-04,Q2_2018,10-Q,-33,medium,negative,76.92307692307693
AVB,2018-11-03,Q3_2018,10-Q,-30,medium,negative,59.77011494252873
AVB,2019-05-04,Q1_2019,10-Q,-12,medium,negative,5.246044716734119
AVB,2019-08-07,Q2_2019,10-Q,30,medium,negative,2.715596641794209
AVB,2019-11-06,Q3_2019,10-Q,-28,medium,negative,63.65272890925456
AVB,2020-05-09,Q1_2020,10-Q,50,medium,negative,-0.27654403754295487
AVB,2017-02-25,FY2016,10-K,-53,medium,negative,166.66666666666669
AVB,2015-02-20,FY2014,10-K,-83,medium,negative,22.727272727272734
AVB,2020-08-06,Q2_2020,10-Q,54,medium,negative,15.990375674613436
AVB,2020-11-05,Q3_2020,10-Q,22,medium,negative,7.785168760778519
AVB,2020-02-22,FY2019,10-K,25,medium,negative,-0.7969313184087905
AVB,2021-05-06,Q1_2021,10-Q,-29,medium,negative,30.389763125263652
AVB,2021-08-05,Q2_2021,10-Q,-24,medium,negative,nan
AVB,2021-11-05,Q3_2021,10-Q,-30,medium,negative,-36.40699523052464
AVB,2018-02-24,FY2017,10-K,-35,medium,negative,135.6164383561644
AVB,2022-05-05,Q1_2022,10-Q,-48,medium,negative,39.15036424654173
AVB,2021-02-26,FY2020,10-K,-2,medium,negative,187.47481649916938
AVB,2022-08-04,Q2_2022,10-Q,-45,medium,negative,-15.390400656365378
AVB,2022-11-09,Q3_2022,10-Q,80,medium,negative,179.19925968694884
AVB,2019-02-23,FY2018,10-K,-20,medium,negative,nan
AVB,2023-05-06,Q1_2023,10-Q,6,medium,negative,-2.4662115089870285
AVB,2023-08-05,Q2_2023,10-Q,80,medium,negative,127.22869070476122
AVB,2022-02-26,FY2021,10-K,-62,medium,negative,140.4159195408056
AVB,2016-02-27,FY2015,10-K,-82,medium,negative,5.607476635514002
AVB,2023-11-04,Q3_2023,10-Q,12,medium,negative,-4.112085839494726
AVB,2024-05-04,Q1_2024,10-Q,26,medium,negative,0.4305341751936637
AVB,2023-02-25,FY2022,10-K,-27,medium,negative,31.507519630555624
AVB,2024-08-07,Q2_2024,10-Q,38,medium,negative,40.12107090283627
AVB,2024-11-13,Q3_2024,10-Q,0,medium,negative,94.55978054253104
AXP,2006-05-09,Q1_2006,10-Q,137,medium,positive,1.4705882352941024
AVB,2025-05-09,Q1_2025,10-Q,51,medium,negative,25.123427477406178
AVB,2025-08-08,Q2_2025,10-Q,40,medium,negative,57.04619497118034
AXP,2006-08-08,Q2_2006,10-Q,142,medium,positive,8.57142857142858
AVB,2024-02-24,FY2023,10-K,-39,medium,negative,30.949538210304944
AVB,2025-11-07,Q3_2025,10-Q,8,medium,negative,95.73330606700215
AXP,2006-11-10,Q3_2006,10-Q,79,medium,negative,6.756756756756762
AXP,2006-03-07,FY2005,10-K,93,medium,positive,1.7241379310344844
AXP,2007-03-02,FY2006,10-K,192,medium,positive,0.0
AXP,2007-05-10,Q1_2007,10-Q,52,medium,negative,20.833333333333336
AVB,2025-02-28,FY2024,10-K,-44,medium,negative,52.303006061351944
AXP,2008-02-29,FY2007,10-K,252,medium,positive,0.0
AXP,2007-08-08,Q2_2007,10-Q,35,medium,negative,4.761904761904766
AXP,2008-05-03,Q1_2008,10-Q,-81,medium,negative,8.974358974358967
AXP,2007-11-10,Q3_2007,10-Q,143,medium,negative,12.499999999999996
AXP,2008-08-01,Q2_2008,10-Q,-25,medium,negative,-49.09090909090909
AXP,2009-05-02,Q1_2009,10-Q,-43,medium,negative,nan
AXP,2008-11-01,Q3_2008,10-Q,-91,medium,negative,59.09090909090908
AXP,2009-02-28,FY2008,10-K,156,medium,negative,-8.69565217391305
AXP,2010-05-06,Q1_2010,10-Q,36,medium,negative,37.73584905660377
AXP,2009-08-04,Q2_2009,10-Q,-7,medium,negative,-76.92307692307693
AXP,2009-10-31,Q3_2009,10-Q,-6,medium,negative,120.83333333333334
AXP,2010-02-27,FY2009,10-K,193,medium,positive,9.09090909090908
AXP,2010-08-06,Q2_2010,10-Q,54,medium,negative,16.666666666666664
AXP,2011-05-05,Q1_2011,10-Q,-8,medium,negative,8.988764044943816
AXP,2010-11-04,Q3_2010,10-Q,71,medium,negative,9.756097560975618
AXP,2011-08-04,Q2_2011,10-Q,51,medium,negative,20.879120879120887
AXP,2011-11-03,Q3_2011,10-Q,58,medium,negative,15.730337078651688
AXP,2011-03-01,FY2010,10-K,118,medium,negative,-10.999999999999998
AXP,2012-05-02,Q1_2012,10-Q,-35,medium,negative,15.053763440860216
AXP,2012-02-25,FY2011,10-K,35,medium,negative,7.368421052631585
AXP,2012-08-03,Q2_2012,10-Q,91,medium,negative,11.650485436893192
AXP,2012-11-01,Q3_2012,10-Q,70,medium,negative,0.0
AXP,2013-04-30,Q1_2013,10-Q,100,medium,negative,5.5045871559632875
AXP,2013-02-23,FY2012,10-K,18,medium,negative,-48.62385321100917
AXP,2013-07-30,Q2_2013,10-Q,0,medium,negative,8.547008547008556
AXP,2014-04-30,Q1_2014,10-Q,-57,medium,negative,4.724409448818902
AXP,2014-02-26,FY2013,10-K,42,medium,negative,-4.724409448818902
AXP,2013-10-30,Q3_2013,10-Q,-108,medium,negative,5.042016806722694
AXP,2014-07-31,Q2_2014,10-Q,53,medium,negative,3.623188405797105
AXP,2015-02-25,FY2014,10-K,-28,medium,negative,-9.740259740259749
AXP,2015-04-30,Q1_2015,10-Q,-32,medium,negative,17.46031746031746
AXP,2014-10-29,Q3_2014,10-Q,93,medium,negative,4.477611940298495
AXP,2015-07-30,Q2_2015,10-Q,1,medium,negative,16.393442622950815
AXP,2016-04-28,Q1_2016,10-Q,-18,medium,negative,15.999999999999998
AXP,2015-10-29,Q3_2015,10-Q,-72,medium,negative,-10.144927536231878
AXP,2016-07-27,Q2_2016,10-Q,-37,medium,negative,16.666666666666668
AXP,2017-04-28,Q1_2017,10-Q,-156,medium,negative,9.836065573770501
AXP,2016-10-26,Q3_2016,10-Q,-31,medium,negative,62.16216216216216
AXP,2017-07-26,Q2_2017,10-Q,-119,medium,negative,4.255319148936175
AXP,2017-10-25,Q3_2017,10-Q,-79,medium,negative,2.739726027397263
AXP,2018-04-26,Q1_2018,10-Q,-21,medium,negative,19.230769230769234
AXP,2018-07-25,Q2_2018,10-Q,-48,medium,negative,2.222222222222224
AXP,2016-02-20,FY2015,10-K,-7,medium,negative,-11.881188118811881
AXP,2018-10-24,Q3_2018,10-Q,-55,medium,negative,13.253012048192769
AXP,2019-04-24,Q1_2019,10-Q,100,medium,negative,-9.397949373587485
AXP,2017-02-18,FY2016,10-K,-69,medium,negative,-18.518518518518523
AXP,2018-02-17,FY2017,10-K,-25,medium,negative,-192.0
AXP,2019-07-24,Q2_2019,10-Q,100,medium,negative,1.7609061145031284
AXP,2019-10-22,Q3_2019,10-Q,0,medium,negative,2.3637159997441026
AXP,2020-04-25,Q1_2020,10-Q,-100,medium,negative,-71.90510778845231
AXP,2020-10-24,Q3_2020,10-Q,-118,medium,negative,-2.8284398732284783
AXP,2020-07-25,Q2_2020,10-Q,-46,medium,negative,nan
AXP,2021-04-24,Q1_2021,10-Q,-100,medium,negative,70.08808576412385
AXP,2021-07-24,Q2_2021,10-Q,-106,medium,negative,71.58544955387782
AXP,2019-02-14,FY2018,10-K,-102,medium,negative,24.73118279569891
AXP,2020-02-14,FY2019,10-K,-100,medium,negative,1.07397320294955
AXP,2021-10-23,Q3_2021,10-Q,-100,medium,negative,26.377908918828634
AXP,2022-04-23,Q1_2022,10-Q,-100,medium,negative,11.719040935002425
AXP,2021-02-13,FY2020,10-K,-34,medium,negative,32.85224716556711
AXP,2022-07-23,Q2_2022,10-Q,-100,medium,negative,6.4168975126603005
AXP,2022-02-12,FY2021,10-K,-55,medium,negative,16.976636868031044
AXP,2022-10-22,Q3_2022,10-Q,-100,medium,negative,2.866519238537886
AXP,2023-04-22,Q1_2023,10-Q,100,medium,negative,-9.646038355256714
AXP,2023-07-26,Q2_2023,10-Q,-50,medium,negative,2.696767361617003
AXP,2023-10-21,Q3_2023,10-Q,-100,medium,negative,11.941817392366236
AXP,2024-04-20,Q1_2024,10-Q,0,medium,negative,12.70790038381609
AXP,2023-02-11,FY2022,10-K,-67,medium,negative,-7.186541600157836
AXP,2024-10-19,Q3_2024,10-Q,100,medium,negative,6.0822517401744856
AXP,2025-04-19,Q1_2025,10-Q,100,medium,negative,4.824821596217099
AXP,2024-07-20,Q2_2024,10-Q,100,medium,negative,27.292413678873462
AXP,2025-07-19,Q2_2025,10-Q,138,medium,negative,5.001737161092739
AXP,2024-02-10,FY2023,10-K,-53,medium,negative,-0.7098111591560975
BA,2006-04-27,Q1_2006,10-Q,-157,medium,negative,37.5
AXP,2025-10-18,Q3_2025,10-Q,0,medium,negative,3.611900852921144
BA,2006-07-27,Q2_2006,10-Q,-100,medium,negative,8.69565217391305
AXP,2025-02-08,FY2024,10-K,58,medium,negative,0.3900019483585937
BA,2006-10-26,Q3_2006,10-Q,-44,medium,negative,117.07317073170734
BA,2007-04-26,Q1_2007,10-Q,-109,medium,negative,25.555555555555543
BA,2007-07-26,Q2_2007,10-Q,-126,medium,negative,39.17525773195877
BA,2007-10-25,Q3_2007,10-Q,-128,medium,negative,37.14285714285713
BA,2008-10-23,Q3_2008,10-Q,-87,medium,negative,-5.8823529411764754
BA,2008-04-24,Q1_2008,10-Q,-116,medium,negative,48.62385321100917
BA,2008-07-24,Q2_2008,10-Q,-116,medium,negative,-10.769230769230779
BA,2006-03-01,FY2005,10-K,-169,medium,negative,93.33333333333333
BA,2007-02-17,FY2006,10-K,-145,medium,negative,91.04477611940298
BA,2009-04-23,Q1_2009,10-Q,-121,medium,negative,-9.473684210526313
BA,2009-10-22,Q3_2009,10-Q,-100,medium,negative,-10.396039603960395
BA,2009-07-23,Q2_2009,10-Q,-100,medium,negative,39.6039603960396
BA,2008-02-16,FY2007,10-K,-60,medium,negative,5.426356589147292
BA,2010-04-22,Q1_2010,10-Q,0,medium,negative,24.999999999999982
BA,2010-07-29,Q2_2010,10-Q,61,medium,negative,10.416666666666677
BA,2010-10-21,Q3_2010,10-Q,0,medium,negative,12.00000000000001
BA,2009-02-10,FY2008,10-K,0,medium,negative,-106.75675675675676
BA,2011-04-28,Q1_2011,10-Q,-19,medium,negative,25.80645161290323
BA,2010-02-09,FY2009,10-K,0,medium,negative,87.36842105263159
BA,2011-07-28,Q2_2011,10-Q,-128,medium,negative,81.15942028985509
BA,2011-10-27,Q3_2011,10-Q,-126,medium,negative,97.29729729729729
BA,2012-04-26,Q1_2012,10-Q,86,medium,negative,84.84848484848484
BA,2012-07-26,Q2_2012,10-Q,85,medium,negative,30.9278350515464
BA,2011-02-10,FY2010,10-K,-100,medium,negative,40.54054054054053
BA,2013-04-25,Q1_2013,10-Q,78,medium,negative,17.073170731707314
BA,2012-10-25,Q3_2012,10-Q,138,medium,negative,48.35164835164836
BA,2012-02-10,FY2011,10-K,-100,medium,negative,160.56338028169017
BA,2013-10-24,Q3_2013,10-Q,-50,medium,negative,16.15384615384615
BA,2013-07-25,Q2_2013,10-Q,90,medium,negative,-5.369127516778528
BA,2014-04-24,Q1_2014,10-Q,72,medium,negative,-5.8823529411764754
BA,2014-07-24,Q2_2014,10-Q,-130,medium,negative,25.842696629213492
BA,2015-04-23,Q1_2015,10-Q,76,medium,negative,13.333333333333346
BA,2014-10-23,Q3_2014,10-Q,-101,medium,negative,3.333333333333336
BA,2015-07-23,Q2_2015,10-Q,15,medium,negative,41.96428571428571
BA,2016-04-28,Q1_2016,10-Q,49,medium,negative,-4.687499999999993
BA,2013-02-12,FY2012,10-K,0,medium,negative,16.36363636363636
BA,2015-10-22,Q3_2015,10-Q,-23,medium,negative,28.64583333333335
BA,2016-07-28,Q2_2016,10-Q,63,medium,negative,70.63492063492063
BA,2017-04-27,Q1_2017,10-Q,89,medium,negative,35.828877005347586
BA,2016-10-27,Q3_2016,10-Q,19,medium,negative,108.09248554913296
BA,2014-02-15,FY2013,10-K,-131,medium,negative,27.777777777777786
BA,2017-07-27,Q2_2017,10-Q,29,medium,negative,40.97560975609758
BA,2015-02-13,FY2014,10-K,-115,medium,negative,5.759162303664927
BA,2017-10-26,Q3_2017,10-Q,54,medium,negative,15.000000000000005
BA,2018-04-26,Q1_2018,10-Q,101,medium,negative,148.50299401197609
BA,2016-02-11,FY2015,10-K,-112,medium,negative,57.29166666666667
BA,2018-10-25,Q3_2018,10-Q,-122,medium,negative,21.130952380952394
BA,2018-07-26,Q2_2018,10-Q,-61,medium,negative,16.92789968652038
BA,2019-04-25,Q1_2019,10-Q,-96,medium,negative,17.548594589003088
BA,2019-07-25,Q2_2019,10-Q,-134,medium,negative,22.08250580268479
BA,2017-02-09,FY2016,10-K,0,medium,negative,108.09248554913296
BA,2020-04-30,Q1_2020,10-Q,-121,medium,negative,33.569928123859164
BA,2019-10-24,Q3_2019,10-Q,-129,medium,negative,-1.1219046332828522
BA,2019-02-09,FY2018,10-K,-54,medium,negative,61.14130434782608
BA,2018-02-13,FY2017,10-K,100,medium,negative,90.44117647058822
BA,2020-10-29,Q3_2020,10-Q,-158,medium,negative,65.77894061996432
BA,2020-07-30,Q2_2020,10-Q,-251,medium,negative,-64.62066694887353
BA,2021-04-29,Q1_2021,10-Q,-91,medium,negative,12.278192549367349
BA,2021-07-29,Q2_2021,10-Q,-99,medium,negative,nan
BA,2022-04-28,Q1_2022,10-Q,-113,medium,negative,nan
BA,2021-10-28,Q3_2021,10-Q,-75,medium,negative,4.05009594990405
BA,2020-02-01,FY2019,10-K,-100,medium,negative,nan
BA,2022-07-28,Q2_2022,10-Q,-95,medium,negative,nan
BA,2022-10-27,Q3_2022,10-Q,-142,medium,negative,nan
BA,2021-02-02,FY2020,10-K,0,medium,negative,nan
BA,2023-04-27,Q1_2023,10-Q,-172,medium,negative,35.72247012026419
BA,2023-07-27,Q2_2023,10-Q,-143,medium,negative,72.54708175479053
BA,2023-10-26,Q3_2023,10-Q,-159,medium,negative,15.4364610316123
BA,2024-04-25,Q1_2024,10-Q,-160,medium,negative,65.69825489871796
BA,2022-02-01,FY2021,10-K,0,medium,negative,nan
BA,2024-08-01,Q2_2024,10-Q,-125,medium,negative,-19.19804781222982
BA,2023-01-28,FY2022,10-K,0,medium,negative,nan
BA,2024-10-24,Q3_2024,10-Q,-184,medium,negative,3.7138262889261155
BA,2024-02-01,FY2023,10-K,-100,medium,negative,94.75003481409276
BA,2025-04-24,Q1_2025,10-Q,-135,medium,negative,86.3447440066228
BA,2025-07-30,Q2_2025,10-Q,-142,medium,negative,34.05207019153573
BA,2025-10-30,Q3_2025,10-Q,-127,medium,negative,-38.33965291084843
BIIB,2006-05-11,Q1_2006,10-Q,-138,medium,negative,-12.19512195121951
BIIB,2006-08-11,Q2_2006,10-Q,100,medium,negative,nan
BA,2025-02-04,FY2024,10-K,-100,medium,negative,-67.8767138056265
BIIB,2007-05-04,Q1_2007,10-Q,-23,medium,negative,-39.682539682539684
BIIB,2007-07-25,Q2_2007,10-Q,-32,medium,negative,-3.571428571428574
BIIB,2007-10-24,Q3_2007,10-Q,100,medium,negative,-43.05555555555556
BIIB,2006-11-10,Q3_2006,10-Q,-32,medium,negative,18.42105263157895
BIIB,2008-04-24,Q1_2008,10-Q,-23,medium,negative,-27.999999999999996
BIIB,2006-03-04,FY2005,10-K,-136,medium,negative,-65.21739130434784
BIIB,2008-10-22,Q3_2008,10-Q,0,medium,negative,-14.634146341463413
BIIB,2008-07-23,Q2_2008,10-Q,75,medium,negative,-11.392405063291148
BIIB,2007-02-22,FY2006,10-K,-86,medium,negative,-43.85964912280701
BIIB,2009-04-18,Q1_2009,10-Q,0,medium,positive,-11.578947368421051
BIIB,2010-04-21,Q1_2010,10-Q,0,medium,negative,-32.20338983050846
BIIB,2009-07-18,Q2_2009,10-Q,100,medium,negative,-19.672131147540984
BIIB,2008-02-15,FY2007,10-K,0,medium,negative,-5.633802816901398
BIIB,2009-10-22,Q3_2009,10-Q,100,medium,negative,-1.0416666666666676
BIIB,2009-02-07,FY2008,10-K,100,medium,negative,-23.65591397849463
BIIB,2010-07-21,Q2_2010,10-Q,0,medium,negative,20.430107526881724
BIIB,2010-10-27,Q3_2010,10-Q,138,medium,negative,-3.6697247706422047
BIIB,2011-04-22,Q1_2011,10-Q,-32,medium,negative,-13.669064748201437
BIIB,2010-02-10,FY2009,10-K,-100,medium,negative,24.444444444444454
BIIB,2011-07-27,Q2_2011,10-Q,-65,medium,negative,-14.492753623188403
BIIB,2012-05-02,Q1_2012,10-Q,-101,medium,negative,-19.871794871794872
BIIB,2011-10-29,Q3_2011,10-Q,98,medium,negative,-1.3793103448275874
BIIB,2012-07-25,Q2_2012,10-Q,-64,medium,negative,23.84615384615385
BIIB,2012-10-26,Q3_2012,10-Q,50,medium,negative,29.457364341085263
BIIB,2013-04-26,Q1_2013,10-Q,-8,medium,negative,43.2
BIIB,2011-02-05,FY2010,10-K,0,medium,negative,-5.7692307692307745
BIIB,2012-02-04,FY2011,10-K,0,medium,negative,-17.006802721088434
BIIB,2013-07-26,Q2_2013,10-Q,20,medium,negative,32.05128205128205
BIIB,2013-10-29,Q3_2013,10-Q,57,medium,negative,10.810810810810796
BIIB,2014-04-24,Q1_2014,10-Q,25,medium,negative,-23.193916349809882
BIIB,2013-02-06,FY2012,10-K,0,medium,negative,-19.078947368421055
BIIB,2014-07-24,Q2_2014,10-Q,113,medium,negative,29.74137931034483
BIIB,2014-10-23,Q3_2014,10-Q,136,medium,positive,16.025641025641026
BIIB,2015-04-25,Q1_2015,10-Q,97,medium,negative,-12.749999999999995
BIIB,2015-07-25,Q2_2015,10-Q,131,medium,negative,-1.2562814070351713
BIIB,2014-02-07,FY2013,10-K,2,medium,negative,-13.513513513513525
BIIB,2015-10-22,Q3_2015,10-Q,92,medium,negative,33.01282051282052
BIIB,2016-04-22,Q1_2016,10-Q,-100,medium,negative,6.7469879518072124
BIIB,2015-02-05,FY2014,10-K,100,medium,negative,7.780979827089338
BIIB,2016-07-22,Q2_2016,10-Q,83,medium,negative,15.980629539951577
BIIB,2016-10-27,Q3_2016,10-Q,84,medium,negative,-0.8421052631578954
BIIB,2017-04-26,Q1_2017,10-Q,-59,medium,negative,-27.004219409282705
BIIB,2017-07-26,Q2_2017,10-Q,10,medium,negative,7.671957671957685
BIIB,2017-10-25,Q3_2017,10-Q,-10,medium,negative,12.42718446601941
BIIB,2016-02-04,FY2015,10-K,0,medium,negative,3.005464480874313
BIIB,2018-04-25,Q1_2018,10-Q,-48,medium,negative,-4.974271012006862
BIIB,2017-02-03,FY2016,10-K,0,medium,negative,-38.729508196721305
BIIB,2018-07-25,Q2_2018,10-Q,139,medium,negative,-9.52380952380953
BIIB,2018-10-24,Q3_2018,10-Q,140,medium,negative,16.071428571428577
BIIB,2019-04-25,Q1_2019,10-Q,-43,medium,negative,2.5486568277326085
BIIB,2018-02-02,FY2017,10-K,0,medium,positive,-125.0
BIIB,2019-10-23,Q3_2019,10-Q,125,medium,negative,1.0896963212507766
BIIB,2019-07-25,Q2_2019,10-Q,-3,medium,negative,4.231949947419295
BIIB,2020-04-24,Q1_2020,10-Q,118,medium,negative,4.606302270785329
BIIB,2019-02-07,FY2018,10-K,100,medium,positive,-26.893353941267378
BIIB,2020-10-22,Q3_2020,10-Q,-100,medium,negative,-44.84525755780736
BIIB,2020-07-23,Q2_2020,10-Q,-45,medium,negative,19.544906626577355
BIIB,2021-04-23,Q1_2021,10-Q,55,medium,negative,-46.00063434199063
BIIB,2020-02-07,FY2019,10-K,141,medium,positive,0.6565096607825763
BIIB,2021-10-21,Q3_2021,10-Q,100,medium,negative,-45.67066142298816
BIIB,2021-07-23,Q2_2021,10-Q,-4,medium,negative,-34.27300225098481
BIIB,2021-02-04,FY2020,10-K,100,medium,positive,-51.58294550994428
BIIB,2022-05-04,Q1_2022,10-Q,33,medium,negative,-52.53554649788368
BIIB,2022-07-21,Q2_2022,10-Q,-100,medium,negative,78.31589991650681
BIIB,2022-10-26,Q3_2022,10-Q,83,medium,negative,90.02329239591738
BIIB,2023-04-26,Q1_2023,10-Q,71,medium,negative,-18.551870561534525
BIIB,2022-02-04,FY2021,10-K,0,medium,positive,-25.970891754637925
BIIB,2023-07-26,Q2_2023,10-Q,65,medium,negative,7.770604839350319
BIIB,2023-02-16,FY2022,10-K,149,medium,positive,8.62337781446324
BIIB,2023-11-09,Q3_2023,10-Q,133,medium,negative,-111.82827360055165
BIIB,2024-04-25,Q1_2024,10-Q,-35,medium,negative,-22.178988326848245
BIIB,2024-02-15,FY2023,10-K,178,medium,positive,-46.293801173998666
BIIB,2024-08-02,Q2_2024,10-Q,10,medium,negative,-1.6713413749787978
BIIB,2025-05-02,Q1_2025,10-Q,-21,medium,negative,-43.43364663274985
BIIB,2024-10-31,Q3_2024,10-Q,47,medium,negative,-29.487859187784967
BKNG,2006-05-11,Q1_2006,10-Q,-96,medium,negative,-101.3157894736842
BIIB,2025-02-13,FY2024,10-K,179,medium,positive,-45.066160755025095
BIIB,2025-08-01,Q2_2025,10-Q,18,medium,negative,11.578515364489805
BIIB,2025-10-31,Q3_2025,10-Q,49,medium,negative,-18.34905393083624
BKNG,2006-08-10,Q2_2006,10-Q,-88,medium,negative,-40.42553191489361
BKNG,2006-11-10,Q3_2006,10-Q,-76,medium,negative,69.35483870967742
BKNG,2007-05-11,Q1_2007,10-Q,-81,medium,negative,nan
BKNG,2006-03-08,FY2005,10-K,-100,medium,negative,-68.61538461538461
BKNG,2007-08-09,Q2_2007,10-Q,-61,medium,negative,17.91044776119403
BKNG,2008-05-10,Q1_2008,10-Q,-111,medium,negative,-26.315789473684205
BKNG,2007-03-02,FY2006,10-K,-9,medium,negative,25.0
BKNG,2007-11-10,Q3_2007,10-Q,-103,medium,negative,131.6326530612245
BKNG,2008-08-08,Q2_2008,10-Q,-38,medium,negative,-21.25984251968504
BKNG,2008-11-08,Q3_2008,10-Q,-71,medium,negative,-3.8674033149171305
BKNG,2008-03-04,FY2007,10-K,100,medium,negative,0.0
BKNG,2009-05-12,Q1_2009,10-Q,-107,medium,negative,-27.397260273972595
BKNG,2009-02-21,FY2008,10-K,-121,medium,negative,-16.049382716049383
BKNG,2009-11-10,Q3_2009,10-Q,-100,medium,negative,168.61924686192464
BKNG,2009-08-11,Q2_2009,10-Q,-119,medium,negative,-9.210526315789481
BKNG,2010-05-11,Q1_2010,10-Q,-110,medium,negative,-34.567901234567906
BKNG,2010-02-20,FY2009,10-K,-104,medium,negative,15.328467153284667
BKNG,2010-11-10,Q3_2010,10-Q,-77,medium,negative,-4.338394793926251
BKNG,2010-08-05,Q2_2010,10-Q,-58,medium,negative,2.262443438914019
BKNG,2011-02-26,FY2010,10-K,-5,medium,negative,-4.316546762589916
BKNG,2011-05-07,Q1_2011,10-Q,-19,medium,negative,-9.292035398230087
BKNG,2012-05-10,Q1_2012,10-Q,-117,medium,negative,-2.2099447513812174
BKNG,2011-08-06,Q2_2011,10-Q,-28,medium,negative,15.935334872979205
BKNG,2011-11-08,Q3_2011,10-Q,-43,medium,negative,6.011560693641614
BKNG,2012-08-08,Q2_2012,10-Q,-86,medium,negative,0.14556040756913807
BKNG,2012-11-02,Q3_2012,10-Q,-80,medium,negative,3.9215686274509753
BKNG,2012-02-28,FY2011,10-K,62,medium,negative,-6.765327695560259
BKNG,2013-05-10,Q1_2013,10-Q,-45,medium,negative,-0.4184100418410139
BKNG,2013-08-09,Q2_2013,10-Q,-8,medium,negative,-6.984478935698438
BKNG,2014-05-09,Q1_2014,10-Q,-92,medium,negative,3.648424543946928
BKNG,2013-11-08,Q3_2013,10-Q,-21,medium,negative,4.800000000000004
BKNG,2014-08-12,Q2_2014,10-Q,3,medium,negative,-5.877268798617111
BKNG,2013-02-28,FY2012,10-K,58,medium,negative,-10.776545166402531
BKNG,2014-02-21,FY2013,10-K,98,medium,negative,-7.632600258732221
BKNG,2014-11-05,Q3_2014,10-Q,6,medium,negative,-0.14955134596210162
BKNG,2015-05-08,Q1_2015,10-Q,-58,medium,negative,-13.114754098360654
BKNG,2015-08-06,Q2_2015,10-Q,-16,medium,negative,-13.640312771503044
BKNG,2015-11-10,Q3_2015,10-Q,3,medium,negative,1.2981393336218119
BKNG,2015-02-20,FY2014,10-K,166,medium,negative,-8.877005347593583
BKNG,2016-05-05,Q1_2016,10-Q,-29,medium,negative,-26.03960396039604
BKNG,2016-08-05,Q2_2016,10-Q,-11,medium,negative,-9.30414386239249
BKNG,2016-11-08,Q3_2016,10-Q,126,medium,negative,-66.37902422834384
BKNG,2016-02-18,FY2015,10-K,58,medium,negative,-8.842297174111218
BKNG,2017-08-09,Q2_2017,10-Q,-72,medium,negative,8.521870286576174
BKNG,2017-05-10,Q1_2017,10-Q,-32,medium,negative,15.31645569620252
BKNG,2017-11-08,Q3_2017,10-Q,-23,medium,negative,3.4555288461538414
BKNG,2017-02-28,FY2016,10-K,92,medium,negative,14.055884843353091
BKNG,2018-05-10,Q1_2018,10-Q,-46,medium,negative,31.276595744680847
BKNG,2018-08-10,Q2_2018,10-Q,-136,medium,negative,43.6830835117773
BKNG,2018-11-06,Q3_2018,10-Q,-107,medium,negative,-4.192546583850925
BKNG,2018-02-28,FY2017,10-K,138,medium,negative,nan
BKNG,2019-05-10,Q1_2019,10-Q,-21,medium,negative,49.58139402757447
BKNG,2019-11-08,Q3_2019,10-Q,48,medium,negative,2.335560865838834
BKNG,2019-08-08,Q2_2019,10-Q,15,medium,negative,-1.1027222753777912
BKNG,2020-05-08,Q1_2020,10-Q,19,medium,negative,nan
BKNG,2019-02-28,FY2018,10-K,59,medium,negative,-15.22935779816515
BKNG,2020-11-06,Q3_2020,10-Q,70,medium,negative,35.74143798169404
BKNG,2020-08-07,Q2_2020,10-Q,77,medium,negative,125.72996874285278
BKNG,2020-02-27,FY2019,10-K,-4,medium,negative,25.927209988500927
BKNG,2021-02-25,FY2020,10-K,68,medium,negative,5.7464274855579065
BKNG,2021-05-06,Q1_2021,10-Q,-6,medium,negative,77.56304533102043
BKNG,2021-08-05,Q2_2021,10-Q,29,medium,negative,-91.49715101052294
BKNG,2022-05-05,Q1_2022,10-Q,-4,medium,negative,nan
BKNG,2021-11-04,Q3_2021,10-Q,44,medium,negative,-43.66137457159171
BKNG,2022-08-04,Q2_2022,10-Q,20,medium,negative,21.22523210863437
BKNG,2023-05-05,Q1_2023,10-Q,169,medium,negative,-33.79393836215662
BKNG,2022-11-03,Q3_2022,10-Q,115,medium,negative,-15.243047325391194
BKNG,2022-02-24,FY2021,10-K,127,medium,negative,12.29156723401216
BKNG,2023-11-03,Q3_2023,10-Q,175,medium,neutral,3.0365521430643394
BKNG,2024-05-03,Q1_2024,10-Q,207,medium,positive,60.03502599406648
BKNG,2023-08-04,Q2_2023,10-Q,169,medium,negative,20.049671454775613
BKNG,2024-10-31,Q3_2024,10-Q,206,medium,positive,-3.7116977464340675
BKNG,2024-08-02,Q2_2024,10-Q,205,medium,positive,14.672291241781021
BKNG,2023-02-24,FY2022,10-K,165,medium,negative,44.18431742593051
BKNG,2025-04-30,Q1_2025,10-Q,184,medium,negative,-41.91475947692136
BKNG,2025-07-30,Q2_2025,10-Q,90,medium,negative,-45.492922425876934
BKNG,2025-10-29,Q3_2025,10-Q,183,medium,positive,-11.935462601210062
BRO,2006-05-11,Q1_2006,10-Q,187,medium,positive,0.0
BKNG,2024-02-23,FY2023,10-K,24,medium,negative,-78.87665513852272
BKNG,2025-02-21,FY2024,10-K,-38,medium,negative,-11.270013541390107
BRO,2006-11-10,Q3_2006,10-Q,62,medium,negative,0.0
BRO,2006-03-17,FY2005,10-K,5,medium,negative,18.181818181818183
BRO,2007-05-11,Q1_2007,10-Q,56,medium,negative,10.52631578947368
BRO,2006-08-10,Q2_2006,10-Q,24,medium,negative,14.285714285714276
BRO,2007-08-10,Q2_2007,10-Q,78,medium,negative,38.46153846153845
BRO,2007-03-02,FY2006,10-K,33,medium,negative,-7.142857142857148
BRO,2008-05-13,Q1_2008,10-Q,87,medium,positive,11.764705882352935
BRO,2007-11-10,Q3_2007,10-Q,255,medium,positive,23.076923076923077
BRO,2008-03-01,FY2007,10-K,26,medium,negative,-33.33333333333333
BRO,2009-03-03,FY2008,10-K,-25,medium,negative,0.0
BRO,2008-08-12,Q2_2008,10-Q,34,medium,negative,-22.222222222222214
BRO,2009-05-12,Q1_2009,10-Q,98,medium,negative,-10.52631578947368
BRO,2008-11-11,Q3_2008,10-Q,175,medium,negative,-12.499999999999993
BRO,2009-08-11,Q2_2009,10-Q,218,medium,positive,0.0
BRO,2009-11-07,Q3_2009,10-Q,122,medium,negative,0.0
BRO,2010-03-02,FY2009,10-K,-4,medium,negative,-33.92307692307692
BRO,2010-05-07,Q1_2010,10-Q,65,medium,negative,14.285714285714276
BRO,2011-05-11,Q1_2011,10-Q,110,medium,negative,-11.111111111111107
BRO,2010-08-05,Q2_2010,10-Q,133,medium,negative,8.333333333333341
BRO,2010-11-06,Q3_2010,10-Q,114,medium,negative,33.33333333333334
BRO,2011-08-10,Q2_2011,10-Q,116,medium,negative,-23.529411764705884
BRO,2012-05-11,Q1_2012,10-Q,27,medium,negative,0.0
BRO,2011-03-02,FY2010,10-K,33,medium,negative,0.0
BRO,2011-11-10,Q3_2011,10-Q,64,medium,negative,7.142857142857128
BRO,2012-08-07,Q2_2012,10-Q,89,medium,negative,-16.666666666666664
BRO,2012-03-01,FY2011,10-K,36,medium,negative,33.33333333333333
BRO,2013-05-10,Q1_2013,10-Q,86,medium,negative,10.52631578947368
BRO,2012-11-10,Q3_2012,10-Q,114,medium,negative,-10.52631578947368
BRO,2013-03-02,FY2012,10-K,7,medium,negative,25.0
BRO,2013-11-08,Q3_2013,10-Q,10,medium,negative,0.0
BRO,2013-08-03,Q2_2013,10-Q,64,medium,negative,12.499999999999993
BRO,2014-05-13,Q1_2014,10-Q,59,medium,negative,-25.0
BRO,2014-03-01,FY2013,10-K,4,medium,negative,-11.111111111111107
BRO,2014-08-08,Q2_2014,10-Q,5,medium,negative,0.0
BRO,2014-11-07,Q3_2014,10-Q,40,medium,negative,-51.06382978723404
BRO,2015-05-12,Q1_2015,10-Q,37,medium,negative,-51.21951219512194
BRO,2015-03-03,FY2014,10-K,33,medium,negative,-15.5
BRO,2016-05-07,Q1_2016,10-Q,52,medium,negative,9.999999999999995
BRO,2015-08-08,Q2_2015,10-Q,-29,medium,negative,-51.11111111111111
BRO,2015-11-05,Q3_2015,10-Q,67,medium,negative,-48.93617021276596
BRO,2016-08-06,Q2_2016,10-Q,98,medium,negative,15.0
BRO,2017-05-06,Q1_2017,10-Q,69,medium,negative,24.999999999999993
BRO,2016-11-10,Q3_2016,10-Q,20,medium,negative,0.0
BRO,2016-02-27,FY2015,10-K,-68,medium,negative,-32.25806451612904
BRO,2017-08-05,Q2_2017,10-Q,62,medium,negative,0.0
BRO,2017-11-04,Q3_2017,10-Q,-5,medium,negative,17.39130434782609
BRO,2018-05-11,Q1_2018,10-Q,-155,medium,negative,18.518518518518512
BRO,2017-02-25,FY2016,10-K,-51,medium,negative,5.263157894736847
BRO,2018-03-01,FY2017,10-K,-28,medium,negative,nan
BRO,2018-08-08,Q2_2018,10-Q,-47,medium,negative,-13.333333333333327
BRO,2018-11-06,Q3_2018,10-Q,-96,medium,negative,26.66666666666667
BRO,2019-05-10,Q1_2019,10-Q,-42,medium,negative,9.167326219262577
BRO,2019-07-31,Q2_2019,10-Q,37,medium,negative,15.582641588735957
BRO,2019-02-27,FY2018,10-K,74,medium,negative,-7.142857142857148
BRO,2020-04-30,Q1_2020,10-Q,86,medium,negative,17.693213024715583
BRO,2019-10-31,Q3_2019,10-Q,-36,medium,negative,6.5571640200639285
BRO,2020-02-25,FY2019,10-K,-6,medium,negative,1.8598860678311562
BRO,2020-07-30,Q2_2020,10-Q,41,medium,negative,20.426451315836076
BRO,2020-10-28,Q3_2020,10-Q,153,medium,negative,10.026453168527748
BRO,2021-02-24,FY2020,10-K,26,medium,negative,16.766261419053517
BRO,2021-04-28,Q1_2021,10-Q,28,medium,negative,23.12671497924434
BRO,2021-07-28,Q2_2021,10-Q,34,medium,negative,22.964189816557496
BRO,2022-05-10,Q1_2022,10-Q,-2,medium,negative,3.307153358144716
BRO,2021-10-27,Q3_2021,10-Q,24,medium,negative,-0.8692999847491247
BRO,2022-02-24,FY2021,10-K,-31,medium,negative,-7.760895744190227
BRO,2023-04-29,Q1_2023,10-Q,-45,medium,negative,1.5104262214884085
BRO,2022-07-27,Q2_2022,10-Q,-24,medium,negative,5.1871712900897196
BRO,2022-11-04,Q3_2022,10-Q,7,medium,negative,-5.463230172156446
BRO,2023-02-28,FY2022,10-K,12,medium,negative,11.969790111530695
BRO,2023-07-28,Q2_2023,10-Q,25,medium,negative,12.319994635462953
BRO,2024-04-25,Q1_2024,10-Q,-77,medium,negative,-4.587293272468754
BRO,2024-02-23,FY2023,10-K,-30,medium,negative,77.37522407774317
BRO,2023-10-27,Q3_2023,10-Q,-11,medium,negative,0.25224759071211533
BRO,2024-10-29,Q3_2024,10-Q,100,medium,negative,-6.950354609929081
BRO,2025-04-29,Q1_2025,10-Q,52,medium,negative,-10.92521590953101
BRO,2024-07-23,Q2_2024,10-Q,0,medium,negative,2.5535842477694644
BRO,2025-02-14,FY2024,10-K,-39,medium,negative,-4.82150773162273
BSX,2006-05-11,Q1_2006,10-Q,64,medium,negative,-14.893617021276587
BSX,2007-05-10,Q1_2007,10-Q,150,medium,negative,-20.000000000000004
BSX,2006-08-10,Q2_2006,10-Q,13,medium,negative,nan
BRO,2025-07-29,Q2_2025,10-Q,141,medium,negative,-20.92056572210675
BSX,2006-03-02,FY2005,10-K,137,medium,negative,-6.9767441860465045
BRO,2025-10-29,Q3_2025,10-Q,44,medium,negative,-27.944729368880594
BSX,2006-11-10,Q3_2006,10-Q,-76,medium,negative,-37.5
BSX,2007-03-02,FY2006,10-K,25,medium,negative,50.0
BSX,2007-08-09,Q2_2007,10-Q,-135,medium,negative,-23.3
BSX,2008-05-10,Q1_2008,10-Q,98,medium,negative,nan
BSX,2007-11-08,Q3_2007,10-Q,55,medium,negative,nan
BSX,2008-08-09,Q2_2008,10-Q,-206,medium,negative,-27.666666666666657
BSX,2008-11-08,Q3_2008,10-Q,-163,medium,negative,-131.76923076923077
BSX,2009-05-08,Q1_2009,10-Q,142,medium,negative,-107.16666666666666
BSX,2009-08-07,Q2_2009,10-Q,57,medium,negative,-23.076923076923077
BSX,2010-05-07,Q1_2010,10-Q,56,medium,negative,nan
BSX,2009-11-07,Q3_2009,10-Q,82,medium,negative,-18.75
BSX,2008-02-29,FY2007,10-K,51,medium,negative,nan
BSX,2010-08-06,Q2_2010,10-Q,-20,medium,negative,113.99999999999999
BSX,2010-02-27,FY2009,10-K,36,medium,negative,nan
BSX,2010-11-06,Q3_2010,10-Q,52,medium,negative,71.4285714285714
BSX,2011-05-06,Q1_2011,10-Q,-17,medium,negative,-74.00000000000001
BSX,2009-02-28,FY2008,10-K,86,medium,negative,nan
BSX,2011-08-06,Q2_2011,10-Q,95,medium,negative,137.75
BSX,2011-11-09,Q3_2011,10-Q,140,medium,negative,55.33333333333334
BSX,2012-05-04,Q1_2012,10-Q,52,medium,negative,10.999999999999996
BSX,2011-02-18,FY2010,10-K,123,medium,negative,87.49999999999999
BSX,2012-08-08,Q2_2012,10-Q,-17,medium,negative,nan
BSX,2012-11-07,Q3_2012,10-Q,-17,medium,negative,nan
BSX,2013-05-08,Q1_2013,10-Q,-79,medium,negative,nan
BSX,2014-05-09,Q1_2014,10-Q,-8,medium,negative,-38.375
BSX,2013-08-08,Q2_2013,10-Q,-24,medium,negative,59.5
BSX,2013-11-06,Q3_2013,10-Q,-12,medium,negative,-104.62499999999999
BSX,2014-08-07,Q2_2014,10-Q,-71,medium,negative,-98.23529411764706
BSX,2012-02-18,FY2011,10-K,107,medium,negative,-8.000000000000004
BSX,2013-02-23,FY2012,10-K,-47,medium,negative,-60.36363636363637
BSX,2014-11-06,Q3_2014,10-Q,-59,medium,negative,-84.05000000000001
BSX,2015-05-07,Q1_2015,10-Q,-27,medium,negative,-100.33333333333334
BSX,2014-02-27,FY2013,10-K,-12,medium,negative,-38.6923076923077
BSX,2015-08-07,Q2_2015,10-Q,-70,medium,negative,-62.550000000000004
BSX,2016-05-05,Q1_2016,10-Q,9,medium,negative,-25.000000000000007
BSX,2015-11-05,Q3_2015,10-Q,-64,medium,negative,-168.1818181818182
BSX,2016-08-04,Q2_2016,10-Q,-31,medium,negative,-155.55555555555557
BSX,2016-11-04,Q3_2016,10-Q,-24,medium,negative,-37.03703703703704
BSX,2017-05-04,Q1_2017,10-Q,-31,medium,negative,-32.25806451612904
BSX,2015-02-26,FY2014,10-K,155,medium,negative,-70.72727272727273
BSX,2017-08-04,Q2_2017,10-Q,0,medium,negative,-65.0
BSX,2016-02-25,FY2015,10-K,39,medium,negative,-145.83333333333331
BSX,2017-11-03,Q3_2017,10-Q,-22,medium,negative,-35.48387096774193
BSX,2018-05-02,Q1_2018,10-Q,63,medium,negative,-32.25806451612904
BSX,2018-08-01,Q2_2018,10-Q,-82,medium,negative,21.21212121212121
BSX,2017-02-24,FY2016,10-K,34,medium,negative,-67.85714285714286
BSX,2018-10-30,Q3_2018,10-Q,-69,medium,negative,-6.060606060606066
BSX,2019-04-30,Q1_2019,10-Q,-100,medium,negative,-15.713763942348224
BSX,2019-07-31,Q2_2019,10-Q,-13,medium,negative,-71.08155002891846
BSX,2018-02-21,FY2017,10-K,11,medium,negative,nan
BSX,2019-11-06,Q3_2019,10-Q,-114,medium,negative,-76.6858337689493
BSX,2020-05-07,Q1_2020,10-Q,-54,medium,negative,-97.65215820841611
BSX,2019-02-20,FY2018,10-K,56,medium,negative,-22.857142857142847
BSX,2020-11-06,Q3_2020,10-Q,-57,medium,negative,-147.69982632578055
BSX,2020-08-06,Q2_2020,10-Q,-69,medium,negative,nan
BSX,2021-05-07,Q1_2021,10-Q,45,medium,negative,-25.233950657679472
BSX,2021-08-07,Q2_2021,10-Q,39,medium,negative,-67.79124651362369
BSX,2020-02-26,FY2019,10-K,60,medium,negative,nan
BSX,2021-11-05,Q3_2021,10-Q,54,medium,negative,-28.647308781869686
BSX,2021-02-24,FY2020,10-K,91,medium,negative,-69.41153932117884
BSX,2022-05-06,Q1_2022,10-Q,37,medium,negative,-82.48349706325693
BSX,2022-08-05,Q2_2022,10-Q,-16,medium,negative,-59.580449316104044
BSX,2022-11-04,Q3_2022,10-Q,11,medium,negative,-72.62881225359133
BSX,2023-05-05,Q1_2023,10-Q,-12,medium,negative,-52.05970011320842
BSX,2022-02-24,FY2021,10-K,92,medium,negative,-87.31062763412689
BSX,2023-02-24,FY2022,10-K,68,medium,negative,-81.4720596964301
BSX,2023-08-04,Q2_2023,10-Q,-55,medium,negative,-63.43006407901718
BSX,2024-05-02,Q1_2024,10-Q,-31,medium,negative,-34.95190997235309
BSX,2023-11-02,Q3_2023,10-Q,-33,medium,negative,-28.263146867798035
BSX,2024-08-02,Q2_2024,10-Q,10,medium,negative,-62.58398464280817
CAT,2006-02-23,FY2005,10-K,173,medium,negative,-20.33898305084746
BSX,2024-11-02,Q3_2024,10-Q,-54,medium,negative,-46.40945015721934
BSX,2024-02-21,FY2023,10-K,6,medium,negative,-28.263146867798035
BSX,2025-08-02,Q2_2025,10-Q,-49,medium,negative,-26.945926201601665
BSX,2025-05-02,Q1_2025,10-Q,-64,medium,negative,-32.91822086163083
CAT,2007-02-24,FY2006,10-K,109,medium,positive,0.7352941176470594
BSX,2025-11-04,Q3_2025,10-Q,-59,medium,negative,-29.94157127043955
BSX,2025-02-19,FY2024,10-K,-7,medium,negative,-42.203217019463416
CAT,2008-02-23,FY2007,10-K,123,medium,negative,5.3333333333333375
CAT,2006-05-04,Q1_2006,10-Q,135,medium,negative,33.33333333333333
CAT,2007-08-03,Q2_2007,10-Q,89,medium,positive,-28.735632183908045
CAT,2007-11-02,Q3_2007,10-Q,123,medium,positive,-4.109589041095894
CAT,2008-05-03,Q1_2008,10-Q,1,medium,negative,19.834710743801654
CAT,2007-05-04,Q1_2007,10-Q,143,medium,positive,29.47368421052632
CAT,2006-08-03,Q2_2006,10-Q,-1,medium,negative,15.151515151515147
CAT,2009-02-21,FY2008,10-K,66,medium,negative,-26.66666666666666
CAT,2008-08-02,Q2_2008,10-Q,18,medium,negative,29.850746268656707
CAT,2010-02-20,FY2009,10-K,-136,medium,negative,117.64705882352939
CAT,2006-11-03,Q3_2006,10-Q,53,medium,positive,-26.923076923076934
CAT,2011-02-23,FY2010,10-K,-100,medium,negative,41.1214953271028
CAT,2008-11-01,Q3_2008,10-Q,45,medium,negative,-2.7972027972028
CAT,2009-05-02,Q1_2009,10-Q,114,medium,negative,-167.85714285714286
CAT,2009-08-01,Q2_2009,10-Q,87,medium,negative,114.28571428571426
CAT,2009-10-31,Q3_2009,10-Q,19,medium,negative,36.17021276595745
CAT,2010-05-04,Q1_2010,10-Q,100,medium,negative,-14.285714285714285
CAT,2010-07-31,Q2_2010,10-Q,195,medium,negative,53.5211267605634
CAT,2012-02-22,FY2011,10-K,-73,medium,negative,108.77192982456141
CAT,2010-11-05,Q3_2010,10-Q,17,medium,negative,27.083333333333336
CAT,2011-05-10,Q1_2011,10-Q,12,medium,negative,113.95348837209302
CAT,2013-02-20,FY2012,10-K,93,medium,negative,-45.83333333333333
CAT,2011-08-05,Q2_2011,10-Q,24,medium,negative,-23.232323232323232
CAT,2011-11-05,Q3_2011,10-Q,69,medium,negative,24.81751824817517
CAT,2014-02-19,FY2013,10-K,-49,medium,negative,57.14285714285715
CAT,2012-05-08,Q1_2012,10-Q,35,medium,negative,25.396825396825406
CAT,2013-05-03,Q1_2013,10-Q,86,medium,negative,-12.080536912751674
CAT,2015-02-18,FY2014,10-K,-125,medium,negative,-29.714285714285715
CAT,2012-08-07,Q2_2012,10-Q,176,medium,positive,25.742574257425744
CAT,2012-11-03,Q3_2012,10-Q,79,medium,negative,16.5137614678899
CAT,2013-08-03,Q2_2013,10-Q,59,medium,negative,-25.641025641025646
CAT,2014-05-03,Q1_2014,10-Q,50,medium,negative,65.51724137931035
CAT,2013-11-02,Q3_2013,10-Q,45,medium,negative,-22.45989304812835
CAT,2014-08-02,Q2_2014,10-Q,99,medium,negative,16.29629629629629
CAT,2014-11-01,Q3_2014,10-Q,155,medium,negative,62.999999999999986
CAT,2015-05-02,Q1_2015,10-Q,-1,medium,negative,115.47619047619048
CAT,2016-05-03,Q1_2016,10-Q,141,medium,negative,-33.33333333333333
CAT,2015-08-01,Q2_2015,10-Q,34,medium,negative,-8.661417322834653
CAT,2015-10-31,Q3_2015,10-Q,51,medium,negative,-23.456790123456795
CAT,2016-08-04,Q2_2016,10-Q,117,medium,negative,12.048192771084349
CAT,2017-05-04,Q1_2017,10-Q,-29,medium,negative,-31.914893617021274
CAT,2016-11-03,Q3_2016,10-Q,127,medium,negative,-28.35820895522389
CAT,2017-08-03,Q2_2017,10-Q,75,medium,negative,31.067961165048548
CAT,2016-02-17,FY2015,10-K,-117,medium,negative,-123.4375
CAT,2017-11-02,Q3_2017,10-Q,127,medium,negative,172.30769230769232
CAT,2018-05-03,Q1_2018,10-Q,74,medium,negative,90.2777777777778
CAT,2018-08-08,Q2_2018,10-Q,168,medium,positive,13.253012048192755
CAT,2019-11-01,Q3_2019,10-Q,116,medium,negative,-8.118713385652693
CAT,2019-08-02,Q2_2019,10-Q,161,medium,negative,-9.242802761840924
CAT,2017-02-16,FY2016,10-K,100,medium,negative,nan
CAT,2019-05-07,Q1_2019,10-Q,100,medium,negative,14.973839029550046
CAT,2018-11-01,Q3_2018,10-Q,102,medium,positive,1.4084507042253533
CAT,2018-02-16,FY2017,10-K,-29,medium,negative,nan
CAT,2020-05-07,Q1_2020,10-Q,148,medium,negative,17.360456638867642
CAT,2020-11-05,Q3_2020,10-Q,183,medium,positive,3.358297468568902
CAT,2021-05-06,Q1_2021,10-Q,199,medium,positive,42.6871545502779
CAT,2020-08-06,Q2_2020,10-Q,223,medium,negative,30.548302872062656
CAT,2020-02-20,FY2019,10-K,36,medium,negative,-17.34739686255753
CAT,2021-08-05,Q2_2021,10-Q,226,medium,positive,6.014676406765073
CAT,2021-02-18,FY2020,10-K,62,medium,negative,-4.58912853591346
CAT,2022-05-05,Q1_2022,10-Q,157,medium,positive,9.832716324367505
CAT,2021-11-04,Q3_2021,10-Q,190,medium,positive,17.928807286186004
CAT,2022-08-04,Q2_2022,10-Q,182,medium,positive,3.838370434263342
CAT,2022-02-17,FY2021,10-K,122,medium,negative,73.0318183829712
CAT,2023-05-04,Q1_2023,10-Q,163,medium,positive,-1.6457247447785355
CAT,2022-11-03,Q3_2022,10-Q,185,medium,positive,22.306182624937186
CAT,2023-11-02,Q3_2023,10-Q,198,medium,positive,13.557754015152154
CAT,2023-08-03,Q2_2023,10-Q,196,medium,positive,23.953391775790827
CAT,2023-02-16,FY2022,10-K,-17,medium,negative,-30.537920320272477
CAT,2024-05-02,Q1_2024,10-Q,145,medium,positive,11.885118306351188
CAT,2019-02-15,FY2018,10-K,0,medium,negative,-48.10495626822158
CAT,2024-08-08,Q2_2024,10-Q,155,medium,positive,-1.4521422469990417
CAT,2024-11-07,Q3_2024,10-Q,176,medium,positive,-5.4546677553705045
CAT,2025-05-08,Q1_2025,10-Q,149,medium,positive,-3.3820870389370072
CAT,2024-02-17,FY2023,10-K,11,medium,negative,10.817975179292157
CAT,2025-08-07,Q2_2025,10-Q,212,medium,positive,-5.616820635186539
CAT,2025-02-15,FY2024,10-K,80,medium,negative,15.14609409706936
CB,2006-05-06,Q1_2006,10-Q,-134,medium,negative,-2.0134228187919483
CAT,2025-11-04,Q3_2025,10-Q,141,medium,positive,7.897001390084064
CB,2006-08-08,Q2_2006,10-Q,-166,medium,negative,21.126760563380287
CB,2007-05-09,Q1_2007,10-Q,-178,medium,negative,38.15789473684211
CB,2006-11-09,Q3_2006,10-Q,-211,medium,negative,25.362318840579718
CB,2007-08-08,Q2_2007,10-Q,-148,medium,negative,13.529411764705882
CB,2007-11-08,Q3_2007,10-Q,-192,medium,negative,24.999999999999993
CB,2008-05-09,Q1_2008,10-Q,-127,medium,negative,-34.52380952380952
CB,2006-03-17,FY2005,10-K,-197,medium,negative,0.0
CB,2007-03-02,FY2006,10-K,-276,medium,negative,29.487179487179482
CB,2008-08-09,Q2_2008,10-Q,-170,medium,negative,35.802469135802475
CB,2008-11-08,Q3_2008,10-Q,-134,medium,negative,-88.65248226950355
CB,2009-05-09,Q1_2009,10-Q,-135,medium,negative,-12.435233160621761
CB,2008-03-01,FY2007,10-K,-259,medium,negative,-2.85714285714286
CB,2009-08-08,Q2_2009,10-Q,-94,medium,negative,-11.731843575418992
CB,2009-11-10,Q3_2009,10-Q,-156,medium,negative,-21.92513368983958
CB,2010-05-08,Q1_2010,10-Q,-140,medium,negative,37.03703703703704
CB,2009-02-28,FY2008,10-K,-209,medium,negative,-96.51461988304094
CB,2010-08-07,Q2_2010,10-Q,-138,medium,negative,18.56287425149701
CB,2010-11-09,Q3_2010,10-Q,-164,medium,negative,15.204678362573102
CB,2011-05-07,Q1_2011,10-Q,-198,medium,negative,68.88888888888889
CB,2010-02-26,FY2009,10-K,-229,medium,negative,51.89189189189188
CB,2011-08-05,Q2_2011,10-Q,-125,medium,negative,35.11450381679389
CB,2012-05-03,Q1_2012,10-Q,-114,medium,negative,68.0473372781065
CB,2011-11-04,Q3_2011,10-Q,-129,medium,negative,-106.78358208955223
CB,2011-02-26,FY2010,10-K,-218,medium,negative,82.20858895705524
CB,2012-08-02,Q2_2012,10-Q,-134,medium,negative,-41.81818181818181
CB,2012-02-25,FY2011,10-K,-163,medium,negative,37.03703703703704
CB,2012-11-01,Q3_2012,10-Q,-159,medium,negative,11.976047904191628
CB,2013-05-02,Q1_2013,10-Q,-152,medium,negative,61.98830409356726
CB,2014-05-03,Q1_2014,10-Q,-144,medium,negative,6.467661691542307
CB,2013-08-01,Q2_2013,10-Q,-168,medium,negative,62.89308176100627
CB,2013-10-31,Q3_2013,10-Q,-162,medium,negative,35.02538071065991
CB,2014-10-30,Q3_2014,10-Q,-142,medium,negative,13.725490196078422
CB,2013-03-01,FY2012,10-K,-117,medium,negative,50.000000000000014
CB,2014-07-31,Q2_2014,10-Q,-118,medium,negative,11.76470588235293
CB,2015-04-30,Q1_2015,10-Q,-156,medium,negative,-6.392694063926946
CB,2015-08-05,Q2_2015,10-Q,-137,medium,negative,31.1926605504587
CB,2015-11-05,Q3_2015,10-Q,-150,medium,negative,-18.999999999999993
CB,2014-03-01,FY2013,10-K,-161,medium,negative,80.98159509202456
CB,2016-05-11,Q1_2016,10-Q,-206,medium,negative,-52.9126213592233
CB,2015-02-28,FY2014,10-K,-194,medium,negative,-19.905213270142177
CB,2017-05-05,Q1_2017,10-Q,-142,medium,negative,-1.282051282051274
CB,2016-08-06,Q2_2016,10-Q,-149,medium,negative,-29.68036529680365
CB,2016-11-04,Q3_2016,10-Q,-91,medium,negative,26.315789473684216
CB,2016-02-27,FY2015,10-K,-154,medium,negative,-28.504672897196265
CB,2017-08-04,Q2_2017,10-Q,-130,medium,negative,13.52459016393443
CB,2018-05-03,Q1_2018,10-Q,-235,medium,negative,5.5045871559632875
CB,2017-11-02,Q3_2017,10-Q,-153,medium,negative,53.125
CB,2019-05-03,Q1_2019,10-Q,-156,medium,negative,-11.989047525914344
CB,2019-08-01,Q2_2019,10-Q,-160,medium,negative,-2.284204437078847
CB,2018-08-02,Q2_2018,10-Q,-140,medium,negative,7.812499999999989
CB,2019-11-01,Q3_2019,10-Q,-182,medium,negative,-8.854864775851901
CB,2018-10-31,Q3_2018,10-Q,-195,medium,negative,14.285714285714288
CB,2020-04-30,Q1_2020,10-Q,-143,medium,negative,-78.55248791140228
CB,2020-10-31,Q3_2020,10-Q,-192,medium,negative,19.964238797255867
CB,2020-08-01,Q2_2020,10-Q,-163,medium,negative,-10.390297751364747
CB,2021-05-01,Q1_2021,10-Q,-168,medium,negative,105.02824698826852
CB,2017-03-01,FY2016,10-K,-157,medium,negative,60.84905660377359
CB,2021-07-30,Q2_2021,10-Q,-147,medium,negative,68.34008689808438
CB,2021-10-29,Q3_2021,10-Q,-173,medium,negative,93.66017735195187
CB,2021-02-26,FY2020,10-K,-103,medium,negative,89.49206191493438
CB,2020-02-28,FY2019,10-K,-80,medium,negative,21.425162884532693
CB,2022-04-30,Q1_2022,10-Q,-202,medium,negative,30.509648802559596
CB,2022-07-30,Q2_2022,10-Q,-195,medium,negative,-22.742210069449236
CB,2022-10-29,Q3_2022,10-Q,-184,medium,negative,-27.832296002138307
CB,2022-02-25,FY2021,10-K,-88,medium,negative,50.38964590074283
CB,2023-05-03,Q1_2023,10-Q,-151,medium,negative,1.6162137305263617
CB,2018-02-24,FY2017,10-K,-108,medium,negative,42.17391304347827
CB,2023-07-29,Q2_2023,10-Q,-109,medium,negative,-2.3227734905815938
CB,2023-02-25,FY2022,10-K,-119,medium,negative,-25.83483203840476
CB,2023-11-02,Q3_2023,10-Q,-180,medium,negative,11.07894683694284
CB,2024-04-27,Q1_2024,10-Q,-146,medium,negative,-1.5460841508020204
CB,2024-07-27,Q2_2024,10-Q,-141,medium,negative,6.2382889798205685
CB,2024-02-24,FY2023,10-K,-75,medium,negative,56.95001610494567
CB,2025-04-29,Q1_2025,10-Q,-87,medium,negative,3.897908462468852
CB,2024-10-31,Q3_2024,10-Q,-120,medium,negative,14.302215056609668
CB,2025-07-29,Q2_2025,10-Q,-63,medium,negative,22.959664211376857
CB,2019-03-01,FY2018,10-K,-166,medium,negative,-59.89583333333333
CB,2025-10-28,Q3_2025,10-Q,100,medium,negative,13.368571118099565
CB,2025-02-28,FY2024,10-K,-49,medium,negative,16.365000055149295
CBRE,2006-05-11,Q1_2006,10-Q,73,medium,negative,100.0
CBRE,2006-08-10,Q2_2006,10-Q,37,medium,negative,12.50000000000001
CBRE,2006-11-10,Q3_2006,10-Q,57,medium,negative,21.875000000000004
CBRE,2006-03-16,FY2005,10-K,-73,medium,negative,35.48387096774193
CBRE,2007-05-11,Q1_2007,10-Q,37,medium,negative,-50.0
CBRE,2007-08-10,Q2_2007,10-Q,59,medium,negative,nan
CBRE,2007-11-10,Q3_2007,10-Q,117,medium,negative,-18.644067796610166
CBRE,2008-05-13,Q1_2008,10-Q,20,medium,negative,-62.96296296296296
CBRE,2008-08-09,Q2_2008,10-Q,67,medium,negative,-87.69230769230771
CBRE,2009-05-12,Q1_2009,10-Q,-106,medium,negative,nan
CBRE,2008-11-11,Q3_2008,10-Q,68,medium,negative,0.0
CBRE,2008-03-01,FY2007,10-K,36,medium,negative,-24.050632911392412
CBRE,2007-03-02,FY2006,10-K,53,medium,negative,-1.8181818181818195
CBRE,2009-08-11,Q2_2009,10-Q,-80,medium,negative,-162.5
CBRE,2009-11-10,Q3_2009,10-Q,-79,medium,negative,-66.66666666666666
CBRE,2009-03-03,FY2008,10-K,30,medium,negative,nan
CBRE,2010-05-11,Q1_2010,10-Q,-61,medium,negative,nan
CBRE,2010-08-10,Q2_2010,10-Q,-107,medium,negative,70.0
CBRE,2010-11-10,Q3_2010,10-Q,-71,medium,negative,28.57142857142855
CBRE,2011-05-11,Q1_2011,10-Q,-45,medium,negative,0.0
CBRE,2010-03-02,FY2009,10-K,21,medium,negative,77.77777777777779
CBRE,2011-08-10,Q2_2011,10-Q,-31,medium,negative,-29.629629629629633
CBRE,2011-11-10,Q3_2011,10-Q,-19,medium,negative,-16.66666666666666
CBRE,2012-05-11,Q1_2012,10-Q,71,medium,negative,-33.33333333333333
CBRE,2011-03-02,FY2010,10-K,-40,medium,negative,-28.125
CBRE,2012-08-10,Q2_2012,10-Q,-37,medium,negative,-7.9999999999999964
CBRE,2012-11-10,Q3_2012,10-Q,-109,medium,negative,-70.0
CBRE,2013-05-11,Q1_2013,10-Q,-3,medium,negative,-38.888888888888886
CBRE,2012-03-01,FY2011,10-K,17,medium,negative,-40.476190476190474
CBRE,2013-08-10,Q2_2013,10-Q,-165,medium,negative,-43.24324324324324
CBRE,2013-11-13,Q3_2013,10-Q,-100,medium,negative,-22.222222222222214
CBRE,2014-05-13,Q1_2014,10-Q,-29,medium,negative,100.0
CBRE,2014-08-12,Q2_2014,10-Q,-175,medium,negative,-15.789473684210526
CBRE,2013-03-02,FY2012,10-K,-128,medium,negative,23.25581395348838
CBRE,2014-11-11,Q3_2014,10-Q,-150,medium,negative,6.666666666666673
CBRE,2015-05-12,Q1_2015,10-Q,-41,medium,negative,40.00000000000001
CBRE,2015-11-10,Q3_2015,10-Q,-95,medium,negative,7.317073170731714
CBRE,2014-03-04,FY2013,10-K,-178,medium,negative,-22.222222222222214
CBRE,2015-08-11,Q2_2015,10-Q,-58,medium,negative,-17.777777777777782
CBRE,2016-05-11,Q1_2016,10-Q,-13,medium,negative,-29.41176470588236
CBRE,2015-03-03,FY2014,10-K,-189,medium,negative,-15.277777777777777
CBRE,2016-08-10,Q2_2016,10-Q,0,medium,negative,-28.000000000000004
CBRE,2016-11-10,Q3_2016,10-Q,5,medium,negative,-38.0
CBRE,2017-05-11,Q1_2017,10-Q,60,medium,negative,73.91304347826087
CBRE,2016-03-01,FY2015,10-K,-74,medium,negative,-29.33333333333333
CBRE,2017-11-10,Q3_2017,10-Q,45,medium,negative,31.818181818181806
CBRE,2017-08-10,Q2_2017,10-Q,-100,medium,negative,43.90243902439025
CBRE,2018-05-11,Q1_2018,10-Q,-48,medium,negative,0.0
CBRE,2017-03-02,FY2016,10-K,-158,medium,negative,16.41791044776119
CBRE,2018-08-10,Q2_2018,10-Q,36,medium,negative,-1.4705882352941189
CBRE,2018-03-02,FY2017,10-K,-5,medium,negative,-43.67816091954023
CBRE,2018-11-10,Q3_2018,10-Q,0,medium,negative,19.71830985915493
CBRE,2019-05-11,Q1_2019,10-Q,149,medium,negative,-21.70168341380661
CBRE,2020-05-08,Q1_2020,10-Q,73,medium,negative,-29.196168263223658
CBRE,2019-08-10,Q2_2019,10-Q,0,medium,negative,-13.669064748201428
CBRE,2019-03-02,FY2018,10-K,58,medium,negative,9.523809523809511
CBRE,2019-11-07,Q3_2019,10-Q,131,medium,negative,-4.352594595283945
CBRE,2020-08-05,Q2_2020,10-Q,79,medium,negative,-40.34895859223543
CBRE,2021-04-30,Q1_2021,10-Q,90,medium,negative,15.838716863443977
CBRE,2020-03-03,FY2019,10-K,-100,medium,negative,38.44365639320961
CBRE,2021-07-31,Q2_2021,10-Q,53,medium,negative,67.00495876262173
CBRE,2020-10-30,Q3_2020,10-Q,123,medium,negative,31.349556993766882
CBRE,2021-02-25,FY2020,10-K,14,medium,negative,-0.9436976759048186
CBRE,2021-10-29,Q3_2021,10-Q,134,medium,negative,7.78856599102323
CBRE,2022-05-10,Q1_2022,10-Q,111,medium,negative,7.7456089020165
CBRE,2022-08-06,Q2_2022,10-Q,83,medium,negative,6.112206488618035
CBRE,2022-03-02,FY2021,10-K,-130,medium,negative,14.609317063304797
CBRE,2023-04-28,Q1_2023,10-Q,86,medium,negative,-56.9627320522961
CBRE,2022-10-28,Q3_2022,10-Q,78,medium,negative,9.812284652539592
CBRE,2023-07-28,Q2_2023,10-Q,42,medium,negative,-15.748456485394208
CBRE,2023-10-28,Q3_2023,10-Q,15,medium,negative,-9.228891997261982
CBRE,2024-05-04,Q1_2024,10-Q,44,medium,negative,-40.82071563632165
CBRE,2024-07-26,Q2_2024,10-Q,109,medium,negative,-40.732378466097515
CBRE,2023-02-28,FY2022,10-K,4,medium,negative,-79.00518152120057
CBRE,2024-10-25,Q3_2024,10-Q,135,medium,negative,-31.276653832032615
CBRE,2024-02-21,FY2023,10-K,80,medium,negative,31.685145066054982
CBRE,2025-04-25,Q1_2025,10-Q,74,medium,negative,-28.940823496901025
CBRE,2025-07-30,Q2_2025,10-Q,29,medium,negative,-33.68266689083794
CF,2006-05-04,Q1_2006,10-Q,9,medium,negative,-163.92857142857142
CF,2006-08-15,Q2_2006,10-Q,100,medium,negative,36.36363636363636
CBRE,2025-10-24,Q3_2025,10-Q,17,medium,negative,-17.297190154948165
CBRE,2025-02-15,FY2024,10-K,-80,medium,negative,-29.29035260842519
CF,2006-11-08,Q3_2006,10-Q,-7,medium,negative,-13.333333333333334
CF,2007-05-05,Q1_2007,10-Q,0,medium,negative,185.7142857142857
CF,2007-08-07,Q2_2007,10-Q,-2,medium,negative,22.22222222222222
CF,2007-11-06,Q3_2007,10-Q,-40,medium,negative,nan
CF,2008-05-07,Q1_2008,10-Q,-5,medium,negative,77.4193548387097
CF,2006-03-21,FY2005,10-K,0,medium,negative,-166.28571428571428
CF,2008-08-05,Q2_2008,10-Q,-89,medium,negative,127.2727272727273
CF,2008-11-05,Q3_2008,10-Q,-58,medium,negative,-85.84070796460178
CF,2009-05-01,Q1_2009,10-Q,-1,medium,negative,160.0
CF,2007-03-01,FY2006,10-K,-23,medium,negative,-51.66666666666666
CF,2009-08-04,Q2_2009,10-Q,-119,medium,negative,117.49999999999999
CF,2009-11-03,Q3_2009,10-Q,-88,medium,negative,-33.33333333333333
CF,2008-02-28,FY2007,10-K,4,medium,negative,139.99999999999997
CF,2009-02-27,FY2008,10-K,14,medium,negative,168.00000000000003
CF,2010-05-08,Q1_2010,10-Q,20,medium,negative,-109.5263157894737
CF,2010-02-26,FY2009,10-K,-32,medium,negative,-25.00000000000001
CF,2010-08-07,Q2_2010,10-Q,39,medium,negative,-56.33802816901409
CF,2010-11-06,Q3_2010,10-Q,-5,medium,negative,-63.888888888888886
CF,2011-05-07,Q1_2011,10-Q,74,medium,negative,56.00000000000001
CF,2011-08-06,Q2_2011,10-Q,38,medium,negative,33.66336633663367
CF,2011-11-04,Q3_2011,10-Q,17,medium,negative,2.150537634408592
CF,2012-05-05,Q1_2012,10-Q,39,medium,negative,52.054794520547965
CF,2011-02-26,FY2010,10-K,-55,medium,negative,24.489795918367346
CF,2012-08-08,Q2_2012,10-Q,-65,medium,negative,2.1978021978021998
CF,2013-05-10,Q1_2013,10-Q,-7,medium,negative,8.403361344537823
CF,2012-11-07,Q3_2012,10-Q,42,medium,negative,14.414414414414406
CF,2012-02-28,FY2011,10-K,-53,medium,negative,1.5267175572519098
CF,2013-08-08,Q2_2013,10-Q,-87,medium,negative,26.315789473684198
CF,2013-11-06,Q3_2013,10-Q,-84,medium,negative,-1.2195121951219388
CF,2014-05-09,Q1_2014,10-Q,-161,medium,negative,180.43478260869566
CF,2013-02-28,FY2012,10-K,-26,medium,negative,11.278195488721797
CF,2015-05-08,Q1_2015,10-Q,-79,medium,negative,10.344827586206893
CF,2014-08-08,Q2_2014,10-Q,-77,medium,negative,-16.43835616438356
CF,2014-11-07,Q3_2014,10-Q,-66,medium,negative,-39.53488372093023
CF,2015-08-07,Q2_2015,10-Q,-60,medium,negative,7.1942446043165535
CF,2014-02-28,FY2013,10-K,-88,medium,negative,44.30379746835441
CF,2016-05-06,Q1_2016,10-Q,-97,medium,negative,-78.0
CF,2015-11-10,Q3_2015,10-Q,-167,medium,negative,-59.79381443298969
CF,2016-08-05,Q2_2016,10-Q,-114,medium,negative,-78.49462365591397
CF,2015-02-27,FY2014,10-K,-132,medium,negative,-11.11111111111112
CF,2017-05-05,Q1_2017,10-Q,-125,medium,negative,nan
CF,2016-11-04,Q3_2016,10-Q,-110,medium,negative,13.333333333333327
CF,2017-08-04,Q2_2017,10-Q,-51,medium,negative,106.25
CF,2017-11-03,Q3_2017,10-Q,-39,medium,negative,46.37681159420289
CF,2018-05-04,Q1_2018,10-Q,-105,medium,negative,8.000000000000007
CF,2016-02-26,FY2015,10-K,-141,medium,negative,-87.5
CF,2018-08-03,Q2_2018,10-Q,-92,medium,negative,133.33333333333331
CF,2019-05-03,Q1_2019,10-Q,-83,medium,negative,14.122681883024265
CF,2018-11-02,Q3_2018,10-Q,-102,medium,negative,-13.333333333333327
CF,2019-08-02,Q2_2019,10-Q,-98,medium,negative,47.04868690117869
CF,2017-02-24,FY2016,10-K,-121,medium,negative,nan
CF,2019-11-01,Q3_2019,10-Q,-72,medium,negative,-16.692999339289305
CF,2020-05-08,Q1_2020,10-Q,-91,medium,negative,24.90430718401225
CF,2020-08-07,Q2_2020,10-Q,3,medium,negative,38.175156417382134
CF,2020-11-06,Q3_2020,10-Q,-31,medium,negative,nan
CF,2021-05-07,Q1_2021,10-Q,-152,medium,negative,19.64380330558736
CF,2018-02-23,FY2017,10-K,-125,medium,negative,nan
CF,2021-08-10,Q2_2021,10-Q,-38,medium,negative,-26.721561216422085
CF,2021-11-06,Q3_2021,10-Q,-206,medium,negative,-189.5926659026982
CF,2020-02-25,FY2019,10-K,-125,medium,negative,-5.371134410840676
CF,2022-05-06,Q1_2022,10-Q,-22,medium,negative,-3.2753138382928775
CF,2021-02-25,FY2020,10-K,-90,medium,negative,nan
CF,2022-08-03,Q2_2022,10-Q,-132,medium,negative,-5.709477042454395
CF,2022-11-04,Q3_2022,10-Q,-63,medium,negative,-34.99425981422671
CF,2023-05-03,Q1_2023,10-Q,-79,medium,negative,13.648641618612755
CF,2022-02-25,FY2021,10-K,-169,medium,negative,-4.974180293330467
CF,2019-02-23,FY2018,10-K,-211,medium,negative,-66.12903225806453
CF,2023-08-04,Q2_2023,10-Q,65,medium,negative,22.92171252708831
CF,2023-11-03,Q3_2023,10-Q,31,medium,negative,-16.569330886033708
CF,2024-05-03,Q1_2024,10-Q,-69,medium,negative,-32.7698182174211
CF,2023-02-24,FY2022,10-K,-129,medium,negative,1.3826170666939621
CF,2024-11-01,Q3_2024,10-Q,68,medium,negative,33.15808011821002
CF,2025-05-09,Q1_2025,10-Q,34,medium,negative,25.119201401335054
CF,2024-08-09,Q2_2024,10-Q,171,medium,negative,24.61059190031152
CL,2006-04-29,Q1_2006,10-Q,129,medium,positive,-6.250000000000005
CF,2024-02-23,FY2023,10-K,-103,medium,negative,-7.700590972605031
CF,2025-08-08,Q2_2025,10-Q,146,medium,negative,-5.219335255607844
CL,2006-07-28,Q2_2006,10-Q,148,medium,positive,-27.777777777777775
CL,2006-10-26,Q3_2006,10-Q,151,medium,positive,-8.571428571428562
CL,2007-04-27,Q1_2007,10-Q,154,medium,positive,15.384615384615383
CF,2025-11-07,Q3_2025,10-Q,96,medium,negative,1.4758010332924
CL,2007-07-27,Q2_2007,10-Q,181,medium,positive,-9.523809523809518
CF,2025-02-21,FY2024,10-K,-154,medium,negative,22.74082203879648
CL,2008-05-01,Q1_2008,10-Q,159,medium,positive,0.0
CL,2007-10-31,Q3_2007,10-Q,100,medium,positive,-4.878048780487796
CL,2008-10-31,Q3_2008,10-Q,107,medium,positive,-2.0833333333333353
CL,2008-07-30,Q2_2008,10-Q,131,medium,positive,2.222222222222224
CL,2009-05-01,Q1_2009,10-Q,204,medium,negative,4.255319148936175
CL,2006-02-25,FY2005,10-K,89,medium,negative,0.0
CL,2009-07-31,Q2_2009,10-Q,175,medium,negative,8.000000000000007
CL,2010-04-30,Q1_2010,10-Q,236,medium,positive,-38.59649122807017
CL,2010-10-29,Q3_2010,10-Q,164,medium,positive,7.0175438596491295
CL,2009-10-30,Q3_2009,10-Q,209,medium,negative,0.0
CL,2010-07-30,Q2_2010,10-Q,143,medium,positive,3.5087719298245648
CL,2007-02-24,FY2006,10-K,58,medium,negative,0.0
CL,2011-04-29,Q1_2011,10-Q,226,medium,positive,0.0
CL,2011-07-29,Q2_2011,10-Q,262,medium,positive,3.2786885245901667
CL,2008-02-29,FY2007,10-K,79,medium,negative,-11.36363636363636
CL,2011-10-28,Q3_2011,10-Q,263,medium,positive,3.1250000000000027
CL,2012-04-27,Q1_2012,10-Q,241,medium,positive,0.0
CL,2009-02-28,FY2008,10-K,75,medium,negative,-2.0833333333333353
CL,2010-02-26,FY2009,10-K,93,medium,negative,7.0175438596491295
CL,2012-07-27,Q2_2012,10-Q,207,medium,positive,-2.985074626865674
CL,2012-10-26,Q3_2012,10-Q,230,medium,positive,-1.449275362318826
CL,2013-04-26,Q1_2013,10-Q,178,medium,positive,-25.75757575757576
CL,2011-02-25,FY2010,10-K,125,medium,negative,0.0
CL,2014-04-26,Q1_2014,10-Q,183,medium,positive,-38.235294117647065
CL,2013-07-26,Q2_2013,10-Q,162,medium,positive,-14.285714285714283
CL,2013-10-25,Q3_2013,10-Q,216,medium,positive,-4.109589041095894
CL,2012-02-24,FY2011,10-K,94,medium,negative,-6.153846153846159
CL,2014-08-01,Q2_2014,10-Q,146,medium,positive,-8.219178082191773
CL,2014-10-25,Q3_2014,10-Q,113,medium,positive,-22.368421052631586
CL,2015-05-01,Q1_2015,10-Q,109,medium,positive,-10.606060606060614
CL,2013-02-22,FY2012,10-K,91,medium,negative,-10.144927536231878
CL,2016-04-29,Q1_2016,10-Q,151,medium,positive,-6.349206349206354
CL,2015-07-31,Q2_2015,10-Q,98,medium,positive,-9.999999999999993
CL,2015-10-31,Q3_2015,10-Q,117,medium,negative,11.111111111111121
CL,2014-02-21,FY2013,10-K,-11,medium,negative,-17.808219178082194
CL,2016-07-29,Q2_2016,10-Q,180,medium,positive,-1.4705882352941189
CL,2017-04-29,Q1_2017,10-Q,225,medium,positive,-1.5384615384615397
CL,2016-10-28,Q3_2016,10-Q,111,medium,positive,6.849315068493158
CL,2018-04-28,Q1_2018,10-Q,183,medium,positive,0.0
CL,2015-02-20,FY2014,10-K,41,medium,negative,-5.555555555555546
CL,2017-07-22,Q2_2017,10-Q,0,medium,positive,-18.055555555555557
CL,2016-02-19,FY2015,10-K,31,medium,negative,-171.83098591549296
CL,2017-10-28,Q3_2017,10-Q,251,medium,positive,-6.849315068493142
CL,2018-07-28,Q2_2018,10-Q,253,medium,positive,-5.194805194805199
CL,2019-04-27,Q1_2019,10-Q,293,medium,positive,-1.846790390045749
CL,2018-10-27,Q3_2018,10-Q,268,medium,positive,-16.666666666666664
CL,2019-11-02,Q3_2019,10-Q,210,medium,positive,-4.378603642176162
CL,2017-02-24,FY2016,10-K,54,medium,negative,-9.333333333333327
CL,2019-07-27,Q2_2019,10-Q,248,medium,positive,-6.111065087123404
CL,2020-05-02,Q1_2020,10-Q,184,medium,positive,13.183876070474007
CL,2020-08-01,Q2_2020,10-Q,229,medium,positive,6.401334330246737
CL,2021-05-01,Q1_2021,10-Q,223,medium,positive,1.1633788568538312
CL,2018-02-16,FY2017,10-K,134,medium,negative,-50.66666666666667
CL,2020-10-31,Q3_2020,10-Q,236,medium,positive,15.28279866784322
CL,2021-07-31,Q2_2021,10-Q,237,medium,positive,3.8902518399839785
CL,2021-10-30,Q3_2021,10-Q,194,medium,positive,-5.7042634245696995
CL,2022-04-30,Q1_2022,10-Q,81,medium,negative,-11.348708511867178
CL,2019-02-22,FY2018,10-K,58,medium,negative,-2.7777777777777803
CL,2020-02-22,FY2019,10-K,78,medium,negative,3.294402820625834
CL,2022-07-30,Q2_2022,10-Q,199,medium,positive,1.4741945485807741
CL,2022-10-29,Q3_2022,10-Q,234,medium,positive,1.07494570636363
CL,2021-02-19,FY2020,10-K,16,medium,negative,-1.918474636117536
CL,2023-04-29,Q1_2023,10-Q,197,medium,positive,-35.72071364292142
CL,2023-07-29,Q2_2023,10-Q,237,medium,positive,-19.549477071600972
CL,2022-02-18,FY2021,10-K,160,medium,negative,-77.11670480549199
CL,2023-10-28,Q3_2023,10-Q,260,medium,positive,7.255992616796789
CL,2024-04-27,Q1_2024,10-Q,193,medium,positive,2.1136290937722957
CL,2024-07-27,Q2_2024,10-Q,186,medium,positive,2.44486394401216
CL,2025-04-26,Q1_2025,10-Q,187,medium,positive,-0.6846914214941668
CL,2023-02-17,FY2022,10-K,167,medium,negative,-99.21512198312512
CL,2024-10-26,Q3_2024,10-Q,178,medium,positive,1.6776817488561295
CMCSA,2006-02-23,FY2005,10-K,-26,medium,negative,-70.85714285714286
CL,2025-11-01,Q3_2025,10-Q,240,medium,positive,2.3506917107187077
CL,2025-08-02,Q2_2025,10-Q,204,medium,positive,1.4300522754884815
CL,2024-02-16,FY2023,10-K,46,medium,negative,2.164237819556812
CMCSA,2007-02-27,FY2006,10-K,-57,medium,negative,-31.555555555555554
CMCSA,2006-04-29,Q1_2006,10-Q,-114,medium,negative,150.0
CL,2025-02-14,FY2024,10-K,108,medium,negative,1.1576936045858128
CMCSA,2007-04-28,Q1_2007,10-Q,-115,medium,negative,85.7142857142857
CMCSA,2006-11-01,Q3_2006,10-Q,-183,medium,negative,nan
CMCSA,2006-07-29,Q2_2006,10-Q,-121,medium,negative,7.142857142857128
CMCSA,2007-07-28,Q2_2007,10-Q,-100,medium,negative,18.75
CMCSA,2007-10-27,Q3_2007,10-Q,0,medium,negative,0.0
CMCSA,2008-05-02,Q1_2008,10-Q,-76,medium,negative,49.999999999999986
CMCSA,2008-07-31,Q2_2008,10-Q,-93,medium,negative,0.0
CMCSA,2009-05-01,Q1_2009,10-Q,-143,medium,negative,40.00000000000001
CMCSA,2008-10-30,Q3_2008,10-Q,19,medium,negative,44.44444444444445
CMCSA,2009-08-07,Q2_2009,10-Q,-108,medium,negative,88.8888888888889
CMCSA,2009-11-05,Q3_2009,10-Q,-122,medium,negative,88.8888888888889
CMCSA,2008-02-21,FY2007,10-K,-98,medium,negative,22.249999999999996
CMCSA,2010-04-29,Q1_2010,10-Q,-111,medium,negative,14.285714285714276
CMCSA,2010-07-29,Q2_2010,10-Q,-206,medium,negative,6.666666666666673
CMCSA,2009-02-21,FY2008,10-K,-105,medium,negative,-10.874999999999998
CMCSA,2010-10-28,Q3_2010,10-Q,-113,medium,negative,14.285714285714276
CMCSA,2011-05-06,Q1_2011,10-Q,-107,medium,negative,0.0
CMCSA,2010-02-24,FY2009,10-K,-100,medium,negative,54.545454545454554
CMCSA,2011-08-04,Q2_2011,10-Q,-140,medium,negative,-9.523809523809518
CMCSA,2012-05-03,Q1_2012,10-Q,-105,medium,negative,21.052631578947373
CMCSA,2011-11-03,Q3_2011,10-Q,-79,medium,negative,-26.08695652173913
CMCSA,2011-02-26,FY2010,10-K,-8,medium,negative,20.0
CMCSA,2012-08-02,Q2_2012,10-Q,-135,medium,negative,8.69565217391304
CMCSA,2012-10-27,Q3_2012,10-Q,-153,medium,negative,69.56521739130434
CMCSA,2013-05-02,Q1_2013,10-Q,-126,medium,negative,12.50000000000001
CMCSA,2012-02-24,FY2011,10-K,-1,medium,negative,22.222222222222225
CMCSA,2013-08-01,Q2_2013,10-Q,-131,medium,negative,6.451612903225811
CMCSA,2013-10-31,Q3_2013,10-Q,-117,medium,negative,13.793103448275875
CMCSA,2014-04-23,Q1_2014,10-Q,-100,medium,negative,20.0
CMCSA,2013-02-22,FY2012,10-K,-9,medium,negative,0.0
CMCSA,2014-07-25,Q2_2014,10-Q,-108,medium,negative,11.764705882352935
CMCSA,2014-10-24,Q3_2014,10-Q,-159,medium,negative,16.27906976744186
CMCSA,2015-05-05,Q1_2015,10-Q,-97,medium,negative,24.242424242424228
CMCSA,2015-07-24,Q2_2015,10-Q,-103,medium,negative,0.0
CMCSA,2015-10-28,Q3_2015,10-Q,-85,medium,negative,0.0
CMCSA,2014-02-13,FY2013,10-K,0,medium,negative,2.85714285714286
CMCSA,2016-04-28,Q1_2016,10-Q,-77,medium,negative,19.444444444444446
CMCSA,2015-02-28,FY2014,10-K,-70,medium,negative,-54.878048780487795
CMCSA,2016-10-27,Q3_2016,10-Q,-89,medium,negative,0.0
CMCSA,2016-07-28,Q2_2016,10-Q,52,medium,negative,7.894736842105256
CMCSA,2017-04-28,Q1_2017,10-Q,-165,medium,negative,43.24324324324325
CMCSA,2016-02-06,FY2015,10-K,-64,medium,negative,-4.761904761904753
CMCSA,2017-07-28,Q2_2017,10-Q,-76,medium,negative,18.181818181818183
CMCSA,2017-02-04,FY2016,10-K,0,medium,negative,9.756097560975618
CMCSA,2017-10-27,Q3_2017,10-Q,-84,medium,negative,14.583333333333348
CMCSA,2018-04-26,Q1_2018,10-Q,-66,medium,negative,17.85714285714285
CMCSA,2018-07-27,Q2_2018,10-Q,-37,medium,negative,25.454545454545435
CMCSA,2018-10-26,Q3_2018,10-Q,-40,medium,negative,8.771929824561413
CMCSA,2019-04-26,Q1_2019,10-Q,-29,medium,negative,13.14544332441884
CMCSA,2018-02-01,FY2017,10-K,0,medium,negative,nan
CMCSA,2019-07-26,Q2_2019,10-Q,-86,medium,negative,-9.486602686118166
CMCSA,2019-10-25,Q3_2019,10-Q,11,medium,negative,-5.5687459529462675
CMCSA,2020-05-01,Q1_2020,10-Q,-93,medium,negative,-32.90548424737455
CMCSA,2021-04-30,Q1_2021,10-Q,-122,medium,negative,20.68877594383722
CMCSA,2020-01-31,FY2019,10-K,0,medium,negative,-11.266539656027346
CMCSA,2020-10-30,Q3_2020,10-Q,-113,medium,negative,-14.574717999495219
CMCSA,2020-07-31,Q2_2020,10-Q,-64,medium,negative,17.95876887340303
CMCSA,2021-07-30,Q2_2021,10-Q,-55,medium,negative,21.047057043425628
CMCSA,2019-02-01,FY2018,10-K,0,medium,negative,-8.333333333333323
CMCSA,2022-04-29,Q1_2022,10-Q,-8,medium,negative,-3.011613737534508
CMCSA,2021-10-29,Q3_2021,10-Q,-52,medium,negative,14.596380886389676
CMCSA,2021-02-05,FY2020,10-K,-100,medium,negative,51.61900014538807
CMCSA,2022-07-29,Q2_2022,10-Q,-44,medium,negative,-16.934443788663735
CMCSA,2023-04-28,Q1_2023,10-Q,-83,medium,negative,10.525420846794772
CMCSA,2022-10-28,Q3_2022,10-Q,-64,medium,negative,nan
CMCSA,2023-07-28,Q2_2023,10-Q,-53,medium,negative,3.913039048890072
CMCSA,2023-10-27,Q3_2023,10-Q,-81,medium,negative,3.0765185379963187
CMCSA,2022-02-03,FY2021,10-K,0,medium,negative,-10.044977511244376
CMCSA,2024-04-26,Q1_2024,10-Q,5,medium,negative,4.181210864918859
CMCSA,2023-02-04,FY2022,10-K,-40,medium,negative,-9.792651967164526
CMCSA,2024-07-24,Q2_2024,10-Q,-108,medium,negative,-4.767346627811744
CMCSA,2024-11-01,Q3_2024,10-Q,-61,medium,negative,-5.582675425380187
CMCSA,2025-04-25,Q1_2025,10-Q,-60,medium,negative,-3.759853801485771
CME,2006-05-09,Q1_2006,10-Q,12,medium,negative,-3.703703703703707
CMCSA,2025-08-01,Q2_2025,10-Q,-51,medium,negative,172.6421502928379
CME,2006-03-07,FY2005,10-K,-84,medium,negative,9.999999999999995
CMCSA,2024-02-01,FY2023,10-K,100,medium,negative,3.0088765673881546
CME,2006-08-08,Q2_2006,10-Q,-13,medium,negative,0.0
CMCSA,2025-10-31,Q3_2025,10-Q,-56,medium,negative,-12.823642228227698
CME,2006-11-07,Q3_2006,10-Q,-53,medium,negative,7.272727272727258
CME,2007-05-09,Q1_2007,10-Q,-23,medium,negative,5.71428571428572
CMCSA,2025-02-01,FY2024,10-K,0,medium,negative,53.59841446797968
CME,2007-08-04,Q2_2007,10-Q,-4,medium,negative,-1.3888888888888902
CME,2007-11-09,Q3_2007,10-Q,-61,medium,negative,-1.2820512820512833
CME,2008-05-10,Q1_2008,10-Q,-33,medium,negative,21.739130434782613
CME,2008-08-08,Q2_2008,10-Q,-32,medium,negative,-2.6666666666666687
CME,2008-11-11,Q3_2008,10-Q,-93,medium,negative,-27.272727272727266
CME,2009-05-09,Q1_2009,10-Q,-141,medium,negative,-6.250000000000005
CME,2009-11-07,Q3_2009,10-Q,-132,medium,negative,-6.153846153846159
CME,2009-08-07,Q2_2009,10-Q,-146,medium,negative,6.349206349206354
CME,2007-03-02,FY2006,10-K,39,medium,negative,-4.8387096774193585
CME,2010-08-07,Q2_2010,10-Q,-40,medium,negative,-5.747126436781615
CME,2010-05-08,Q1_2010,10-Q,-43,medium,negative,0.0
CME,2008-02-29,FY2007,10-K,17,medium,negative,21.739130434782613
CME,2010-11-06,Q3_2010,10-Q,-80,medium,negative,0.0
CME,2011-05-11,Q1_2011,10-Q,-128,medium,negative,67.90123456790124
CME,2011-08-06,Q2_2011,10-Q,-106,medium,negative,12.820512820512816
CME,2011-11-10,Q3_2011,10-Q,-145,medium,negative,2.150537634408592
CME,2009-03-03,FY2008,10-K,-25,medium,negative,-68.18181818181819
CME,2012-05-09,Q1_2012,10-Q,-144,medium,negative,0.0
CME,2010-02-27,FY2009,10-K,-15,medium,negative,-14.084507042253518
CME,2012-08-09,Q2_2012,10-Q,-167,medium,negative,-1.3333333333333344
CME,2013-05-09,Q1_2013,10-Q,-175,medium,negative,-2.739726027397263
CME,2011-03-01,FY2010,10-K,-60,medium,negative,-23.37662337662338
CME,2012-11-09,Q3_2012,10-Q,-112,medium,negative,-2.9411764705882377
CME,2013-08-09,Q2_2013,10-Q,-117,medium,negative,9.41176470588236
CME,2013-11-09,Q3_2013,10-Q,-164,medium,negative,0.0
CME,2014-11-04,Q3_2014,10-Q,-78,medium,negative,4.878048780487809
CME,2014-05-08,Q1_2014,10-Q,-143,medium,negative,-4.8192771084337265
CME,2012-02-29,FY2011,10-K,-15,medium,negative,200.0
CME,2014-08-05,Q2_2014,10-Q,-64,medium,negative,-2.469135802469138
CME,2015-05-07,Q1_2015,10-Q,-145,medium,negative,6.521739130434775
CME,2013-03-02,FY2012,10-K,41,medium,negative,-20.634920634920636
CME,2015-08-06,Q2_2015,10-Q,-103,medium,negative,-12.359550561797752
CME,2016-05-05,Q1_2016,10-Q,-115,medium,negative,-0.9090909090909097
CME,2015-11-07,Q3_2015,10-Q,-119,medium,negative,10.416666666666677
CME,2014-03-04,FY2013,10-K,35,medium,negative,-19.444444444444446
CME,2016-08-05,Q2_2016,10-Q,-95,medium,negative,-12.037037037037047
CME,2016-11-05,Q3_2016,10-Q,-95,medium,negative,34.951456310679596
CME,2017-05-05,Q1_2017,10-Q,-44,medium,negative,0.0
CME,2015-02-27,FY2014,10-K,-23,medium,negative,0.0
CME,2017-08-03,Q2_2017,10-Q,-87,medium,negative,2.521008403361347
CME,2017-11-03,Q3_2017,10-Q,-45,medium,negative,-19.469026548672556
CME,2018-05-04,Q1_2018,10-Q,-53,medium,negative,-2.222222222222224
CME,2016-02-27,FY2015,10-K,-25,medium,negative,-2.2727272727272747
CME,2018-08-02,Q2_2018,10-Q,-57,medium,negative,-2.35294117647059
CME,2018-11-03,Q3_2018,10-Q,-102,medium,negative,-14.184397163120565
CME,2019-05-09,Q1_2019,10-Q,-176,medium,negative,-12.933998960218984
CME,2017-02-28,FY2016,10-K,-21,medium,negative,1.8518518518518534
CME,2019-08-08,Q2_2019,10-Q,-112,medium,negative,-18.9705290714476
CME,2019-11-07,Q3_2019,10-Q,-93,medium,negative,0.9843133917680751
CME,2018-03-02,FY2017,10-K,-77,medium,negative,nan
CME,2020-05-07,Q1_2020,10-Q,-90,medium,negative,-4.1956914922192485
CME,2020-08-06,Q2_2020,10-Q,-74,medium,negative,-13.51404778966617
CME,2020-11-05,Q3_2020,10-Q,-50,medium,negative,-18.442030013332957
CME,2019-03-01,FY2018,10-K,-112,medium,negative,-34.73053892215568
CME,2021-08-06,Q2_2021,10-Q,-80,medium,negative,-11.648135589002065
CME,2021-05-06,Q1_2021,10-Q,-114,medium,negative,-8.937240684564292
CME,2021-11-04,Q3_2021,10-Q,-72,medium,negative,66.2896146334861
CME,2020-02-29,FY2019,10-K,-115,medium,negative,-14.668542655957895
CME,2022-05-05,Q1_2022,10-Q,-83,medium,negative,-1.1985908324268295
CME,2022-08-04,Q2_2022,10-Q,-80,medium,negative,-5.915923988337704
CME,2021-02-27,FY2020,10-K,-147,medium,negative,-13.503687088592752
CME,2023-05-04,Q1_2023,10-Q,-72,medium,negative,2.3235445212689805
CME,2022-11-03,Q3_2022,10-Q,-115,medium,negative,-2.539641614026042
CME,2023-08-03,Q2_2023,10-Q,-164,medium,negative,-2.7697004943297325
CME,2022-02-26,FY2021,10-K,-50,medium,negative,6.098207915901922
CME,2023-11-02,Q3_2023,10-Q,-91,medium,negative,-7.3211771110301225
CME,2024-05-02,Q1_2024,10-Q,-121,medium,negative,-4.130154534031746
CME,2023-02-28,FY2022,10-K,-19,medium,negative,-6.997013275512054
CME,2024-08-06,Q2_2024,10-Q,-119,medium,negative,-4.46978758344091
CME,2024-11-09,Q3_2024,10-Q,-98,medium,negative,-5.741119870903042
CME,2025-05-01,Q1_2025,10-Q,-88,medium,negative,-6.548723070338129
CME,2024-02-29,FY2023,10-K,58,medium,negative,-1.8658629013532733
CME,2025-07-26,Q2_2025,10-Q,-125,medium,negative,-3.5703010253805685
CME,2025-10-25,Q3_2025,10-Q,-102,medium,negative,-5.29798805765793
CMI,2006-05-10,Q1_2006,10-Q,126,medium,positive,3.1250000000000027
CME,2025-02-28,FY2024,10-K,179,medium,negative,-1.8705918429929451
CMI,2007-05-08,Q1_2007,10-Q,45,medium,negative,97.22222222222221
CMI,2006-08-05,Q2_2006,10-Q,100,medium,positive,41.02564102564103
CMI,2006-11-01,Q3_2006,10-Q,86,medium,positive,-16.000000000000004
CMI,2007-08-03,Q2_2007,10-Q,54,medium,positive,107.84313725490198
CMI,2007-11-06,Q3_2007,10-Q,80,medium,positive,-9.803921568627448
CMI,2008-05-02,Q1_2008,10-Q,44,medium,positive,19.753086419753075
CMI,2008-08-05,Q2_2008,10-Q,92,medium,negative,53.608247422680414
CMI,2008-11-01,Q3_2008,10-Q,-20,medium,negative,-3.305785123966945
CMI,2006-03-01,FY2005,10-K,153,medium,positive,2.4999999999999885
CMI,2009-05-01,Q1_2009,10-Q,-83,medium,negative,-82.25
CMI,2007-02-28,FY2006,10-K,89,medium,positive,0.0
CMI,2009-07-31,Q2_2009,10-Q,-115,medium,negative,27.27272727272728
CMI,2008-02-27,FY2007,10-K,129,medium,positive,-9.090909090909099
CMI,2010-04-30,Q1_2010,10-Q,8,medium,negative,188.46153846153845
CMI,2009-10-31,Q3_2009,10-Q,-124,medium,negative,139.99999999999997
CMI,2009-02-28,FY2008,10-K,46,medium,negative,-43.58974358974359
CMI,2010-07-31,Q2_2010,10-Q,13,medium,negative,119.2982456140351
CMI,2011-04-29,Q1_2011,10-Q,2,medium,negative,54.86725663716816
CMI,2010-10-30,Q3_2010,10-Q,-6,medium,negative,-3.35570469798658
CMI,2011-07-29,Q2_2011,10-Q,27,medium,negative,61.490683229813655
CMI,2011-10-28,Q3_2011,10-Q,74,medium,negative,9.302325581395356
CMI,2010-02-27,FY2009,10-K,-22,medium,negative,183.33333333333337
CMI,2012-05-03,Q1_2012,10-Q,19,medium,negative,15.533980582524265
CMI,2012-08-02,Q2_2012,10-Q,-16,medium,negative,15.533980582524265
CMI,2011-02-25,FY2010,10-K,-32,medium,negative,15.625
CMI,2012-11-01,Q3_2012,10-Q,-42,medium,negative,-1.0638297872340319
CMI,2013-05-02,Q1_2013,10-Q,-12,medium,negative,-34.64912280701754
CMI,2012-02-22,FY2011,10-K,92,medium,negative,49.473684210526315
CMI,2013-08-01,Q2_2013,10-Q,5,medium,negative,23.595505617977537
CMI,2013-10-31,Q3_2013,10-Q,113,medium,negative,-16.666666666666664
CMI,2014-05-01,Q1_2014,10-Q,-22,medium,negative,24.489795918367356
CMI,2015-04-30,Q1_2015,10-Q,140,medium,negative,0.0
CMI,2013-02-21,FY2012,10-K,1,medium,negative,30.666666666666664
CMI,2014-07-30,Q2_2014,10-Q,78,medium,negative,4.291845493562235
CMI,2014-10-30,Q3_2014,10-Q,57,medium,negative,3.5714285714285547
CMI,2015-07-30,Q2_2015,10-Q,71,medium,negative,5.645161290322586
CMI,2016-05-04,Q1_2016,10-Q,-63,medium,negative,10.650887573964507
CMI,2015-10-28,Q3_2015,10-Q,17,medium,negative,-30.065359477124183
CMI,2014-02-19,FY2013,10-K,-5,medium,negative,15.841584158415834
CMI,2016-08-03,Q2_2016,10-Q,-108,medium,negative,25.0
CMI,2015-02-18,FY2014,10-K,20,medium,negative,-0.4065040650406418
CMI,2016-11-02,Q3_2016,10-Q,-115,medium,negative,-21.818181818181827
CMI,2017-05-03,Q1_2017,10-Q,43,medium,negative,87.30158730158729
CMI,2017-11-01,Q3_2017,10-Q,54,medium,negative,-3.802281368821296
CMI,2017-08-02,Q2_2017,10-Q,96,medium,negative,-3.802281368821296
CMI,2016-02-13,FY2015,10-K,-118,medium,negative,-58.18181818181819
CMI,2018-05-02,Q1_2018,10-Q,59,medium,negative,-42.85714285714286
CMI,2018-08-01,Q2_2018,10-Q,18,medium,negative,-42.85714285714286
CMI,2018-10-31,Q3_2018,10-Q,37,medium,negative,23.34293948126801
CMI,2019-05-01,Q1_2019,10-Q,-64,medium,negative,17.824620857202174
CMI,2018-02-15,FY2017,10-K,-89,medium,negative,-171.42857142857142
CMI,2017-02-14,FY2016,10-K,28,medium,negative,30.057803468208093
CMI,2019-10-30,Q3_2019,10-Q,22,medium,negative,3.7347108884864983
CMI,2019-07-31,Q2_2019,10-Q,43,medium,negative,-3.2535798441181845
CMI,2020-04-29,Q1_2020,10-Q,-165,medium,negative,56.3001329238667
CMI,2020-10-28,Q3_2020,10-Q,-72,medium,negative,38.75582278899203
CMI,2019-02-12,FY2018,10-K,0,medium,negative,-11.1111111111111
CMI,2020-07-29,Q2_2020,10-Q,-111,medium,negative,100.81188460874073
CMI,2021-05-05,Q1_2021,10-Q,54,medium,negative,19.540622465098398
CMI,2021-08-04,Q2_2021,10-Q,62,medium,negative,0.7578959785311842
CMI,2020-02-12,FY2019,10-K,-138,medium,negative,-18.547246731553223
CMI,2021-11-03,Q3_2021,10-Q,96,medium,negative,-5.188428363305608
CMI,2021-02-11,FY2020,10-K,-15,medium,negative,19.540622465098398
CMI,2022-05-04,Q1_2022,10-Q,-58,medium,negative,-17.631627198488033
CMI,2022-08-04,Q2_2022,10-Q,-20,medium,negative,13.43700342607306
CMI,2023-05-03,Q1_2023,10-Q,-9,medium,negative,17.637084295979136
CMI,2022-11-05,Q3_2022,10-Q,-11,medium,negative,-41.577409931840315
CMI,2023-08-04,Q2_2023,10-Q,40,medium,negative,-3.858601704272866
CMI,2022-02-09,FY2021,10-K,-100,medium,negative,-12.70408582833069
CMI,2024-05-03,Q1_2024,10-Q,-9,medium,negative,175.4810118380258
CMI,2023-11-03,Q3_2023,10-Q,26,medium,negative,-2.34375000000001
CMI,2023-02-15,FY2022,10-K,16,medium,negative,-1.9401680077031203
CMI,2024-11-06,Q3_2024,10-Q,3,medium,negative,21.609815115726477
CMI,2024-08-02,Q2_2024,10-Q,-4,medium,negative,8.840046515670073
CMI,2024-02-13,FY2023,10-K,5,medium,negative,nan
CMI,2025-05-06,Q1_2025,10-Q,-130,medium,negative,21.503710348201913
CMS,2006-05-04,Q1_2006,10-Q,-112,medium,negative,-122.91666666666667
CMS,2006-08-05,Q2_2006,10-Q,-96,medium,negative,158.33333333333334
CMS,2006-02-25,FY2005,10-K,-135,medium,negative,-110.23076923076924
CMI,2025-08-06,Q2_2025,10-Q,-72,medium,negative,22.705718430513585
CMI,2025-11-07,Q3_2025,10-Q,-19,medium,negative,-21.362772932453687
CMS,2006-11-03,Q3_2006,10-Q,-107,medium,negative,nan
CMS,2007-05-04,Q1_2007,10-Q,-138,medium,negative,nan
CMI,2025-02-12,FY2024,10-K,-50,medium,negative,-35.77201190982561
CMS,2007-02-24,FY2006,10-K,-134,medium,negative,nan
CMS,2009-05-01,Q1_2009,10-Q,48,medium,negative,0.0
CMS,2008-05-06,Q1_2008,10-Q,-39,medium,negative,-14.000000000000002
CMS,2007-08-03,Q2_2007,10-Q,-135,medium,negative,36.36363636363636
CMS,2008-08-06,Q2_2008,10-Q,0,medium,negative,124.99999999999997
CMS,2007-11-02,Q3_2007,10-Q,-110,medium,negative,126.66666666666669
CMS,2008-11-06,Q3_2008,10-Q,-84,medium,negative,78.94736842105264
CMS,2009-07-31,Q2_2009,10-Q,26,medium,negative,6.666666666666673
CMS,2009-10-31,Q3_2009,10-Q,-58,medium,negative,-13.888888888888888
CMS,2010-04-24,Q1_2010,10-Q,-187,medium,negative,0.0
CMS,2010-07-29,Q2_2010,10-Q,-27,medium,negative,14.285714285714276
CMS,2011-04-29,Q1_2011,10-Q,-97,medium,negative,26.82926829268294
CMS,2010-10-29,Q3_2010,10-Q,-66,medium,negative,49.999999999999986
CMS,2008-02-22,FY2007,10-K,-96,medium,negative,nan
CMS,2011-07-29,Q2_2011,10-Q,-100,medium,negative,35.7142857142857
CMS,2011-10-28,Q3_2011,10-Q,-66,medium,negative,8.163265306122456
CMS,2009-02-26,FY2008,10-K,-133,medium,negative,55.55555555555558
CMS,2012-04-27,Q1_2012,10-Q,-78,medium,negative,-42.10526315789473
CMS,2010-03-02,FY2009,10-K,-82,medium,negative,-13.888888888888888
CMS,2012-07-27,Q2_2012,10-Q,-83,medium,negative,-42.10526315789473
CMS,2011-02-25,FY2010,10-K,-95,medium,negative,-52.38095238095237
CMS,2012-10-26,Q3_2012,10-Q,-81,medium,negative,1.8518518518518534
CMS,2013-04-26,Q1_2013,10-Q,-86,medium,negative,8.163265306122456
CMS,2012-02-24,FY2011,10-K,-65,medium,negative,14.285714285714276
CMS,2013-07-26,Q2_2013,10-Q,-65,medium,negative,-6.451612903225811
CMS,2013-02-22,FY2012,10-K,-61,medium,negative,8.69565217391304
CMS,2013-10-25,Q3_2013,10-Q,-32,medium,negative,0.0
CMS,2014-04-25,Q1_2014,10-Q,-25,medium,negative,8.695652173913052
CMS,2014-07-25,Q2_2014,10-Q,-26,medium,negative,25.0
CMS,2014-10-24,Q3_2014,10-Q,48,medium,negative,-12.820512820512816
CMS,2015-04-24,Q1_2015,10-Q,15,medium,negative,15.87301587301587
CMS,2014-02-07,FY2013,10-K,-123,medium,negative,0.0
CMS,2016-04-29,Q1_2016,10-Q,-42,medium,negative,0.0
CMS,2015-07-24,Q2_2015,10-Q,-29,medium,negative,-24.242424242424246
CMS,2015-10-30,Q3_2015,10-Q,-43,medium,negative,17.777777777777782
CMS,2016-07-29,Q2_2016,10-Q,-80,medium,negative,66.66666666666666
CMS,2016-10-28,Q3_2016,10-Q,-33,medium,negative,24.074074074074073
CMS,2017-05-02,Q1_2017,10-Q,-4,medium,negative,9.230769230769221
CMS,2015-02-06,FY2014,10-K,-100,medium,negative,-5.405405405405411
CMS,2017-07-29,Q2_2017,10-Q,-77,medium,negative,-26.666666666666668
CMS,2016-02-12,FY2015,10-K,-50,medium,negative,0.0
CMS,2017-10-27,Q3_2017,10-Q,-10,medium,negative,21.999999999999996
CMS,2018-04-27,Q1_2018,10-Q,-27,medium,negative,10.25641025641025
CMS,2018-07-27,Q2_2018,10-Q,154,medium,positive,44.117647058823515
CMS,2018-10-26,Q3_2018,10-Q,166,medium,neutral,3.5087719298245648
CMS,2019-07-26,Q2_2019,10-Q,73,medium,negative,-7.591498417854433
CMS,2019-04-26,Q1_2019,10-Q,-46,medium,negative,-1.9992159937279472
CMS,2017-02-08,FY2016,10-K,100,medium,negative,-3.4482758620689493
CMS,2019-10-25,Q3_2019,10-Q,39,medium,negative,9.165408024405192
CMS,2020-04-28,Q1_2020,10-Q,91,medium,negative,7.6221828310964845
CMS,2018-02-15,FY2017,10-K,167,medium,negative,-102.09803921568627
CMS,2021-04-30,Q1_2021,10-Q,128,medium,negative,6.897069606777792
CMS,2020-08-04,Q2_2020,10-Q,134,medium,negative,10.177661479135104
CMS,2020-10-30,Q3_2020,10-Q,110,medium,negative,6.295192939761394
CMS,2021-07-30,Q2_2021,10-Q,118,medium,negative,35.42915501087874
CMS,2021-10-29,Q3_2021,10-Q,167,medium,negative,20.486464098798905
CMS,2020-02-07,FY2019,10-K,-148,medium,negative,-15.499934439604305
CMS,2022-05-04,Q1_2022,10-Q,138,medium,negative,8.008569860297111
CMS,2022-07-29,Q2_2022,10-Q,166,medium,negative,15.233404130326731
CMS,2021-02-12,FY2020,10-K,-2,medium,negative,-0.18329975862506223
CMS,2022-10-28,Q3_2022,10-Q,184,medium,negative,6.200626024742879
CMS,2023-07-28,Q2_2023,10-Q,118,medium,negative,-3.737015272769066
CMS,2023-04-28,Q1_2023,10-Q,145,medium,negative,-1.255062466906143
CMS,2019-02-06,FY2018,10-K,0,medium,negative,-5.000000000000004
CMS,2023-10-27,Q3_2023,10-Q,122,medium,negative,2.2460038853481423
CMS,2024-04-26,Q1_2024,10-Q,183,medium,negative,4.390944085600571
CMS,2022-02-11,FY2021,10-K,-59,medium,negative,nan
CMS,2024-11-01,Q3_2024,10-Q,136,medium,negative,8.193047308697942
CMS,2024-07-26,Q2_2024,10-Q,127,medium,negative,4.680001288369242
CMS,2025-04-25,Q1_2025,10-Q,66,medium,negative,0.3118606360367797
CNP,2006-05-05,Q1_2006,10-Q,-61,medium,negative,0.0
CMS,2023-02-10,FY2022,10-K,-137,medium,negative,1.3011964020609479
CNP,2006-08-04,Q2_2006,10-Q,-71,medium,negative,nan
CMS,2024-02-09,FY2023,10-K,-57,medium,negative,-0.345914661607295
CMS,2025-08-01,Q2_2025,10-Q,36,medium,negative,-2.9754204398447497
CNP,2006-11-03,Q3_2006,10-Q,-47,medium,negative,62.5
CNP,2006-03-17,FY2005,10-K,-73,medium,negative,22.727272838842993
CMS,2025-10-31,Q3_2025,10-Q,67,medium,negative,7.00287279451959
CNP,2007-05-05,Q1_2007,10-Q,-52,medium,negative,26.66666666666667
CNP,2007-11-03,Q3_2007,10-Q,-123,medium,negative,17.39130434782609
CNP,2008-05-01,Q1_2008,10-Q,-17,medium,negative,-14.285714285714285
CNP,2007-08-03,Q2_2007,10-Q,-150,medium,negative,0.0
CNP,2008-08-07,Q2_2008,10-Q,-5,medium,negative,130.76923076923075
CMS,2025-02-12,FY2024,10-K,-23,medium,negative,1.1691939804329596
CNP,2008-11-06,Q3_2008,10-Q,-99,medium,negative,143.75
CNP,2009-04-30,Q1_2009,10-Q,-73,medium,negative,-55.81395348837209
CNP,2009-08-06,Q2_2009,10-Q,10,medium,negative,9.090909090909086
CNP,2010-05-06,Q1_2010,10-Q,-85,medium,negative,11.538461538461526
CNP,2009-10-29,Q3_2009,10-Q,-141,medium,negative,0.0
CNP,2007-03-01,FY2006,10-K,-53,medium,negative,17.393162293829725
CNP,2008-02-29,FY2007,10-K,-59,medium,negative,19.163762891816084
CNP,2010-08-05,Q2_2010,10-Q,-40,medium,negative,-16.66666666666666
CNP,2010-10-29,Q3_2010,10-Q,-19,medium,negative,-6.451612903225811
CNP,2011-05-06,Q1_2011,10-Q,-45,medium,negative,9.374999999999991
CNP,2011-08-05,Q2_2011,10-Q,-30,medium,negative,27.27272727272728
CNP,2009-02-26,FY2008,10-K,-43,medium,negative,-13.6680709993784
CNP,2012-05-04,Q1_2012,10-Q,-48,medium,negative,3.030303030303033
CNP,2011-11-03,Q3_2011,10-Q,-51,medium,negative,nan
CNP,2010-02-27,FY2009,10-K,-68,medium,negative,-19.007822687297303
CNP,2012-08-03,Q2_2012,10-Q,-63,medium,negative,26.08695652173912
CNP,2012-11-08,Q3_2012,10-Q,-86,medium,negative,-92.3076923076923
CNP,2013-05-03,Q1_2013,10-Q,-58,medium,negative,-20.93023255813953
CNP,2011-03-02,FY2010,10-K,8,medium,negative,-6.451612903225811
CNP,2013-11-07,Q3_2013,10-Q,192,medium,negative,-5.405405405405411
CNP,2013-08-02,Q2_2013,10-Q,-93,medium,negative,-200.0
CNP,2014-05-02,Q1_2014,10-Q,89,medium,negative,22.85714285714286
CNP,2012-03-01,FY2011,10-K,1,medium,negative,128.87323943661974
CNP,2014-08-07,Q2_2014,10-Q,48,medium,negative,0.0
CNP,2014-11-06,Q3_2014,10-Q,78,medium,negative,10.000000000000009
CNP,2015-05-12,Q1_2015,10-Q,89,medium,negative,-16.666666666666664
CNP,2013-02-28,FY2012,10-K,-53,medium,negative,123.63150867823762
CNP,2015-08-11,Q2_2015,10-Q,47,medium,negative,-5.263157894736847
CNP,2015-11-06,Q3_2015,10-Q,0,medium,negative,nan
CNP,2016-05-11,Q1_2016,10-Q,16,medium,negative,20.0
CNP,2016-08-06,Q2_2016,10-Q,61,medium,negative,-104.34782608695652
CNP,2014-02-27,FY2013,10-K,84,medium,negative,-12.19891219891219
CNP,2016-11-05,Q3_2016,10-Q,111,medium,negative,32.258064516129025
CNP,2017-05-06,Q1_2017,10-Q,121,medium,negative,41.935483870967744
CNP,2017-08-04,Q2_2017,10-Q,56,medium,negative,106.66666666666667
CNP,2015-02-27,FY2014,10-K,91,medium,negative,156.24999999999997
CNP,2017-11-04,Q3_2017,10-Q,137,medium,negative,-2.500000000000002
CNP,2018-05-05,Q1_2018,10-Q,115,medium,negative,15.151515151515147
CNP,2016-02-27,FY2015,10-K,85,medium,negative,nan
CNP,2017-03-01,FY2016,10-K,171,medium,negative,-23.33333333333333
CNP,2018-08-04,Q2_2018,10-Q,122,medium,negative,-150.0
CNP,2018-02-23,FY2017,10-K,113,medium,negative,nan
CNP,2018-11-09,Q3_2018,10-Q,149,medium,negative,-22.22222222222223
CNP,2019-05-10,Q1_2019,10-Q,185,medium,negative,-47.83613093131135
CNP,2019-11-08,Q3_2019,10-Q,208,medium,positive,10.655930687008516
CNP,2019-08-08,Q2_2019,10-Q,180,medium,positive,8.335248350349636
CNP,2020-05-08,Q1_2020,10-Q,98,medium,negative,nan
CNP,2020-11-06,Q3_2020,10-Q,64,medium,negative,-57.176269064795605
CNP,2020-08-07,Q2_2020,10-Q,116,medium,negative,-45.70046401421661
CNP,2021-05-07,Q1_2021,10-Q,41,medium,negative,3.832532957558467
CNP,2021-08-06,Q2_2021,10-Q,131,medium,negative,50.59627986487036
CNP,2021-11-05,Q3_2021,10-Q,90,medium,negative,14.306126093945359
CNP,2020-02-28,FY2019,10-K,231,medium,negative,-33.26570925204207
CNP,2021-02-26,FY2020,10-K,110,medium,negative,39.05340680846681
CNP,2022-05-04,Q1_2022,10-Q,-2,medium,negative,71.84651172538089
CNP,2022-08-03,Q2_2022,10-Q,32,medium,negative,3.313408604531047
CNP,2022-11-02,Q3_2022,10-Q,60,medium,negative,-0.7148530579825243
CNP,2022-02-23,FY2021,10-K,-2,medium,negative,nan
CNP,2023-04-28,Q1_2023,10-Q,70,medium,negative,5.758439091772421
CNP,2019-03-01,FY2018,10-K,111,medium,negative,-43.75000000000001
CNP,2023-07-28,Q2_2023,10-Q,31,medium,negative,-36.50319351585553
CNP,2023-10-27,Q3_2023,10-Q,15,medium,negative,13.70419852753064
CNP,2024-05-01,Q1_2024,10-Q,46,medium,negative,4.1824518866495115
CNP,2023-02-18,FY2022,10-K,-47,medium,negative,-32.16646095043074
CNP,2024-07-31,Q2_2024,10-Q,77,medium,negative,11.448207541328715
CNP,2024-02-21,FY2023,10-K,75,medium,negative,-4.917142005596504
CNP,2024-10-29,Q3_2024,10-Q,-100,medium,negative,-5.0783103939250145
CNP,2025-04-25,Q1_2025,10-Q,-31,medium,negative,-15.709816996647113
CNP,2025-07-25,Q2_2025,10-Q,58,medium,negative,-1.2865651015103234
CNP,2025-10-24,Q3_2025,10-Q,-10,medium,negative,-0.16417446865154256
CPT,2006-03-11,FY2005,10-K,67,medium,negative,-116.63999999999999
CPT,2006-05-10,Q1_2006,10-Q,-29,medium,negative,nan
CPT,2006-11-04,Q3_2006,10-Q,32,medium,negative,63.99999999999999
CPT,2007-04-28,Q1_2007,10-Q,126,medium,negative,-15.384615384615389
CPT,2007-11-03,Q3_2007,10-Q,18,medium,negative,0.0
CPT,2007-08-04,Q2_2007,10-Q,59,medium,neutral,nan
CPT,2006-08-08,Q2_2006,10-Q,9,medium,negative,125.92592592592591
CNP,2025-02-21,FY2024,10-K,-116,medium,negative,-5.5172928218006385
CPT,2008-05-03,Q1_2008,10-Q,4,medium,negative,28.571428571428587
CPT,2007-03-01,FY2006,10-K,87,medium,negative,nan
CPT,2008-08-02,Q2_2008,10-Q,-24,medium,negative,82.35294117647058
CPT,2008-11-01,Q3_2008,10-Q,42,medium,negative,60.493827160493815
CPT,2009-05-02,Q1_2009,10-Q,46,medium,negative,120.0
CPT,2009-10-31,Q3_2009,10-Q,-40,medium,negative,49.999999999999986
CPT,2009-08-01,Q2_2009,10-Q,1,medium,negative,114.28571428571426
CPT,2010-05-08,Q1_2010,10-Q,73,medium,negative,-50.0
CPT,2008-02-23,FY2007,10-K,34,medium,negative,41.57303370786517
CPT,2010-07-31,Q2_2010,10-Q,23,medium,negative,-50.0
CPT,2010-11-06,Q3_2010,10-Q,73,medium,negative,-60.0
CPT,2011-04-30,Q1_2011,10-Q,116,medium,negative,100.0
CPT,2009-02-21,FY2008,10-K,-34,medium,negative,-45.6140350877193
CPT,2011-07-30,Q2_2011,10-Q,153,medium,negative,7.9999999999999964
CPT,2011-11-05,Q3_2011,10-Q,36,medium,negative,-20.000000000000004
CPT,2010-02-26,FY2009,10-K,16,medium,negative,-199.15254237288133
CPT,2012-04-28,Q1_2012,10-Q,149,medium,negative,nan
CPT,2012-08-04,Q2_2012,10-Q,32,medium,negative,-23.529411764705884
CPT,2011-02-25,FY2010,10-K,-16,medium,negative,nan
CPT,2012-11-03,Q3_2012,10-Q,71,medium,negative,28.57142857142855
CPT,2013-05-04,Q1_2013,10-Q,11,medium,negative,180.76923076923075
CPT,2013-07-27,Q2_2013,10-Q,193,medium,negative,115.7894736842105
CPT,2013-11-02,Q3_2013,10-Q,93,medium,negative,128.5714285714286
CPT,2012-02-18,FY2011,10-K,-65,medium,negative,nan
CPT,2014-05-08,Q1_2014,10-Q,37,medium,negative,-4.255319148936162
CPT,2014-08-02,Q2_2014,10-Q,81,medium,negative,-21.56862745098039
CPT,2014-11-01,Q3_2014,10-Q,181,medium,negative,-4.444444444444448
CPT,2015-05-02,Q1_2015,10-Q,144,medium,positive,nan
CPT,2015-08-01,Q2_2015,10-Q,182,medium,positive,-9.090909090909086
CPT,2015-10-31,Q3_2015,10-Q,130,medium,negative,-16.326530612244902
CPT,2016-04-30,Q1_2016,10-Q,126,medium,negative,-11.538461538461538
CPT,2016-07-30,Q2_2016,10-Q,96,medium,negative,57.18849840255591
CPT,2016-10-29,Q3_2016,10-Q,63,medium,negative,71.80851063829789
CPT,2017-05-06,Q1_2017,10-Q,120,medium,negative,-9.302325581395344
CPT,2013-02-16,FY2012,10-K,-121,medium,negative,128.5714285714286
CPT,2017-07-29,Q2_2017,10-Q,17,medium,negative,-12.244897959183673
CPT,2014-02-22,FY2013,10-K,34,medium,negative,nan
CPT,2017-10-28,Q3_2017,10-Q,51,medium,negative,-17.39130434782609
CPT,2018-05-05,Q1_2018,10-Q,108,medium,negative,-16.326530612244902
CPT,2015-02-21,FY2014,10-K,51,medium,negative,96.03960396039604
CPT,2018-08-04,Q2_2018,10-Q,134,medium,negative,-23.076923076923077
CPT,2019-05-04,Q1_2019,10-Q,82,medium,negative,-4.292482174474794
CPT,2018-10-27,Q3_2018,10-Q,41,medium,negative,-9.090909090909086
CPT,2016-02-20,FY2015,10-K,52,medium,negative,81.0810810810811
CPT,2019-07-27,Q2_2019,10-Q,55,medium,negative,-8.642814651143025
CPT,2019-11-02,Q3_2019,10-Q,58,medium,negative,-3.7304452466907363
CPT,2020-05-09,Q1_2020,10-Q,133,medium,negative,-9.433340880554923
CPT,2017-02-14,FY2016,10-K,139,medium,negative,36.36363636363636
CPT,2020-10-31,Q3_2020,10-Q,23,medium,negative,20.747947284896146
CPT,2020-08-01,Q2_2020,10-Q,53,medium,negative,-37.02070907272255
CPT,2021-07-31,Q2_2021,10-Q,116,medium,neutral,-12.884397595609379
CPT,2021-05-01,Q1_2021,10-Q,67,medium,negative,2.3473868401069713
CPT,2021-10-30,Q3_2021,10-Q,104,medium,negative,-39.18678046427748
CPT,2018-02-17,FY2017,10-K,22,medium,negative,nan
CPT,2022-07-30,Q2_2022,10-Q,108,medium,negative,nan
CPT,2022-04-30,Q1_2022,10-Q,114,medium,positive,72.32778558795519
CPT,2022-10-29,Q3_2022,10-Q,98,medium,negative,-19.01133841262223
CPT,2021-02-19,FY2020,10-K,13,medium,negative,-17.3176712094429
CPT,2020-02-21,FY2019,10-K,-10,medium,negative,139.14923930188775
CPT,2023-04-29,Q1_2023,10-Q,54,medium,negative,19.22959339651483
CPT,2023-08-05,Q2_2023,10-Q,93,medium,negative,131.04852018923972
CPT,2019-02-16,FY2018,10-K,17,medium,negative,-12.76595744680851
CPT,2023-10-28,Q3_2023,10-Q,89,medium,negative,-0.11350737797956878
CPT,2024-05-04,Q1_2024,10-Q,191,medium,positive,117.68630555241435
CPT,2022-02-18,FY2021,10-K,86,medium,negative,nan
CPT,2024-08-03,Q2_2024,10-Q,140,medium,positive,7.927257028762619
CPT,2024-11-02,Q3_2024,10-Q,187,medium,negative,-110.70628267906051
CPT,2025-05-03,Q1_2025,10-Q,139,medium,negative,0.3456349648790175
CPT,2025-08-02,Q2_2025,10-Q,118,medium,positive,121.41104661600141
CPT,2025-11-08,Q3_2025,10-Q,86,medium,negative,124.75445575708537
CRL,2006-05-11,Q1_2006,10-Q,-127,medium,negative,25.454545454545435
CPT,2023-02-24,FY2022,10-K,26,medium,negative,34.10818059901653
CRL,2006-08-11,Q2_2006,10-Q,-100,medium,negative,-26.53061224489796
CPT,2024-02-23,FY2023,10-K,-1,medium,negative,nan
CRL,2007-05-10,Q1_2007,10-Q,75,medium,negative,-6.896551724137918
CRL,2006-11-10,Q3_2006,10-Q,-33,medium,negative,-146.15384615384613
CPT,2025-02-21,FY2024,10-K,7,medium,negative,2.263619026560895
CRL,2007-08-09,Q2_2007,10-Q,138,medium,negative,-8.333333333333323
CRL,2008-05-08,Q1_2008,10-Q,65,medium,positive,-4.545454545454549
CRL,2007-11-09,Q3_2007,10-Q,-2,medium,negative,12.727272727272718
CRL,2006-03-15,FY2005,10-K,-67,medium,negative,25.454545454545435
CRL,2008-08-07,Q2_2008,10-Q,47,medium,negative,4.477611940298495
CRL,2009-05-07,Q1_2009,10-Q,-5,medium,negative,-20.83333333333333
CRL,2008-11-07,Q3_2008,10-Q,89,medium,negative,-13.513513513513512
CRL,2009-08-06,Q2_2009,10-Q,142,medium,negative,4.0000000000000036
CRL,2010-04-30,Q1_2010,10-Q,78,medium,negative,-46.93877551020408
CRL,2009-11-05,Q3_2009,10-Q,57,medium,negative,3.636363636363619
CRL,2010-08-04,Q2_2010,10-Q,100,medium,negative,-56.86274509803923
CRL,2007-02-28,FY2006,10-K,-97,medium,negative,-10.344827586206886
CRL,2008-02-21,FY2007,10-K,-1,medium,negative,-14.754098360655732
CRL,2010-11-05,Q3_2010,10-Q,-14,medium,negative,-171.69811320754718
CRL,2009-02-24,FY2008,10-K,-80,medium,negative,nan
CRL,2011-05-05,Q1_2011,10-Q,60,medium,negative,16.32653061224489
CRL,2011-11-03,Q3_2011,10-Q,50,medium,negative,-37.28813559322033
CRL,2011-08-04,Q2_2011,10-Q,88,medium,negative,26.0
CRL,2010-02-20,FY2009,10-K,70,medium,negative,-30.769230769230766
CRL,2012-05-05,Q1_2012,10-Q,127,medium,negative,-9.999999999999991
CRL,2012-11-02,Q3_2012,10-Q,40,medium,negative,-22.033898305084737
CRL,2013-05-09,Q1_2013,10-Q,97,medium,negative,-27.397260273972595
CRL,2012-08-08,Q2_2012,10-Q,48,medium,negative,10.526315789473696
CRL,2013-08-01,Q2_2013,10-Q,86,medium,negative,-18.840579710144915
CRL,2011-02-24,FY2010,10-K,-11,medium,negative,nan
CRL,2013-10-31,Q3_2013,10-Q,146,medium,negative,4.9180327868852505
CRL,2012-02-28,FY2011,10-K,-23,medium,negative,30.2325581395349
CRL,2014-05-01,Q1_2014,10-Q,-59,medium,negative,1.5151515151515165
CRL,2014-08-08,Q2_2014,10-Q,64,medium,negative,10.447761194029843
CRL,2015-05-01,Q1_2015,10-Q,-13,medium,negative,-22.352941176470583
CRL,2014-10-31,Q3_2014,10-Q,42,medium,negative,-8.1081081081081
CRL,2013-02-28,FY2012,10-K,40,medium,negative,-32.14285714285715
CRL,2016-05-05,Q1_2016,10-Q,77,medium,negative,-4.878048780487796
CRL,2015-07-31,Q2_2015,10-Q,92,medium,positive,4.081632653061228
CRL,2015-11-05,Q3_2015,10-Q,91,medium,negative,-7.058823529411757
CRL,2014-02-26,FY2013,10-K,65,medium,negative,-36.507936507936506
CRL,2016-08-04,Q2_2016,10-Q,145,medium,positive,-27.0
CRL,2017-05-11,Q1_2017,10-Q,81,medium,negative,-7.920792079207917
CRL,2015-02-18,FY2014,10-K,149,medium,negative,-9.52380952380953
CRL,2016-11-03,Q3_2016,10-Q,135,medium,negative,-26.851851851851855
CRL,2017-08-10,Q2_2017,10-Q,100,medium,positive,-2.608695652173896
CRL,2017-11-10,Q3_2017,10-Q,133,medium,neutral,-5.263157894736828
CRL,2018-05-11,Q1_2018,10-Q,93,medium,negative,-5.263157894736828
CRL,2018-11-08,Q3_2018,10-Q,172,medium,positive,-0.8130081300813016
CRL,2016-02-13,FY2015,10-K,3,medium,negative,-23.86363636363636
CRL,2018-08-09,Q2_2018,10-Q,186,medium,positive,-15.38461538461538
CRL,2019-05-08,Q1_2019,10-Q,142,medium,negative,-19.650806749332226
CRL,2019-08-01,Q2_2019,10-Q,-4,medium,negative,-43.3460590102299
CRL,2017-02-15,FY2016,10-K,72,medium,negative,-7.920792079207917
CRL,2019-11-07,Q3_2019,10-Q,51,medium,negative,-10.64926163242575
CRL,2020-05-08,Q1_2020,10-Q,-90,medium,negative,-31.679348408530707
CRL,2018-02-14,FY2017,10-K,74,medium,negative,-157.27272727272725
CRL,2020-08-06,Q2_2020,10-Q,-64,medium,negative,6.047056402788886
CRL,2019-02-14,FY2018,10-K,116,medium,negative,-7.633587786259549
CRL,2021-05-05,Q1_2021,10-Q,-128,medium,negative,-45.19847286411048
CRL,2020-10-30,Q3_2020,10-Q,-47,medium,negative,12.851131012936179
CRL,2021-08-05,Q2_2021,10-Q,-142,medium,negative,-27.741415091961652
CRL,2022-05-05,Q1_2022,10-Q,-51,medium,negative,-33.40201633674295
CRL,2021-11-04,Q3_2021,10-Q,-131,medium,negative,-22.220846361019106
CRL,2020-02-12,FY2019,10-K,42,medium,negative,-12.29599285294053
CRL,2021-02-18,FY2020,10-K,65,medium,negative,33.26440891780764
CRL,2022-11-03,Q3_2022,10-Q,2,medium,negative,-24.873623848628352
CRL,2022-08-04,Q2_2022,10-Q,-30,medium,negative,-22.21195598584477
CRL,2023-05-12,Q1_2023,10-Q,0,medium,negative,32.96128458814787
CRL,2023-08-10,Q2_2023,10-Q,0,medium,negative,-28.365133149887438
CRL,2023-11-09,Q3_2023,10-Q,13,medium,negative,-28.300814146376656
CRL,2022-02-17,FY2021,10-K,13,medium,negative,9.787538497596588
CRL,2024-05-10,Q1_2024,10-Q,-165,medium,negative,-37.04204138759341
CRL,2024-08-08,Q2_2024,10-Q,-136,medium,negative,-27.321635179670107
CRL,2024-11-07,Q3_2024,10-Q,-84,medium,negative,-45.10279810625291
CRL,2023-02-23,FY2022,10-K,27,medium,negative,32.96128458814787
CRL,2025-05-08,Q1_2025,10-Q,-84,medium,negative,-75.91162456821586
CTSH,2006-05-10,Q1_2006,10-Q,-8,medium,negative,31.5
CRL,2024-02-15,FY2023,10-K,25,medium,negative,50.71213565757537
CRL,2025-08-07,Q2_2025,10-Q,-42,medium,negative,-57.63829498133687
CRL,2025-11-06,Q3_2025,10-Q,22,medium,negative,-52.945001261929505
CTSH,2006-08-10,Q2_2006,10-Q,-13,medium,negative,30.7142857142857
CTSH,2006-11-09,Q3_2006,10-Q,53,medium,negative,0.0
CRL,2025-02-20,FY2024,10-K,57,medium,negative,nan
CTSH,2006-03-16,FY2005,10-K,141,medium,negative,66.66666666666669
CTSH,2007-05-11,Q1_2007,10-Q,-8,medium,negative,9.090909090909086
CTSH,2007-08-09,Q2_2007,10-Q,61,medium,negative,16.666666666666682
CTSH,2007-11-10,Q3_2007,10-Q,47,medium,negative,33.33333333333334
CTSH,2008-05-13,Q1_2008,10-Q,-43,medium,negative,13.333333333333346
CTSH,2008-08-09,Q2_2008,10-Q,82,medium,negative,6.250000000000005
CTSH,2007-02-17,FY2006,10-K,119,medium,negative,19.99999999999999
CTSH,2008-11-08,Q3_2008,10-Q,50,medium,negative,0.0
CTSH,2009-05-09,Q1_2009,10-Q,40,medium,negative,0.0
CTSH,2008-02-29,FY2007,10-K,102,medium,negative,6.250000000000005
CTSH,2009-08-08,Q2_2009,10-Q,67,medium,negative,71.4285714285714
CTSH,2009-11-07,Q3_2009,10-Q,54,medium,negative,21.052631578947373
CTSH,2010-05-08,Q1_2010,10-Q,39,medium,negative,8.69565217391304
CTSH,2009-03-03,FY2008,10-K,217,medium,negative,0.0
CTSH,2010-11-04,Q3_2010,10-Q,25,medium,negative,22.22222222222222
CTSH,2010-08-07,Q2_2010,10-Q,66,medium,negative,16.666666666666682
CTSH,2011-05-06,Q1_2011,10-Q,-29,medium,negative,10.000000000000009
CTSH,2010-02-26,FY2009,10-K,125,medium,negative,9.090909090909086
CTSH,2011-08-05,Q2_2011,10-Q,-11,medium,negative,3.1250000000000027
CTSH,2011-11-05,Q3_2011,10-Q,-8,medium,negative,5.71428571428572
CTSH,2011-02-24,FY2010,10-K,85,medium,negative,3.030303030303033
CTSH,2012-05-10,Q1_2012,10-Q,-66,medium,negative,0.0
CTSH,2012-08-07,Q2_2012,10-Q,-34,medium,negative,5.128205128205118
CTSH,2012-11-09,Q3_2012,10-Q,-20,medium,negative,15.0
CTSH,2013-05-10,Q1_2013,10-Q,-19,medium,negative,4.444444444444437
CTSH,2012-02-28,FY2011,10-K,74,medium,negative,8.108108108108116
CTSH,2013-08-08,Q2_2013,10-Q,6,medium,negative,2.0833333333333353
CTSH,2014-05-09,Q1_2014,10-Q,-53,medium,negative,7.547169811320741
CTSH,2013-11-07,Q3_2013,10-Q,56,medium,negative,12.765957446808523
CTSH,2013-02-27,FY2012,10-K,36,medium,negative,0.0
CTSH,2014-02-26,FY2013,10-K,94,medium,negative,0.0
CTSH,2014-08-08,Q2_2014,10-Q,-11,medium,negative,10.909090909090898
CTSH,2015-05-05,Q1_2015,10-Q,75,medium,negative,-10.144927536231878
CTSH,2014-11-07,Q3_2014,10-Q,-21,medium,negative,11.538461538461526
CTSH,2015-08-07,Q2_2015,10-Q,-15,medium,negative,1.492537313432837
CTSH,2015-11-06,Q3_2015,10-Q,-40,medium,negative,-14.473684210526313
CTSH,2016-05-07,Q1_2016,10-Q,-11,medium,negative,-7.692307692307699
CTSH,2015-02-28,FY2014,10-K,53,medium,negative,-6.349206349206354
CTSH,2016-08-06,Q2_2016,10-Q,-31,medium,negative,-46.753246753246756
CTSH,2016-02-26,FY2015,10-K,65,medium,negative,-9.210526315789481
CTSH,2016-11-08,Q3_2016,10-Q,-119,medium,negative,-10.975609756097558
CTSH,2017-05-06,Q1_2017,10-Q,-214,medium,negative,12.195121951219525
CTSH,2017-08-04,Q2_2017,10-Q,-131,medium,negative,-10.112359550561795
CTSH,2018-05-08,Q1_2018,10-Q,61,medium,negative,-16.981132075471702
CTSH,2017-11-02,Q3_2017,10-Q,-110,medium,negative,-10.638297872340424
CTSH,2017-03-02,FY2016,10-K,-74,medium,negative,-19.999999999999993
CTSH,2019-05-04,Q1_2019,10-Q,-84,medium,negative,-25.56287037305569
CTSH,2018-08-03,Q2_2018,10-Q,-57,medium,negative,-22.77227722772277
CTSH,2019-08-02,Q2_2019,10-Q,7,medium,negative,-1.9725305246647962
CTSH,2018-02-28,FY2017,10-K,-9,medium,negative,-103.36263736263736
CTSH,2018-10-31,Q3_2018,10-Q,-2,medium,negative,-23.36448598130842
CTSH,2019-11-01,Q3_2019,10-Q,51,medium,negative,-14.30693352122331
CTSH,2020-05-09,Q1_2020,10-Q,-166,medium,negative,-27.621557972971512
CTSH,2021-05-07,Q1_2021,10-Q,-74,medium,negative,1.043406120039565
CTSH,2020-07-31,Q2_2020,10-Q,-83,medium,negative,-2.9379382279654584
CTSH,2021-07-30,Q2_2021,10-Q,-47,medium,negative,0.7718919143542742
CTSH,2019-02-20,FY2018,10-K,130,medium,negative,10.8910891089109
CTSH,2020-10-30,Q3_2020,10-Q,-130,medium,negative,-29.291924916862772
CTSH,2020-02-15,FY2019,10-K,7,medium,negative,-30.80515885982279
CTSH,2021-10-29,Q3_2021,10-Q,-54,medium,negative,-1.6593786400351307
CTSH,2022-05-06,Q1_2022,10-Q,-57,medium,negative,2.2026095096185148
CTSH,2021-02-13,FY2020,10-K,20,medium,negative,-34.421127512004276
CTSH,2022-11-04,Q3_2022,10-Q,-59,medium,negative,5.2767830176468085
CTSH,2022-07-29,Q2_2022,10-Q,-20,medium,negative,0.46430801813788763
CTSH,2022-02-17,FY2021,10-K,2,medium,negative,5.7926272156342264
CTSH,2023-05-05,Q1_2023,10-Q,-48,medium,negative,9.031437397783007
CTSH,2023-08-04,Q2_2023,10-Q,-84,medium,negative,-7.860231058189806
CTSH,2023-02-16,FY2022,10-K,18,medium,negative,-0.39354315791529326
CTSH,2023-11-03,Q3_2023,10-Q,-74,medium,negative,-5.891721186126268
CTSH,2024-05-03,Q1_2024,10-Q,-75,medium,negative,-0.7784382526180885
CTSH,2025-05-02,Q1_2025,10-Q,-142,medium,negative,11.699245613303876
CTSH,2024-08-02,Q2_2024,10-Q,-54,medium,negative,1.9714479945615082
CTSH,2024-02-15,FY2023,10-K,58,medium,negative,7.05089257298267
CTSH,2024-11-01,Q3_2024,10-Q,-109,medium,negative,1.9021739130434658
CTSH,2025-08-01,Q2_2025,10-Q,-129,medium,negative,3.9319602678429795
CTSH,2025-10-30,Q3_2025,10-Q,-124,medium,negative,-57.00707847743639
D,2006-05-05,Q1_2006,10-Q,-71,medium,negative,16.666666666666664
D,2006-08-04,Q2_2006,10-Q,-71,medium,negative,-36.11111111111111
CTSH,2025-02-13,FY2024,10-K,49,medium,negative,-2.0742455265734776
D,2006-11-02,Q3_2006,10-Q,-36,medium,negative,50.000000000000014
D,2007-05-04,Q1_2007,10-Q,-29,medium,negative,-10.958904109589037
D,2008-05-02,Q1_2008,10-Q,-93,medium,negative,51.28205128205126
D,2007-11-02,Q3_2007,10-Q,-72,medium,negative,nan
D,2007-08-09,Q2_2007,10-Q,-86,medium,negative,nan
D,2006-03-03,FY2005,10-K,-112,medium,negative,60.8695652173913
D,2008-10-31,Q3_2008,10-Q,-89,medium,negative,1.1627906976744196
D,2008-08-01,Q2_2008,10-Q,-57,medium,negative,-1.9230769230769247
D,2007-03-01,FY2006,10-K,-60,medium,negative,-88.58974358974359
D,2009-08-01,Q2_2009,10-Q,28,medium,negative,26.66666666666667
D,2009-05-01,Q1_2009,10-Q,6,medium,negative,-46.83544303797469
D,2008-02-29,FY2007,10-K,-28,medium,negative,-10.344827586206886
D,2010-04-30,Q1_2010,10-Q,-76,medium,negative,-68.47826086956522
D,2009-11-03,Q3_2009,10-Q,45,medium,negative,23.456790123456784
D,2009-02-27,FY2008,10-K,-40,medium,negative,-6.250000000000005
D,2010-08-03,Q2_2010,10-Q,-15,medium,negative,nan
D,2011-04-30,Q1_2011,10-Q,-177,medium,negative,-7.8651685393258495
D,2011-07-30,Q2_2011,10-Q,-80,medium,negative,-4.9180327868852505
D,2010-10-30,Q3_2010,10-Q,-92,medium,negative,-11.711711711711722
D,2011-10-29,Q3_2011,10-Q,-113,medium,negative,-24.175824175824186
D,2012-04-27,Q1_2012,10-Q,-20,medium,negative,-3.3707865168539355
D,2010-02-27,FY2009,10-K,-4,medium,negative,-102.63157894736842
D,2012-08-02,Q2_2012,10-Q,-73,medium,negative,-26.22950819672131
D,2012-10-26,Q3_2012,10-Q,-118,medium,negative,-64.70588235294117
D,2013-04-26,Q1_2013,10-Q,-34,medium,negative,-7.526881720430113
D,2011-03-01,FY2010,10-K,-47,medium,negative,-26.086956521739125
D,2013-11-06,Q3_2013,10-Q,-105,medium,negative,22.499999999999993
D,2013-08-07,Q2_2013,10-Q,-162,medium,negative,-48.529411764705884
D,2012-02-29,FY2011,10-K,-101,medium,negative,-50.0
D,2014-05-01,Q1_2014,10-Q,-95,medium,negative,-27.77777777777778
D,2013-03-01,FY2012,10-K,-33,medium,negative,nan
D,2014-07-31,Q2_2014,10-Q,-58,medium,negative,-56.4516129032258
D,2014-11-04,Q3_2014,10-Q,-90,medium,negative,-7.2164948453608195
D,2015-05-06,Q1_2015,10-Q,-76,medium,negative,-2.1505376344086042
D,2015-08-07,Q2_2015,10-Q,-198,medium,negative,-1.4084507042253533
D,2015-11-04,Q3_2015,10-Q,-104,medium,negative,-8.256880733944962
D,2016-05-06,Q1_2016,10-Q,-159,medium,negative,-4.347826086956525
D,2014-03-01,FY2013,10-K,-44,medium,negative,-24.489795918367346
D,2016-08-04,Q2_2016,10-Q,-99,medium,negative,2.8169014084507067
D,2016-11-10,Q3_2016,10-Q,-180,medium,negative,10.000000000000009
D,2017-05-05,Q1_2017,10-Q,-37,medium,negative,6.315789473684216
D,2015-02-28,FY2014,10-K,-11,medium,negative,-50.0
D,2017-08-04,Q2_2017,10-Q,-14,medium,negative,-7.4626865671641855
D,2017-11-02,Q3_2017,10-Q,48,medium,negative,3.0000000000000027
D,2018-05-05,Q1_2018,10-Q,-119,medium,negative,-19.791666666666664
D,2016-02-27,FY2015,10-K,56,medium,negative,-44.44444444444445
D,2017-03-01,FY2016,10-K,32,medium,negative,-27.722772277227726
D,2018-08-03,Q2_2018,10-Q,-33,medium,negative,-4.1666666666666705
D,2019-05-04,Q1_2019,10-Q,-88,medium,negative,-177.00435164126716
D,2018-11-03,Q3_2018,10-Q,-36,medium,negative,17.11711711711711
D,2018-02-28,FY2017,10-K,44,medium,negative,158.62068965517238
D,2019-03-01,FY2018,10-K,-5,medium,negative,3.296703296703287
D,2019-08-02,Q2_2019,10-Q,-112,medium,negative,-93.45952097531622
D,2020-05-06,Q1_2020,10-Q,39,medium,negative,-129.272130187799
D,2019-11-02,Q3_2019,10-Q,-106,medium,negative,2.686525245964949
D,2020-11-07,Q3_2020,10-Q,-63,medium,negative,-58.96183450609066
D,2020-08-06,Q2_2020,10-Q,-146,medium,negative,nan
D,2021-05-05,Q1_2021,10-Q,-95,medium,negative,14.501684943493887
D,2021-08-07,Q2_2021,10-Q,-166,medium,negative,-57.135620299531084
D,2021-02-26,FY2020,10-K,-15,medium,negative,2.4923130765192556
D,2021-11-06,Q3_2021,10-Q,-88,medium,negative,-25.631660202583113
D,2020-02-29,FY2019,10-K,-108,medium,negative,13.754775963876357
D,2022-05-06,Q1_2022,10-Q,-68,medium,negative,-30.119989091900745
D,2022-08-09,Q2_2022,10-Q,-100,medium,negative,-176.88025237931126
D,2022-02-25,FY2021,10-K,177,medium,negative,79.91368558151855
D,2023-05-06,Q1_2023,10-Q,-63,medium,negative,20.43851973853517
D,2022-11-05,Q3_2022,10-Q,-88,medium,negative,-15.44401185642208
D,2023-08-05,Q2_2023,10-Q,-110,medium,negative,46.44395865611138
D,2023-11-09,Q3_2023,10-Q,-98,medium,negative,-77.5057889513728
D,2024-05-03,Q1_2024,10-Q,-113,medium,negative,-1.5864267999842454
D,2023-02-22,FY2022,10-K,51,medium,negative,-108.66770267270253
D,2024-08-02,Q2_2024,10-Q,-103,medium,negative,14.81664664735393
D,2024-02-24,FY2023,10-K,-62,medium,negative,-31.236941630742376
D,2024-11-02,Q3_2024,10-Q,-126,medium,negative,20.176831623674847
DAL,2006-05-13,Q1_2006,10-Q,0,medium,negative,-78.42809364548494
DAL,2006-08-10,Q2_2006,10-Q,-110,medium,negative,-111.74242424242422
DAL,2007-04-28,Q1_2007,10-Q,28,medium,negative,nan
D,2025-05-02,Q1_2025,10-Q,-19,medium,negative,-0.4393941405264811
DAL,2006-11-10,Q3_2006,10-Q,-79,medium,negative,108.3969465648855
DAL,2006-03-28,FY2005,10-K,0,medium,negative,-153.78486055776895
D,2025-08-02,Q2_2025,10-Q,-54,medium,negative,30.031325728470943
DAL,2007-11-01,Q3_2007,10-Q,64,medium,negative,100.0
DAL,2008-04-26,Q1_2008,10-Q,-140,medium,negative,nan
DAL,2007-08-03,Q2_2007,10-Q,-42,medium,negative,nan
DAL,2007-03-03,FY2006,10-K,0,medium,negative,nan
D,2025-02-28,FY2024,10-K,-31,medium,negative,-73.23435994432747
DAL,2009-04-24,Q1_2009,10-Q,-31,medium,negative,18.644067796610166
DAL,2008-02-16,FY2007,10-K,-120,medium,negative,0.0
D,2025-11-01,Q3_2025,10-Q,-67,medium,negative,23.56279712664138
DAL,2008-10-17,Q3_2008,10-Q,0,medium,negative,nan
DAL,2008-07-18,Q2_2008,10-Q,0,medium,negative,nan
DAL,2009-10-28,Q3_2009,10-Q,-95,medium,negative,-35.7142857142857
DAL,2009-07-25,Q2_2009,10-Q,-169,medium,negative,8.823529411764714
DAL,2010-04-23,Q1_2010,10-Q,0,medium,negative,-34.782608695652165
DAL,2010-07-31,Q2_2010,10-Q,-104,medium,negative,-34.782608695652165
DAL,2011-05-06,Q1_2011,10-Q,-62,medium,negative,38.70967741935484
DAL,2010-10-26,Q3_2010,10-Q,0,medium,negative,-44.871794871794876
DAL,2011-07-28,Q2_2011,10-Q,120,medium,negative,-48.888888888888886
DAL,2012-04-26,Q1_2012,10-Q,102,medium,negative,nan
DAL,2009-03-03,FY2008,10-K,175,medium,negative,nan
DAL,2011-10-26,Q3_2011,10-Q,-93,medium,negative,-31.578947368421044
DAL,2012-07-26,Q2_2012,10-Q,25,medium,negative,-129.8507462686567
DAL,2011-02-17,FY2010,10-K,-127,medium,negative,-92.17241379310344
DAL,2012-10-27,Q3_2012,10-Q,102,medium,negative,33.69565217391304
DAL,2010-02-25,FY2009,10-K,46,medium,negative,85.71428571428571
DAL,2013-04-25,Q1_2013,10-Q,154,medium,negative,-83.60000000000001
DAL,2013-08-02,Q2_2013,10-Q,-15,medium,negative,-13.043478260869565
DAL,2013-10-24,Q3_2013,10-Q,44,medium,negative,21.37404580152672
DAL,2014-04-25,Q1_2014,10-Q,137,medium,negative,0.0
DAL,2014-07-25,Q2_2014,10-Q,56,medium,negative,-7.843137254901968
DAL,2012-02-11,FY2011,10-K,-57,medium,negative,61.29032258064516
DAL,2014-10-25,Q3_2014,10-Q,-40,medium,negative,-63.793103448275865
DAL,2015-04-16,Q1_2015,10-Q,0,medium,negative,109.30232558139537
DAL,2015-07-16,Q2_2015,10-Q,0,medium,negative,59.13043478260871
DAL,2015-10-15,Q3_2015,10-Q,0,medium,negative,-1.7857142857142874
DAL,2016-04-15,Q1_2016,10-Q,0,medium,negative,-5.468750000000004
DAL,2014-02-25,FY2013,10-K,-14,medium,negative,nan
DAL,2016-07-16,Q2_2016,10-Q,-100,medium,negative,48.1751824817518
DAL,2013-02-14,FY2012,10-K,0,medium,negative,-97.07142857142857
DAL,2016-10-14,Q3_2016,10-Q,0,medium,negative,5.624999999999991
DAL,2017-04-13,Q1_2017,10-Q,0,medium,negative,12.328767123287667
DAL,2015-02-12,FY2014,10-K,0,medium,negative,nan
DAL,2017-07-14,Q2_2017,10-Q,0,medium,negative,-1.764705882352943
DAL,2017-10-12,Q3_2017,10-Q,0,medium,negative,10.067114093959725
DAL,2018-04-13,Q1_2018,10-Q,0,medium,negative,6.94444444444445
DAL,2018-07-13,Q2_2018,10-Q,0,medium,negative,-11.976047904191613
DAL,2016-02-06,FY2015,10-K,-45,medium,negative,4.1666666666666705
DAL,2017-02-14,FY2016,10-K,45,medium,negative,5.624999999999991
DAL,2019-04-11,Q1_2019,10-Q,0,medium,negative,20.21086529765976
DAL,2018-10-12,Q3_2018,10-Q,0,medium,negative,13.69047619047619
DAL,2018-02-24,FY2017,10-K,-25,medium,negative,-47.5
DAL,2019-07-12,Q2_2019,10-Q,0,medium,positive,-3.3888228299643393
DAL,2020-04-23,Q1_2020,10-Q,-100,medium,negative,-66.08668142992724
DAL,2019-10-11,Q3_2019,10-Q,0,medium,positive,2.0241412968107535
DAL,2020-07-16,Q2_2020,10-Q,0,medium,negative,-116.57470263090136
DAL,2019-02-16,FY2018,10-K,18,medium,negative,20.161290322580648
DAL,2020-10-15,Q3_2020,10-Q,0,medium,negative,-178.71743909020313
DAL,2021-04-16,Q1_2021,10-Q,0,medium,negative,40.89230258029061
DAL,2020-02-14,FY2019,10-K,100,medium,negative,21.9181793551883
DAL,2021-07-15,Q2_2021,10-Q,0,medium,negative,173.9569889354544
DAL,2021-10-14,Q3_2021,10-Q,0,medium,negative,nan
DAL,2022-04-14,Q1_2022,10-Q,0,medium,negative,-17.411861771332457
DAL,2022-07-14,Q2_2022,10-Q,0,medium,negative,-33.392025577462185
DAL,2022-10-14,Q3_2022,10-Q,100,medium,negative,-29.57287251385719
DAL,2023-04-14,Q1_2023,10-Q,0,medium,positive,nan
DAL,2021-02-13,FY2020,10-K,175,medium,negative,52.41142125889786
DAL,2023-07-14,Q2_2023,10-Q,0,medium,positive,18.69263189458429
DAL,2024-04-11,Q1_2024,10-Q,0,medium,positive,-84.49612403100775
DAL,2023-10-13,Q3_2023,10-Q,100,medium,positive,-11.968226671580071
DAL,2022-02-12,FY2021,10-K,197,medium,positive,nan
DAL,2024-07-12,Q2_2024,10-Q,0,medium,positive,-15.344895844740025
DAL,2024-10-11,Q3_2024,10-Q,100,medium,neutral,29.814503640736717
DAL,2025-04-10,Q1_2025,10-Q,0,medium,positive,-2.7620824682662795
DAL,2023-02-11,FY2022,10-K,132,medium,negative,-2.4117166459890393
DAL,2025-07-11,Q2_2025,10-Q,0,medium,positive,58.200205757322806
DAL,2025-10-10,Q3_2025,10-Q,0,medium,positive,38.57314363074407
DAL,2024-02-13,FY2023,10-K,139,medium,negative,171.26791999313247
DGX,2007-05-01,Q1_2007,10-Q,-100,medium,negative,-31.645569620253163
DAL,2025-02-12,FY2024,10-K,108,medium,negative,-26.580650301929964
DGX,2006-04-29,Q1_2006,10-Q,-15,medium,negative,30.909090909090892
DGX,2006-08-01,Q2_2006,10-Q,-100,medium,negative,-5.714285714285704
DGX,2007-08-01,Q2_2007,10-Q,-129,medium,negative,15.87301587301587
DGX,2006-10-28,Q3_2006,10-Q,-100,medium,negative,11.111111111111121
DGX,2008-04-25,Q1_2008,10-Q,33,medium,negative,4.41176470588234
DGX,2007-10-26,Q3_2007,10-Q,77,medium,negative,-33.33333333333333
DGX,2008-07-25,Q2_2008,10-Q,-54,medium,negative,12.328767123287667
DGX,2008-10-24,Q3_2008,10-Q,-28,medium,negative,-30.0
DGX,2009-04-25,Q1_2009,10-Q,-58,medium,negative,17.333333333333336
DGX,2006-03-01,FY2005,10-K,-40,medium,negative,10.000000000000009
DGX,2009-07-29,Q2_2009,10-Q,-100,medium,negative,11.111111111111107
DGX,2007-03-02,FY2006,10-K,24,medium,negative,8.450704225352121
DGX,2009-10-28,Q3_2009,10-Q,-15,medium,negative,13.333333333333334
DGX,2008-02-23,FY2007,10-K,81,medium,negative,-103.5064935064935
DGX,2010-04-27,Q1_2010,10-Q,-136,medium,negative,-11.881188118811881
DGX,2010-07-28,Q2_2010,10-Q,-90,medium,negative,1.9047619047619064
DGX,2009-02-18,FY2008,10-K,135,medium,negative,23.28767123287672
DGX,2011-05-11,Q1_2011,10-Q,-102,medium,negative,-19.62616822429907
DGX,2010-10-27,Q3_2010,10-Q,-94,medium,negative,18.947368421052627
DGX,2012-04-28,Q1_2012,10-Q,-63,medium,negative,4.210526315789478
DGX,2010-02-18,FY2009,10-K,100,medium,negative,6.315789473684216
DGX,2012-10-25,Q3_2012,10-Q,13,medium,negative,-14.406779661016945
DGX,2012-07-27,Q2_2012,10-Q,-43,medium,negative,-5.128205128205114
DGX,2011-07-28,Q2_2011,10-Q,17,medium,negative,-8.928571428571436
DGX,2011-11-04,Q3_2011,10-Q,-112,medium,negative,-1.8348623853211024
DGX,2013-04-25,Q1_2013,10-Q,-40,medium,negative,-27.35042735042735
DGX,2011-02-17,FY2010,10-K,117,medium,negative,22.619047619047628
DGX,2013-07-26,Q2_2013,10-Q,-68,medium,negative,-4.464285714285718
DGX,2014-05-02,Q1_2014,10-Q,42,medium,negative,-22.826086956521745
DGX,2013-10-25,Q3_2013,10-Q,-40,medium,negative,94.20289855072467
DGX,2014-08-01,Q2_2014,10-Q,-6,medium,negative,-11.538461538461538
DGX,2015-05-01,Q1_2015,10-Q,40,medium,negative,-59.223300970873794
DGX,2012-02-17,FY2011,10-K,116,medium,negative,34.83146067415729
DGX,2014-10-31,Q3_2014,10-Q,56,medium,negative,-16.981132075471702
DGX,2015-07-31,Q2_2015,10-Q,118,medium,positive,-33.05785123966942
DGX,2013-02-28,FY2012,10-K,249,medium,positive,-66.99029126213591
DGX,2015-10-30,Q3_2015,10-Q,58,medium,negative,89.51612903225808
DGX,2014-02-19,FY2013,10-K,194,medium,negative,16.867469879518072
DGX,2016-04-28,Q1_2016,10-Q,232,medium,negative,-37.500000000000014
DGX,2016-07-26,Q2_2016,10-Q,0,medium,negative,5.3846153846153895
DGX,2016-10-22,Q3_2016,10-Q,0,medium,neutral,0.7518796992481209
DGX,2017-04-22,Q1_2017,10-Q,100,medium,positive,12.62135922330096
DGX,2015-02-25,FY2014,10-K,182,medium,positive,29.000000000000004
DGX,2017-07-26,Q2_2017,10-Q,170,medium,positive,6.201550387596905
DGX,2017-10-20,Q3_2017,10-Q,100,medium,positive,-12.213740458015279
DGX,2018-04-21,Q1_2018,10-Q,0,medium,positive,-13.013698630136982
DGX,2018-07-26,Q2_2018,10-Q,78,medium,positive,-11.299435028248585
DGX,2016-02-27,FY2015,10-K,172,medium,positive,8.403361344537823
DGX,2019-04-25,Q1_2019,10-Q,85,medium,negative,-12.057631565447448
DGX,2018-10-25,Q3_2018,10-Q,138,medium,positive,-8.928571428571423
DGX,2017-02-23,FY2016,10-K,81,medium,negative,-11.382113821138203
DGX,2019-07-25,Q2_2019,10-Q,32,medium,negative,-1.053246466826019
DGX,2019-10-24,Q3_2019,10-Q,134,medium,negative,-8.721753478520354
DGX,2020-05-05,Q1_2020,10-Q,100,medium,negative,-17.149958574979284
DGX,2020-07-25,Q2_2020,10-Q,139,medium,negative,90.98441230164306
DGX,2018-02-24,FY2017,10-K,38,medium,negative,33.8235294117647
DGX,2020-10-24,Q3_2020,10-Q,126,medium,negative,11.36636305434355
DGX,2021-04-24,Q1_2021,10-Q,100,medium,negative,-6.781259261254951
DGX,2021-07-24,Q2_2021,10-Q,134,medium,positive,72.7705286917509
DGX,2019-02-22,FY2018,10-K,145,medium,positive,-33.33333333333333
DGX,2021-10-23,Q3_2021,10-Q,100,medium,negative,39.80177360459049
DGX,2022-04-23,Q1_2022,10-Q,100,medium,negative,-2.0751381141610037
DGX,2022-07-23,Q2_2022,10-Q,100,medium,negative,-14.461280636827043
DGX,2021-02-23,FY2020,10-K,-28,medium,negative,0.9471286416496898
DGX,2022-10-22,Q3_2022,10-Q,100,medium,negative,-1.9826851273541366
DGX,2023-07-28,Q2_2023,10-Q,154,medium,negative,-9.564941195154455
DGX,2023-04-29,Q1_2023,10-Q,92,medium,negative,-9.853790951954092
DGX,2020-02-21,FY2019,10-K,173,medium,positive,16.1367666525138
DGX,2024-04-25,Q1_2024,10-Q,14,medium,negative,-7.30860844353909
DGX,2023-10-26,Q3_2023,10-Q,41,medium,negative,-10.431528102108066
DGX,2022-03-01,FY2021,10-K,-40,medium,negative,-3.1669377164777495
DGX,2024-07-25,Q2_2024,10-Q,-22,medium,negative,-12.6267233736364
DGX,2024-10-24,Q3_2024,10-Q,16,medium,negative,-12.091601434806432
DGX,2025-04-24,Q1_2025,10-Q,30,medium,negative,-9.83286545576233
DGX,2025-07-24,Q2_2025,10-Q,100,medium,negative,-3.908997541315228
DGX,2025-10-22,Q3_2025,10-Q,124,medium,negative,-13.704934799284063
DGX,2023-02-22,FY2022,10-K,191,medium,negative,-53.950811093668236
DPZ,2006-04-28,Q1_2006,10-Q,52,medium,negative,25.0
DGX,2024-02-23,FY2023,10-K,143,medium,negative,-19.570030847258764
DPZ,2006-07-21,Q2_2006,10-Q,0,medium,positive,25.0
DPZ,2007-05-03,Q1_2007,10-Q,-31,medium,negative,11.42857142857144
DPZ,2007-07-25,Q2_2007,10-Q,135,medium,negative,11.42857142857144
DGX,2025-02-21,FY2024,10-K,167,medium,negative,-10.789852917629293
DPZ,2006-10-13,Q3_2006,10-Q,100,medium,positive,11.42857142857144
DPZ,2008-04-30,Q1_2008,10-Q,25,medium,negative,-41.37931034482758
DPZ,2007-10-17,Q3_2007,10-Q,0,medium,negative,-41.37931034482758
DPZ,2009-05-01,Q1_2009,10-Q,139,medium,negative,-41.37931034482758
DPZ,2008-07-23,Q2_2008,10-Q,88,medium,negative,-41.37931034482758
DPZ,2008-10-15,Q3_2008,10-Q,0,medium,negative,-41.37931034482758
DPZ,2009-07-23,Q2_2009,10-Q,100,medium,negative,-41.37931034482758
DPZ,2010-05-05,Q1_2010,10-Q,156,medium,positive,138.46153846153845
DPZ,2009-10-14,Q3_2009,10-Q,0,medium,negative,138.46153846153845
DPZ,2008-02-27,FY2007,10-K,-22,medium,negative,-41.37931034482758
DPZ,2010-07-28,Q2_2010,10-Q,210,medium,positive,138.46153846153845
DPZ,2011-05-06,Q1_2011,10-Q,82,medium,negative,138.46153846153845
DPZ,2006-03-04,FY2005,10-K,26,medium,negative,25.0
DPZ,2010-10-20,Q3_2010,10-Q,0,medium,positive,138.46153846153845
DPZ,2009-02-25,FY2008,10-K,-72,medium,negative,-41.37931034482758
DPZ,2011-07-27,Q2_2011,10-Q,119,medium,positive,138.46153846153845
DPZ,2012-05-02,Q1_2012,10-Q,136,medium,negative,16.129032258064512
DPZ,2007-02-24,FY2006,10-K,-11,medium,negative,11.42857142857144
DPZ,2011-10-19,Q3_2011,10-Q,0,medium,negative,16.129032258064512
DPZ,2010-03-03,FY2009,10-K,0,medium,negative,138.46153846153845
DPZ,2012-07-25,Q2_2012,10-Q,166,medium,negative,16.129032258064512
DPZ,2013-05-01,Q1_2013,10-Q,109,medium,negative,12.820512820512816
DPZ,2012-10-17,Q3_2012,10-Q,0,medium,negative,12.820512820512816
DPZ,2013-07-24,Q2_2013,10-Q,125,medium,negative,12.820512820512816
DPZ,2011-03-02,FY2010,10-K,188,medium,negative,138.46153846153845
DPZ,2013-10-16,Q3_2013,10-Q,-100,medium,negative,0.0
DPZ,2014-05-02,Q1_2014,10-Q,95,medium,negative,0.0
DPZ,2014-07-23,Q2_2014,10-Q,165,medium,negative,0.0
DPZ,2012-02-29,FY2011,10-K,116,medium,negative,16.129032258064512
DPZ,2014-10-15,Q3_2014,10-Q,0,medium,positive,6.779661016949159
DPZ,2015-04-24,Q1_2015,10-Q,157,medium,negative,6.779661016949159
DPZ,2013-03-01,FY2012,10-K,64,medium,negative,12.820512820512816
DPZ,2015-07-17,Q2_2015,10-Q,0,medium,negative,6.779661016949159
DPZ,2016-04-29,Q1_2016,10-Q,42,medium,negative,-17.283950617283953
DPZ,2015-10-09,Q3_2015,10-Q,0,medium,negative,-17.283950617283953
DPZ,2014-02-26,FY2013,10-K,75,medium,negative,0.0
DPZ,2016-07-22,Q2_2016,10-Q,58,medium,negative,-17.283950617283953
DPZ,2017-04-28,Q1_2017,10-Q,4,medium,negative,14.285714285714285
DPZ,2016-10-19,Q3_2016,10-Q,0,medium,negative,14.285714285714285
DPZ,2015-02-25,FY2014,10-K,-21,medium,negative,6.779661016949159
DPZ,2017-07-26,Q2_2017,10-Q,20,medium,negative,14.285714285714285
DPZ,2017-10-13,Q3_2017,10-Q,0,medium,negative,-0.8403361344537823
DPZ,2016-02-26,FY2015,10-K,17,medium,negative,-17.283950617283953
DPZ,2018-04-27,Q1_2018,10-Q,48,medium,negative,-0.8403361344537823
DPZ,2018-07-20,Q2_2018,10-Q,100,medium,negative,-0.8403361344537823
DPZ,2017-03-01,FY2016,10-K,34,medium,negative,14.285714285714285
DPZ,2018-10-17,Q3_2018,10-Q,-100,medium,negative,25.80645161290322
DPZ,2019-04-25,Q1_2019,10-Q,26,medium,negative,25.80645161290322
DPZ,2019-07-17,Q2_2019,10-Q,-100,medium,negative,25.80645161290322
DPZ,2018-02-21,FY2017,10-K,171,medium,negative,-0.8403361344537823
DPZ,2019-10-09,Q3_2019,10-Q,0,medium,negative,-1.8203935804905302
DPZ,2019-02-22,FY2018,10-K,10,medium,negative,25.80645161290322
DPZ,2020-04-24,Q1_2020,10-Q,8,medium,negative,-1.8203935804905302
DPZ,2020-07-17,Q2_2020,10-Q,0,medium,negative,-1.8203935804905302
DPZ,2021-04-30,Q1_2021,10-Q,101,medium,negative,10.936859551262637
DPZ,2020-10-09,Q3_2020,10-Q,0,medium,negative,10.936859551262637
DPZ,2020-02-21,FY2019,10-K,-44,medium,negative,-1.8203935804905302
DPZ,2022-04-29,Q1_2022,10-Q,119,medium,negative,10.936859551262637
DPZ,2021-10-15,Q3_2021,10-Q,0,medium,negative,10.936859551262637
DPZ,2021-07-23,Q2_2021,10-Q,19,medium,negative,10.936859551262637
DPZ,2021-02-26,FY2020,10-K,26,medium,negative,10.936859551262637
DPZ,2022-10-14,Q3_2022,10-Q,-100,medium,negative,-6.11118589312155
DPZ,2022-07-22,Q2_2022,10-Q,86,medium,negative,10.936859551262637
DPZ,2022-03-02,FY2021,10-K,-46,medium,negative,10.936859551262637
DPZ,2023-04-28,Q1_2023,10-Q,95,medium,negative,-6.11118589312155
DPZ,2023-10-13,Q3_2023,10-Q,-100,medium,negative,26.4088691849652
DPZ,2024-04-30,Q1_2024,10-Q,100,medium,negative,26.4088691849652
DPZ,2023-07-25,Q2_2023,10-Q,0,medium,negative,-6.11118589312155
DPZ,2024-07-19,Q2_2024,10-Q,0,medium,negative,26.4088691849652
DPZ,2023-02-24,FY2022,10-K,69,medium,negative,-6.11118589312155
DPZ,2024-02-27,FY2023,10-K,107,medium,negative,26.4088691849652
DPZ,2024-10-11,Q3_2024,10-Q,-100,medium,negative,15.013203186332374
DPZ,2025-04-29,Q1_2025,10-Q,138,medium,negative,15.013203186332374
DPZ,2025-07-22,Q2_2025,10-Q,100,medium,negative,15.013203186332374
DPZ,2025-10-15,Q3_2025,10-Q,0,medium,negative,2.7260161189204726
DPZ,2025-02-25,FY2024,10-K,164,medium,negative,15.013203186332374
DTE,2006-05-11,Q1_2006,10-Q,-4,medium,negative,2.7027027027027053
DTE,2006-11-15,Q3_2006,10-Q,-100,medium,negative,92.72727272727272
DTE,2006-08-10,Q2_2006,10-Q,-2,medium,negative,-137.25490196078428
DTE,2007-05-10,Q1_2007,10-Q,32,medium,negative,-15.555555555555555
DTE,2007-08-15,Q2_2007,10-Q,0,medium,negative,nan
DTE,2006-03-09,FY2005,10-K,-23,medium,negative,13.684210526315802
DTE,2007-11-10,Q3_2007,10-Q,60,medium,negative,23.958333333333332
DTE,2008-05-13,Q1_2008,10-Q,-6,medium,negative,80.55555555555557
DTE,2007-03-02,FY2006,10-K,-53,medium,negative,107.69230769230771
DTE,2008-08-09,Q2_2008,10-Q,56,medium,negative,-73.01587301587301
DTE,2008-11-06,Q3_2008,10-Q,14,medium,negative,63.63636363636363
DTE,2009-05-06,Q1_2009,10-Q,-171,medium,negative,nan
DTE,2008-03-08,FY2007,10-K,0,medium,negative,185.45454545454544
DTE,2009-08-01,Q2_2009,10-Q,-37,medium,negative,121.73913043478262
DTE,2010-04-30,Q1_2010,10-Q,-86,medium,negative,35.29411764705881
DTE,2009-10-31,Q3_2009,10-Q,-42,medium,negative,-6.796116504854374
DTE,2010-10-30,Q3_2010,10-Q,39,medium,negative,0.0
DTE,2010-07-31,Q2_2010,10-Q,-16,medium,negative,35.29411764705881
DTE,2011-04-28,Q1_2011,10-Q,5,medium,negative,-20.610687022900763
DTE,2009-02-28,FY2008,10-K,-52,medium,negative,-26.851851851851855
DTE,2011-07-30,Q2_2011,10-Q,-134,medium,negative,190.2439024390244
DTE,2010-02-24,FY2009,10-K,-136,medium,negative,-5.555555555555546
DTE,2011-11-05,Q3_2011,10-Q,-100,medium,negative,15.053763440860216
DTE,2012-04-28,Q1_2012,10-Q,-105,medium,negative,-27.199999999999996
DTE,2011-02-19,FY2010,10-K,61,medium,negative,7.1428571428571495
DTE,2012-07-31,Q2_2012,10-Q,-100,medium,negative,59.259259259259245
DTE,2012-10-25,Q3_2012,10-Q,-144,medium,negative,35.05154639175259
DTE,2013-04-27,Q1_2013,10-Q,6,medium,negative,67.5
DTE,2013-07-27,Q2_2013,10-Q,-43,medium,negative,-34.78260869565218
DTE,2013-10-26,Q3_2013,10-Q,-17,medium,negative,-12.40310077519381
DTE,2014-04-26,Q1_2014,10-Q,-78,medium,negative,47.20000000000001
DTE,2012-02-17,FY2011,10-K,25,medium,negative,22.222222222222225
DTE,2014-07-26,Q2_2014,10-Q,-190,medium,negative,-11.392405063291148
DTE,2014-10-25,Q3_2014,10-Q,-123,medium,negative,-20.000000000000007
DTE,2013-02-21,FY2012,10-K,35,medium,negative,-45.97701149425288
DTE,2015-04-25,Q1_2015,10-Q,41,medium,negative,8.51063829787235
DTE,2015-07-25,Q2_2015,10-Q,-19,medium,negative,-30.681818181818183
DTE,2015-10-24,Q3_2015,10-Q,14,medium,negative,33.636363636363626
DTE,2014-02-15,FY2013,10-K,-81,medium,negative,-21.348314606741578
DTE,2016-04-27,Q1_2016,10-Q,-2,medium,negative,-7.4324324324324245
DTE,2015-02-14,FY2014,10-K,-14,medium,negative,80.64516129032256
DTE,2016-07-27,Q2_2016,10-Q,14,medium,negative,4.99999999999999
DTE,2016-10-27,Q3_2016,10-Q,63,medium,negative,44.6153846153846
DTE,2017-04-27,Q1_2017,10-Q,105,medium,negative,67.66917293233081
DTE,2017-10-26,Q3_2017,10-Q,120,medium,negative,-7.9268292682926775
DTE,2017-07-27,Q2_2017,10-Q,75,medium,negative,6.451612903225799
DTE,2018-04-26,Q1_2018,10-Q,72,medium,negative,6.951871657754005
DTE,2016-02-11,FY2015,10-K,131,medium,negative,-53.608247422680414
DTE,2018-07-26,Q2_2018,10-Q,-53,medium,negative,43.333333333333336
DTE,2018-10-25,Q3_2018,10-Q,-62,medium,negative,30.49645390070923
DTE,2019-04-25,Q1_2019,10-Q,-26,medium,negative,30.79624453522539
DTE,2019-07-25,Q2_2019,10-Q,28,medium,negative,8.474130563408055
DTE,2017-02-10,FY2016,10-K,0,medium,negative,-19.780219780219785
DTE,2020-04-29,Q1_2020,10-Q,39,medium,negative,19.097565266819142
DTE,2019-10-29,Q3_2019,10-Q,-100,medium,negative,3.257690608921947
DTE,2018-02-17,FY2017,10-K,98,medium,negative,41.96428571428571
DTE,2020-07-29,Q2_2020,10-Q,77,medium,negative,31.091427166877555
DTE,2020-10-28,Q3_2020,10-Q,71,medium,negative,39.11823919288799
DTE,2020-02-06,FY2019,10-K,136,medium,negative,25.766815656611335
DTE,2021-04-28,Q1_2021,10-Q,-59,medium,negative,10.761117984904061
DTE,2021-07-28,Q2_2021,10-Q,-110,medium,negative,-33.77435771924646
DTE,2021-02-20,FY2020,10-K,-44,medium,negative,-100.0
DTE,2019-02-08,FY2018,10-K,-109,medium,negative,10.526315789473696
DTE,2021-10-28,Q3_2021,10-Q,-91,medium,negative,-92.92459248374017
DTE,2022-04-29,Q1_2022,10-Q,-16,medium,negative,-2.4512135933993697
DTE,2022-02-11,FY2021,10-K,141,medium,negative,65.04461528632581
DTE,2022-07-29,Q2_2022,10-Q,-41,medium,negative,-81.03470648712856
DTE,2022-10-28,Q3_2022,10-Q,-47,medium,negative,26.633025129337508
DTE,2023-04-28,Q1_2023,10-Q,-62,medium,negative,71.88556877412168
DTE,2023-11-02,Q3_2023,10-Q,-47,medium,negative,-1.4120730407945732
DTE,2023-07-28,Q2_2023,10-Q,-34,medium,negative,9.745887357726337
DTE,2023-02-24,FY2022,10-K,15,medium,negative,9.24716564298027
DTE,2024-02-09,FY2023,10-K,-13,medium,negative,3.5339239357171564
DTE,2024-04-26,Q1_2024,10-Q,-31,medium,negative,-9.484360575943223
DTE,2024-07-26,Q2_2024,10-Q,-33,medium,negative,28.1012909304286
DTE,2024-10-25,Q3_2024,10-Q,-26,medium,negative,22.532044793453586
DTE,2025-05-02,Q1_2025,10-Q,-58,medium,negative,6.179234517182186
DTE,2025-07-30,Q2_2025,10-Q,-65,medium,negative,-21.176335702820452
DVA,2006-05-09,Q1_2006,10-Q,-119,medium,negative,12.50000000000001
DTE,2025-02-14,FY2024,10-K,169,medium,negative,-2.336309420736567
DTE,2025-10-31,Q3_2025,10-Q,-61,medium,negative,-4.4406704291181525
DVA,2007-05-04,Q1_2007,10-Q,-63,medium,negative,2.85714285714286
DVA,2006-11-04,Q3_2006,10-Q,-103,medium,negative,45.16129032258065
DVA,2006-08-08,Q2_2006,10-Q,19,medium,negative,19.999999999999996
DVA,2007-08-07,Q2_2007,10-Q,3,medium,negative,61.11111111111111
DVA,2006-03-07,FY2005,10-K,-126,medium,negative,14.814814814814806
DVA,2007-11-08,Q3_2007,10-Q,-16,medium,negative,4.761904761904766
DVA,2008-05-09,Q1_2008,10-Q,-55,medium,negative,5.263157894736847
DVA,2008-08-09,Q2_2008,10-Q,69,medium,negative,15.384615384615383
DVA,2008-11-07,Q3_2008,10-Q,-79,medium,negative,2.325581395348839
DVA,2007-03-01,FY2006,10-K,-41,medium,negative,6.060606060606049
DVA,2009-05-08,Q1_2009,10-Q,20,medium,negative,4.545454545454549
DVA,2009-08-08,Q2_2009,10-Q,54,medium,negative,34.883720930232556
DVA,2008-03-01,FY2007,10-K,-81,medium,negative,0.0
DVA,2009-11-06,Q3_2009,10-Q,-28,medium,negative,12.765957446808523
DVA,2010-05-04,Q1_2010,10-Q,-100,medium,negative,0.0
DVA,2009-02-28,FY2008,10-K,-61,medium,negative,9.302325581395344
DVA,2010-08-06,Q2_2010,10-Q,-28,medium,negative,-1.8867924528301903
DVA,2010-11-06,Q3_2010,10-Q,28,medium,negative,3.636363636363619
DVA,2011-05-07,Q1_2011,10-Q,36,medium,negative,0.0
DVA,2010-02-26,FY2009,10-K,-24,medium,negative,0.0
DVA,2011-08-05,Q2_2011,10-Q,-33,medium,negative,-7.272727272727278
DVA,2011-11-05,Q3_2011,10-Q,-96,medium,negative,0.0
DVA,2012-05-03,Q1_2012,10-Q,-52,medium,negative,0.0
DVA,2011-02-26,FY2010,10-K,20,medium,negative,-35.71428571428572
DVA,2012-08-04,Q2_2012,10-Q,-99,medium,negative,-27.536231884057965
DVA,2012-11-01,Q3_2012,10-Q,-98,medium,negative,-3.8461538461538494
DVA,2013-05-10,Q1_2013,10-Q,-46,medium,negative,-84.0909090909091
DVA,2012-02-25,FY2011,10-K,-7,medium,negative,11.267605633802827
DVA,2013-08-08,Q2_2013,10-Q,-70,medium,negative,28.260869565217376
DVA,2013-11-07,Q3_2013,10-Q,-24,medium,negative,-31.914893617021274
DVA,2014-05-03,Q1_2014,10-Q,-71,medium,negative,13.33333333333333
DVA,2013-03-02,FY2012,10-K,-67,medium,negative,-1.3157894736842117
DVA,2014-08-02,Q2_2014,10-Q,-183,medium,negative,-18.072289156626496
DVA,2014-11-07,Q3_2014,10-Q,-144,medium,negative,-5.55555555555556
DVA,2014-02-22,FY2013,10-K,-75,medium,negative,2.061855670103095
DVA,2015-05-06,Q1_2015,10-Q,-38,medium,negative,17.073170731707318
DVA,2015-08-06,Q2_2015,10-Q,-52,medium,negative,-17.894736842105257
DVA,2015-02-27,FY2014,10-K,-36,medium,negative,17.073170731707318
DVA,2015-11-06,Q3_2015,10-Q,-94,medium,negative,6.382978723404261
DVA,2016-05-05,Q1_2016,10-Q,-100,medium,negative,-41.25000000000001
DVA,2016-08-09,Q2_2016,10-Q,-159,medium,negative,-72.63157894736841
DVA,2016-11-03,Q3_2016,10-Q,-98,medium,negative,nan
DVA,2016-02-27,FY2015,10-K,-100,medium,negative,-103.08602150537634
DVA,2017-05-03,Q1_2017,10-Q,-102,medium,negative,169.41176470588235
DVA,2017-02-25,FY2016,10-K,-105,medium,negative,-4.761904761904753
DVA,2017-08-02,Q2_2017,10-Q,-129,medium,negative,-26.136363636363637
DVA,2017-11-08,Q3_2017,10-Q,-174,medium,negative,nan
DVA,2018-05-04,Q1_2018,10-Q,-62,medium,negative,20.987654320987644
DVA,2018-08-02,Q2_2018,10-Q,-31,medium,negative,73.03370786516854
DVA,2018-02-24,FY2017,10-K,-96,medium,negative,70.83333333333333
DVA,2018-11-08,Q3_2018,10-Q,-145,medium,negative,-169.49152542372883
DVA,2019-05-08,Q1_2019,10-Q,-53,medium,negative,-3.458336908950478
DVA,2019-02-23,FY2018,10-K,-135,medium,negative,-200.0
DVA,2019-08-03,Q2_2019,10-Q,-159,medium,negative,50.47942377391384
DVA,2019-11-08,Q3_2019,10-Q,-107,medium,negative,-23.508003478372896
DVA,2021-04-30,Q1_2021,10-Q,-115,medium,negative,17.00424350318542
DVA,2020-05-06,Q1_2020,10-Q,-74,medium,negative,28.099117539412504
DVA,2020-02-22,FY2019,10-K,-185,medium,negative,12.995029420780254
DVA,2021-08-04,Q2_2021,10-Q,-124,medium,negative,21.42173817057914
DVA,2020-07-31,Q2_2020,10-Q,-43,medium,negative,22.382376937720974
DVA,2020-10-30,Q3_2020,10-Q,-77,medium,negative,-11.076529761573948
DVA,2021-10-29,Q3_2021,10-Q,-10,medium,negative,4.656319290465631
DVA,2021-02-13,FY2020,10-K,-188,medium,negative,-19.623193531274612
DVA,2022-05-06,Q1_2022,10-Q,-30,medium,negative,-13.780176938071673
DVA,2022-08-02,Q2_2022,10-Q,-101,medium,negative,10.107905747632675
DVA,2023-05-09,Q1_2023,10-Q,-100,medium,negative,6.164325389410753
DVA,2022-11-01,Q3_2022,10-Q,26,medium,negative,-36.01902443167342
DVA,2022-02-12,FY2021,10-K,-96,medium,negative,-0.5107854089896026
DVA,2023-08-04,Q2_2023,10-Q,-66,medium,negative,11.886964875694167
DVA,2023-11-08,Q3_2023,10-Q,-65,medium,negative,30.264008352806655
DVA,2023-02-23,FY2022,10-K,-40,medium,negative,-20.71060442091954
DVA,2024-05-03,Q1_2024,10-Q,-87,medium,negative,36.04604003347245
DVA,2025-05-13,Q1_2025,10-Q,0,medium,negative,2.4700403219608713
DVA,2024-08-07,Q2_2024,10-Q,-175,medium,negative,-3.531890427662428
DVA,2024-02-15,FY2023,10-K,-77,medium,negative,-0.6055697693680983
DVA,2024-10-30,Q3_2024,10-Q,-67,medium,negative,-8.213092484488014
DVA,2025-08-06,Q2_2025,10-Q,-180,medium,negative,-6.879712409902511
DVN,2006-05-05,Q1_2006,10-Q,-79,medium,negative,-15.217391304347828
DVN,2006-08-05,Q2_2006,10-Q,-78,medium,negative,23.870967741935477
DVA,2025-02-14,FY2024,10-K,19,medium,negative,45.331746755903794
DVA,2025-10-30,Q3_2025,10-Q,-96,medium,negative,-36.670547147846335
DVN,2007-05-04,Q1_2007,10-Q,-105,medium,negative,15.199999999999998
DVN,2006-11-03,Q3_2006,10-Q,-55,medium,negative,13.768115942028999
DVN,2007-08-04,Q2_2007,10-Q,-111,medium,negative,62.60162601626017
DVN,2008-05-09,Q1_2008,10-Q,-64,medium,negative,-22.065727699530516
DVN,2007-11-08,Q3_2007,10-Q,-49,medium,negative,12.413793103448272
DVN,2008-08-08,Q2_2008,10-Q,-53,medium,negative,-11.92660550458716
DVN,2008-11-07,Q3_2008,10-Q,-147,medium,negative,94.05940594059406
DVN,2009-05-08,Q1_2009,10-Q,20,medium,negative,nan
DVN,2006-03-04,FY2005,10-K,-95,medium,negative,-2.6666666666666687
DVN,2009-08-07,Q2_2009,10-Q,10,medium,negative,94.44444444444444
DVN,2010-05-07,Q1_2010,10-Q,-121,medium,negative,144.03669724770643
DVN,2009-11-06,Q3_2009,10-Q,-17,medium,negative,60.00000000000002
DVN,2010-08-07,Q2_2010,10-Q,-19,medium,negative,20.610687022900763
DVN,2007-03-01,FY2006,10-K,-4,medium,negative,-3.676470588235297
DVN,2011-05-05,Q1_2011,10-Q,-192,medium,negative,-26.51515151515152
DVN,2010-11-05,Q3_2010,10-Q,-111,medium,negative,nan
DVN,2008-02-29,FY2007,10-K,-55,medium,negative,56.613756613756614
DVN,2011-08-05,Q2_2011,10-Q,-96,medium,negative,nan
DVN,2009-02-28,FY2008,10-K,0,medium,negative,nan
DVN,2011-11-03,Q3_2011,10-Q,-174,medium,negative,66.66666666666666
DVN,2012-05-03,Q1_2012,10-Q,-61,medium,negative,-46.408839779005525
DVN,2012-08-02,Q2_2012,10-Q,-61,medium,negative,10.280373831775687
DVN,2013-05-02,Q1_2013,10-Q,-81,medium,negative,nan
DVN,2010-02-26,FY2009,10-K,-21,medium,negative,27.35042735042736
DVN,2012-11-08,Q3_2012,10-Q,-152,medium,negative,nan
DVN,2013-08-08,Q2_2013,10-Q,-142,medium,negative,143.47826086956525
DVN,2013-11-07,Q3_2013,10-Q,-109,medium,negative,-5.40540540540541
DVN,2012-02-25,FY2011,10-K,-113,medium,negative,-9.929078014184391
DVN,2011-02-26,FY2010,10-K,-43,medium,negative,38.54166666666668
DVN,2014-05-10,Q1_2014,10-Q,-100,medium,negative,-34.166666666666664
DVN,2014-08-07,Q2_2014,10-Q,-131,medium,negative,17.142857142857142
DVN,2015-05-07,Q1_2015,10-Q,-19,medium,negative,nan
DVN,2014-11-06,Q3_2014,10-Q,-163,medium,negative,120.53571428571428
DVN,2013-02-22,FY2012,10-K,-117,medium,negative,nan
DVN,2015-08-06,Q2_2015,10-Q,-63,medium,negative,nan
DVN,2015-11-05,Q3_2015,10-Q,-92,medium,negative,nan
DVN,2016-05-05,Q1_2016,10-Q,-3,medium,negative,nan
DVN,2014-03-01,FY2013,10-K,-133,medium,negative,-51.886792452830186
DVN,2016-08-04,Q2_2016,10-Q,-47,medium,negative,nan
DVN,2017-05-04,Q1_2017,10-Q,-130,medium,negative,174.35897435897436
DVN,2016-11-03,Q3_2016,10-Q,-68,medium,negative,nan
DVN,2015-02-21,FY2014,10-K,-162,medium,negative,-178.74015748031496
DVN,2017-08-03,Q2_2017,10-Q,-70,medium,negative,166.66666666666669
DVN,2016-02-18,FY2015,10-K,-173,medium,negative,nan
DVN,2017-11-02,Q3_2017,10-Q,-24,medium,negative,43.333333333333336
DVN,2018-05-03,Q1_2018,10-Q,-26,medium,negative,nan
DVN,2017-02-16,FY2016,10-K,-100,medium,negative,nan
DVN,2018-08-02,Q2_2018,10-Q,-18,medium,negative,nan
DVN,2018-11-08,Q3_2018,10-Q,-90,medium,negative,nan
DVN,2019-05-02,Q1_2019,10-Q,-83,medium,negative,nan
DVN,2018-02-22,FY2017,10-K,-173,medium,negative,-60.22727272727273
DVN,2019-08-08,Q2_2019,10-Q,-101,medium,negative,nan
DVN,2019-11-07,Q3_2019,10-Q,-112,medium,negative,66.18452637409985
DVN,2020-05-07,Q1_2020,10-Q,-157,medium,negative,nan
DVN,2019-02-21,FY2018,10-K,-154,medium,negative,nan
DVN,2020-08-06,Q2_2020,10-Q,-94,medium,negative,nan
DVN,2020-10-31,Q3_2020,10-Q,-69,medium,negative,-168.17140622381137
DVN,2020-02-20,FY2019,10-K,-144,medium,negative,nan
DVN,2021-05-06,Q1_2021,10-Q,38,medium,negative,-2.673438973204787
DVN,2021-08-05,Q2_2021,10-Q,32,medium,negative,-27.067539297161392
DVN,2021-11-04,Q3_2021,10-Q,52,medium,negative,33.56024213179379
DVN,2021-02-18,FY2020,10-K,-153,medium,negative,nan
DVN,2022-05-04,Q1_2022,10-Q,-80,medium,negative,-14.716791061861809
DVN,2022-02-17,FY2021,10-K,-230,medium,negative,80.52002719943012
DVN,2023-05-10,Q1_2023,10-Q,100,medium,negative,11.209803794131876
DVN,2022-08-03,Q2_2022,10-Q,-75,medium,negative,26.84476884380778
DVN,2022-11-03,Q3_2022,10-Q,22,medium,negative,36.33361637890366
DVN,2023-08-03,Q2_2023,10-Q,3,medium,negative,-8.130454754248966
DVN,2023-11-09,Q3_2023,10-Q,144,medium,negative,-9.30458331204333
DVN,2023-02-16,FY2022,10-K,-158,medium,negative,3.81846599660023
DVN,2024-05-03,Q1_2024,10-Q,14,medium,negative,-15.76306120620127
DVN,2024-08-08,Q2_2024,10-Q,-14,medium,negative,5.75579881143111
DVN,2024-02-29,FY2023,10-K,-171,medium,negative,31.202203617121523
DVN,2024-11-07,Q3_2024,10-Q,41,medium,negative,19.47980331786224
EIX,2006-03-08,FY2005,10-K,-112,medium,negative,44.791666666666664
DVN,2025-05-08,Q1_2025,10-Q,-63,medium,negative,-37.82299741602066
DVN,2025-02-20,FY2024,10-K,-169,medium,negative,-1.4336917562723983
DVN,2025-08-07,Q2_2025,10-Q,-15,medium,negative,63.111378464670764
DVN,2025-11-07,Q3_2025,10-Q,-21,medium,negative,17.16146785046329
EIX,2007-03-01,FY2006,10-K,-67,medium,negative,137.83783783783784
EIX,2006-05-09,Q1_2006,10-Q,-92,medium,negative,11.42857142857144
EIX,2006-11-04,Q3_2006,10-Q,-88,medium,negative,18.96551724137931
EIX,2006-08-09,Q2_2006,10-Q,-52,medium,negative,-14.28571428571428
EIX,2007-05-10,Q1_2007,10-Q,-156,medium,negative,138.0952380952381
EIX,2008-05-09,Q1_2008,10-Q,-42,medium,negative,-1.0869565217391313
EIX,2008-02-28,FY2007,10-K,-51,medium,negative,27.450980392156865
EIX,2007-08-10,Q2_2007,10-Q,-82,medium,negative,-45.09803921568627
EIX,2007-11-03,Q3_2007,10-Q,-85,medium,negative,16.806722689075627
EIX,2009-03-03,FY2008,10-K,-69,medium,negative,-17.901234567901238
EIX,2008-08-09,Q2_2008,10-Q,-69,medium,negative,11.267605633802827
EIX,2008-11-08,Q3_2008,10-Q,-55,medium,negative,-17.901234567901238
EIX,2009-05-09,Q1_2009,10-Q,-66,medium,negative,38.18181818181817
EIX,2010-05-08,Q1_2010,10-Q,-71,medium,negative,-2.7027027027027053
EIX,2009-11-07,Q3_2009,10-Q,-88,medium,negative,23.232323232323232
EIX,2010-10-30,Q3_2010,10-Q,-124,medium,negative,73.33333333333334
EIX,2010-08-06,Q2_2010,10-Q,-147,medium,negative,41.891891891891895
EIX,2009-08-08,Q2_2009,10-Q,-37,medium,negative,-116.86206896551725
EIX,2011-05-03,Q1_2011,10-Q,-100,medium,negative,-4.687500000000004
EIX,2010-03-02,FY2009,10-K,-196,medium,negative,23.232323232323232
EIX,2011-08-05,Q2_2011,10-Q,-49,medium,negative,17.39130434782609
EIX,2012-05-03,Q1_2012,10-Q,-13,medium,negative,-55.55555555555555
EIX,2012-08-01,Q2_2012,10-Q,158,medium,negative,-8.33333333333333
EIX,2011-11-03,Q3_2011,10-Q,-34,medium,negative,12.068965517241391
EIX,2011-03-01,FY2010,10-K,-45,medium,negative,-17.741935483870964
EIX,2012-11-02,Q3_2012,10-Q,-122,medium,negative,-54.6875
EIX,2013-05-01,Q1_2013,10-Q,-86,medium,negative,49.090909090909065
EIX,2013-08-02,Q2_2013,10-Q,-94,medium,negative,-138.18181818181816
EIX,2014-04-30,Q1_2014,10-Q,-136,medium,negative,-24.999999999999993
EIX,2013-10-30,Q3_2013,10-Q,-89,medium,negative,27.61904761904762
EIX,2014-08-01,Q2_2014,10-Q,-49,medium,negative,185.96491228070178
EIX,2012-03-01,FY2011,10-K,4,medium,negative,nan
EIX,2014-10-29,Q3_2014,10-Q,-27,medium,negative,25.86206896551725
EIX,2015-04-29,Q1_2015,10-Q,-53,medium,negative,33.8235294117647
EIX,2015-07-31,Q2_2015,10-Q,-17,medium,negative,129.99999999999997
EIX,2015-10-28,Q3_2015,10-Q,21,medium,negative,8.474576271186448
EIX,2013-02-27,FY2012,10-K,-104,medium,negative,nan
EIX,2014-02-26,FY2013,10-K,-54,medium,negative,88.67924528301886
EIX,2016-05-03,Q1_2016,10-Q,-30,medium,negative,-9.57446808510638
EIX,2016-07-29,Q2_2016,10-Q,13,medium,negative,-22.018348623853218
EIX,2015-02-25,FY2014,10-K,15,medium,negative,118.96551724137933
EIX,2016-11-02,Q3_2016,10-Q,25,medium,negative,5.833333333333339
EIX,2017-05-02,Q1_2017,10-Q,111,medium,negative,57.14285714285716
EIX,2017-10-31,Q3_2017,10-Q,48,medium,negative,16.260162601626014
EIX,2017-07-28,Q2_2017,10-Q,18,medium,negative,-14.141414141414144
EIX,2016-02-24,FY2015,10-K,35,medium,negative,-142.85714285714286
EIX,2018-05-02,Q1_2018,10-Q,25,medium,negative,-34.31372549019607
EIX,2018-07-27,Q2_2018,10-Q,39,medium,negative,2.4390243902439046
EIX,2018-10-31,Q3_2018,10-Q,-25,medium,negative,53.92156862745099
EIX,2017-02-22,FY2016,10-K,31,medium,negative,19.318181818181824
EIX,2019-05-01,Q1_2019,10-Q,-74,medium,negative,-2.6345933562428434
EIX,2019-07-26,Q2_2019,10-Q,-39,medium,negative,6.008003604272114
EIX,2019-10-30,Q3_2019,10-Q,-9,medium,negative,-14.766808301081511
EIX,2018-02-23,FY2017,10-K,55,medium,negative,nan
EIX,2020-05-01,Q1_2020,10-Q,114,medium,negative,-39.700916546068505
EIX,2020-07-29,Q2_2020,10-Q,126,medium,negative,-39.700916546068505
EIX,2020-10-28,Q3_2020,10-Q,-42,medium,negative,-143.63596694575503
EIX,2020-02-28,FY2019,10-K,16,medium,negative,-61.17673321621648
EIX,2021-04-28,Q1_2021,10-Q,-88,medium,negative,-5.027932960893844
EIX,2021-02-26,FY2020,10-K,-30,medium,negative,16.18382119393503
EIX,2021-07-30,Q2_2021,10-Q,-47,medium,negative,-17.03130092944697
EIX,2019-03-01,FY2018,10-K,26,medium,negative,nan
EIX,2022-05-04,Q1_2022,10-Q,-233,medium,negative,-55.41298720600438
EIX,2021-11-03,Q3_2021,10-Q,-175,medium,negative,-144.7193858537676
EIX,2022-02-25,FY2021,10-K,28,medium,negative,30.335924195865427
EIX,2022-07-29,Q2_2022,10-Q,-72,medium,negative,-31.166347992351817
EIX,2023-05-03,Q1_2023,10-Q,-148,medium,negative,-17.14572124138213
EIX,2022-11-02,Q3_2022,10-Q,-184,medium,negative,-112.88214196120441
EIX,2023-07-28,Q2_2023,10-Q,-58,medium,negative,-2.930035768171599
EIX,2023-11-02,Q3_2023,10-Q,-101,medium,negative,-72.29571553240709
EIX,2023-02-24,FY2022,10-K,-92,medium,negative,-1.1866748401145435
EIX,2024-05-01,Q1_2024,10-Q,-103,medium,negative,-102.70777673478231
EIX,2024-02-23,FY2023,10-K,-217,medium,negative,-15.695298722525699
EIX,2025-08-01,Q2_2025,10-Q,-170,medium,negative,-2.1429592408932487
EIX,2025-04-30,Q1_2025,10-Q,-143,medium,negative,nan
EIX,2024-07-26,Q2_2024,10-Q,-72,medium,negative,5.773550995956264
EIX,2024-10-30,Q3_2024,10-Q,-102,medium,negative,-5.575346581398336
EIX,2025-02-28,FY2024,10-K,-211,medium,negative,-19.326005445494637
EMN,2006-05-04,Q1_2006,10-Q,147,medium,negative,10.344827586206906
EIX,2025-10-29,Q3_2025,10-Q,-146,medium,negative,0.1669449081803027
EMN,2007-05-02,Q1_2007,10-Q,44,medium,negative,15.0
EMN,2006-11-01,Q3_2006,10-Q,52,medium,positive,9.615384615384603
EMN,2006-08-01,Q2_2006,10-Q,100,medium,positive,4.5454545454545325
EMN,2007-07-31,Q2_2007,10-Q,0,medium,negative,-6.153846153846159
EMN,2008-04-30,Q1_2008,10-Q,74,medium,negative,49.99999999999998
EMN,2006-03-14,FY2005,10-K,136,medium,positive,-40.57971014492753
EMN,2007-11-01,Q3_2007,10-Q,-21,medium,negative,-80.95238095238095
EMN,2008-07-31,Q2_2008,10-Q,3,medium,negative,-3.8961038961038996
EMN,2007-03-02,FY2006,10-K,160,medium,positive,31.818181818181806
EMN,2008-10-29,Q3_2008,10-Q,22,medium,negative,1.5151515151515165
EMN,2009-04-30,Q1_2009,10-Q,-40,medium,negative,-70.0
EMN,2010-04-27,Q1_2010,10-Q,101,medium,negative,53.33333333333332
EMN,2009-07-31,Q2_2009,10-Q,7,medium,negative,55.17241379310346
EMN,2009-10-24,Q3_2009,10-Q,-113,medium,negative,60.465116279069754
EMN,2010-08-04,Q2_2010,10-Q,-100,medium,negative,57.8125
EMN,2010-11-02,Q3_2010,10-Q,100,medium,negative,8.411214953271013
EMN,2011-05-04,Q1_2011,10-Q,140,medium,negative,130.3030303030303
EMN,2008-03-01,FY2007,10-K,55,medium,negative,28.260869565217376
EMN,2011-08-03,Q2_2011,10-Q,139,medium,negative,17.741935483870964
EMN,2009-02-26,FY2008,10-K,122,medium,negative,-104.82142857142858
EMN,2011-11-02,Q3_2011,10-Q,140,medium,negative,12.62135922330096
EMN,2012-05-11,Q1_2012,10-Q,148,medium,negative,9.803921568627459
EMN,2012-08-03,Q2_2012,10-Q,143,medium,negative,5.833333333333339
EMN,2010-02-25,FY2009,10-K,77,medium,negative,-151.1627906976744
EMN,2011-02-24,FY2010,10-K,136,medium,negative,-82.43243243243244
EMN,2013-05-01,Q1_2013,10-Q,102,medium,negative,3.2894736842105288
EMN,2012-11-01,Q3_2012,10-Q,77,medium,negative,-22.047244094488192
EMN,2012-02-23,FY2011,10-K,77,medium,positive,-17.241379310344833
EMN,2013-08-06,Q2_2013,10-Q,93,medium,negative,14.189189189189186
EMN,2014-04-30,Q1_2014,10-Q,5,medium,negative,-0.6535947712418306
EMN,2013-10-29,Q3_2013,10-Q,84,medium,negative,23.124999999999993
EMN,2014-07-31,Q2_2014,10-Q,54,medium,negative,9.659090909090905
EMN,2015-05-06,Q1_2015,10-Q,-9,medium,negative,-16.176470588235308
EMN,2014-11-05,Q3_2014,10-Q,78,medium,negative,-18.713450292397667
EMN,2015-07-31,Q2_2015,10-Q,-92,medium,negative,20.000000000000007
EMN,2015-11-04,Q3_2015,10-Q,54,medium,negative,-7.065217391304354
EMN,2016-05-06,Q1_2016,10-Q,-18,medium,negative,25.185185185185173
EMN,2013-03-01,FY2012,10-K,162,medium,positive,-129.9145299145299
EMN,2016-08-04,Q2_2016,10-Q,-21,medium,negative,-3.9325842696629247
EMN,2017-05-06,Q1_2017,10-Q,-13,medium,negative,13.173652694610777
EMN,2016-11-05,Q3_2016,10-Q,10,medium,negative,5.405405405405411
EMN,2014-03-01,FY2013,10-K,203,medium,positive,93.04347826086959
EMN,2017-11-03,Q3_2017,10-Q,-26,medium,negative,18.716577540106954
EMN,2017-08-05,Q2_2017,10-Q,19,medium,negative,8.69565217391304
EMN,2018-05-08,Q1_2018,10-Q,-60,medium,negative,2.5641025641025665
EMN,2015-02-28,FY2014,10-K,135,medium,negative,-92.14285714285714
EMN,2018-08-04,Q2_2018,10-Q,-36,medium,negative,8.636363636363633
EMN,2016-02-26,FY2015,10-K,101,medium,negative,-45.033112582781456
EMN,2019-05-04,Q1_2019,10-Q,-79,medium,negative,-20.25731732771031
EMN,2018-10-30,Q3_2018,10-Q,-72,medium,negative,29.017857142857135
EMN,2019-08-07,Q2_2019,10-Q,-34,medium,negative,-11.33179641780457
EMN,2017-02-28,FY2016,10-K,173,medium,negative,-40.816326530612244
EMN,2020-05-12,Q1_2020,10-Q,34,medium,negative,10.31536185189724
EMN,2019-11-02,Q3_2019,10-Q,-56,medium,negative,-3.971022136420853
EMN,2020-08-06,Q2_2020,10-Q,45,medium,negative,-80.94294317185654
EMN,2018-03-02,FY2017,10-K,217,medium,positive,nan
EMN,2020-11-04,Q3_2020,10-Q,112,medium,negative,-13.774205334307643
EMN,2021-05-04,Q1_2021,10-Q,41,medium,negative,-2.4079250649796444
EMN,2021-08-04,Q2_2021,10-Q,20,medium,negative,-145.95864580917282
EMN,2021-11-02,Q3_2021,10-Q,100,medium,negative,4.455833878644255
EMN,2022-05-05,Q1_2022,10-Q,-15,medium,negative,-14.802175384455182
EMN,2020-02-27,FY2019,10-K,115,medium,positive,-85.71879556831678
EMN,2021-02-23,FY2020,10-K,218,medium,positive,-84.74861742901476
EMN,2019-02-28,FY2018,10-K,162,medium,positive,-86.88524590163934
EMN,2022-08-02,Q2_2022,10-Q,88,medium,negative,-24.235355589975185
EMN,2022-10-29,Q3_2022,10-Q,21,medium,negative,21.13273883092135
EMN,2023-07-29,Q2_2023,10-Q,109,medium,negative,17.373319544984493
EMN,2023-04-29,Q1_2023,10-Q,74,medium,negative,-10.387095741786803
EMN,2022-02-26,FY2021,10-K,166,medium,positive,50.19991020076543
EMN,2024-04-27,Q1_2024,10-Q,71,medium,negative,-3.0088199173830557
EMN,2023-10-28,Q3_2023,10-Q,31,medium,negative,3.2106119904408885
EMN,2024-07-27,Q2_2024,10-Q,25,medium,negative,-3.601047469030596
EMN,2025-04-26,Q1_2025,10-Q,45,medium,negative,-17.029113796948575
EMN,2024-11-02,Q3_2024,10-Q,79,medium,negative,-28.874591493773043
EMN,2025-08-02,Q2_2025,10-Q,49,medium,negative,-30.541889029091372
EMN,2023-02-16,FY2022,10-K,119,medium,positive,-99.33853473489587
EMN,2025-11-05,Q3_2025,10-Q,67,medium,negative,-64.59626792853628
EMN,2024-02-15,FY2023,10-K,94,medium,negative,101.41841782360068
EQR,2006-05-09,Q1_2006,10-Q,106,medium,negative,nan
EMN,2025-02-15,FY2024,10-K,132,medium,negative,79.15226672087823
EQR,2006-08-08,Q2_2006,10-Q,93,medium,negative,nan
EQR,2006-11-07,Q3_2006,10-Q,9,medium,negative,120.0
EQR,2007-05-10,Q1_2007,10-Q,169,medium,positive,nan
EQR,2007-08-08,Q2_2007,10-Q,36,medium,negative,nan
EQR,2007-11-08,Q3_2007,10-Q,110,medium,negative,nan
EQR,2008-08-08,Q2_2008,10-Q,146,medium,negative,130.0
EQR,2008-05-09,Q1_2008,10-Q,172,medium,negative,63.33333333333334
EQR,2008-11-07,Q3_2008,10-Q,44,medium,negative,90.62499999999999
EQR,2009-05-08,Q1_2009,10-Q,121,medium,negative,115.3846153846154
EQR,2009-08-07,Q2_2009,10-Q,90,medium,negative,nan
EQR,2009-11-06,Q3_2009,10-Q,61,medium,negative,113.63636363636363
EQR,2010-05-07,Q1_2010,10-Q,-78,medium,negative,nan
EQR,2010-08-06,Q2_2010,10-Q,-41,medium,negative,-82.35
EQR,2007-03-01,FY2006,10-K,-5,medium,negative,nan
EQR,2010-11-05,Q3_2010,10-Q,-32,medium,negative,100.0
EQR,2009-02-27,FY2008,10-K,-16,medium,negative,-33.33333333333333
EQR,2008-02-28,FY2007,10-K,0,medium,negative,nan
EQR,2010-02-26,FY2009,10-K,108,medium,negative,113.63636363636363
EQR,2006-03-09,FY2005,10-K,-17,medium,negative,146.875
EQR,2011-05-06,Q1_2011,10-Q,-43,medium,negative,114.99999999999999
EQR,2011-08-06,Q2_2011,10-Q,-88,medium,negative,67.9245283018868
EQR,2011-11-05,Q3_2011,10-Q,-103,medium,negative,142.85714285714286
EQR,2012-05-04,Q1_2012,10-Q,17,medium,negative,188.23529411764702
EQR,2012-08-03,Q2_2012,10-Q,37,medium,negative,78.94736842105264
EQR,2012-11-02,Q3_2012,10-Q,-3,medium,negative,nan
EQR,2013-05-10,Q1_2013,10-Q,106,medium,negative,74.56647398843931
EQR,2011-02-25,FY2010,10-K,131,medium,negative,179.16666666666669
EQR,2013-08-09,Q2_2013,10-Q,100,medium,negative,66.66666666666666
EQR,2013-11-08,Q3_2013,10-Q,-7,medium,negative,12.903225806451612
EQR,2014-05-09,Q1_2014,10-Q,84,medium,negative,-30.0
EQR,2014-08-08,Q2_2014,10-Q,119,medium,negative,-9.090909090909099
EQR,2014-11-07,Q3_2014,10-Q,59,medium,negative,78.78787878787877
EQR,2015-05-07,Q1_2015,10-Q,173,medium,positive,37.142857142857146
EQR,2015-08-07,Q2_2015,10-Q,66,medium,negative,nan
EQR,2015-11-06,Q3_2015,10-Q,-2,medium,negative,100.0
EQR,2016-05-06,Q1_2016,10-Q,51,medium,negative,24.535809018567647
EQR,2016-08-05,Q2_2016,10-Q,-5,medium,negative,111.11111111111107
EQR,2016-11-03,Q3_2016,10-Q,17,medium,negative,107.69230769230771
EQR,2012-02-25,FY2011,10-K,-20,medium,negative,191.66666666666666
EQR,2017-05-05,Q1_2017,10-Q,-6,medium,negative,100.0
EQR,2013-02-22,FY2012,10-K,-20,medium,negative,133.33333333333337
EQR,2017-08-05,Q2_2017,10-Q,-73,medium,negative,nan
EQR,2017-11-02,Q3_2017,10-Q,10,medium,negative,16.129032258064512
EQR,2018-05-04,Q1_2018,10-Q,-28,medium,negative,nan
EQR,2018-08-03,Q2_2018,10-Q,-12,medium,negative,-3.2258064516129057
EQR,2018-10-31,Q3_2018,10-Q,-53,medium,negative,93.10344827586209
EQR,2014-02-28,FY2013,10-K,-58,medium,negative,188.23529411764704
EQR,2019-05-07,Q1_2019,10-Q,-100,medium,negative,-7.69230769230768
EQR,2018-02-23,FY2017,10-K,-12,medium,negative,-21.052631578947373
EQR,2019-08-03,Q2_2019,10-Q,-60,medium,negative,150.0
EQR,2015-02-27,FY2014,10-K,-57,medium,negative,nan
EQR,2019-02-22,FY2018,10-K,-46,medium,negative,-26.829268292682922
EQR,2019-10-31,Q3_2019,10-Q,-66,medium,negative,85.92870038533049
EQR,2020-05-08,Q1_2020,10-Q,-19,medium,negative,139.70037453183522
EQR,2020-08-04,Q2_2020,10-Q,-28,medium,negative,135.49783549783552
EQR,2016-02-26,FY2015,10-K,-76,medium,negative,63.63636363636363
EQR,2020-10-31,Q3_2020,10-Q,-10,medium,negative,-19.31688294224434
EQR,2021-05-01,Q1_2021,10-Q,2,medium,negative,-4.543718976708672
EQR,2020-02-21,FY2019,10-K,-32,medium,negative,94.8051948051948
EQR,2021-07-31,Q2_2021,10-Q,-55,medium,negative,nan
EQR,2017-02-24,FY2016,10-K,-47,medium,negative,nan
EQR,2021-10-30,Q3_2021,10-Q,-60,medium,negative,nan
EQR,2022-04-30,Q1_2022,10-Q,-101,medium,negative,-27.357843335082134
EQR,2022-07-30,Q2_2022,10-Q,-72,medium,negative,102.51252831742981
EQR,2023-04-29,Q1_2023,10-Q,-146,medium,negative,75.04923259666782
EQR,2022-10-29,Q3_2022,10-Q,-62,medium,negative,141.4334748967363
EQR,2021-02-19,FY2020,10-K,32,medium,negative,164.6139042578783
EQR,2023-11-03,Q3_2023,10-Q,-117,medium,negative,-4.878667455821423
EQR,2023-08-03,Q2_2023,10-Q,-152,medium,negative,-1.2016021361815765
EQR,2024-05-03,Q1_2024,10-Q,-117,medium,negative,131.4119132055058
EQR,2022-02-18,FY2021,10-K,-23,medium,negative,nan
EQR,2024-08-02,Q2_2024,10-Q,-100,medium,negative,17.591721542803384
EQR,2024-11-05,Q3_2024,10-Q,-133,medium,negative,-7.713231008354383
EQR,2023-02-17,FY2022,10-K,57,medium,negative,10.976060878296243
EQR,2025-05-01,Q1_2025,10-Q,-60,medium,negative,157.99992298509767
ERIE,2006-02-23,FY2005,10-K,-137,medium,negative,-7.792207792207799
ERIE,2006-05-04,Q1_2006,10-Q,-37,medium,negative,-25.510204081632654
ERIE,2007-02-27,FY2006,10-K,-101,medium,negative,17.91044776119403
ERIE,2006-08-03,Q2_2006,10-Q,-75,medium,negative,6.1728395061728305
EQR,2025-08-07,Q2_2025,10-Q,-119,medium,negative,46.860130411795815
EQR,2024-02-16,FY2023,10-K,-18,medium,negative,86.01190476190477
ERIE,2006-11-02,Q3_2006,10-Q,57,medium,negative,15.492957746478872
EQR,2025-10-31,Q3_2025,10-Q,-143,medium,negative,73.07917202666356
ERIE,2007-05-03,Q1_2007,10-Q,-20,medium,negative,57.14285714285713
ERIE,2007-08-02,Q2_2007,10-Q,1,medium,negative,109.43396226415094
ERIE,2008-07-31,Q2_2008,10-Q,14,medium,negative,-26.804123711340207
ERIE,2007-11-01,Q3_2007,10-Q,3,medium,negative,-5.434782608695657
ERIE,2008-05-01,Q1_2008,10-Q,-51,medium,negative,-37.80487804878048
ERIE,2009-05-01,Q1_2009,10-Q,-72,medium,negative,-73.23943661971832
ERIE,2008-11-06,Q3_2008,10-Q,-31,medium,negative,-93.13725490196077
EQR,2025-02-14,FY2024,10-K,103,medium,negative,165.88030552064203
ERIE,2009-08-06,Q2_2009,10-Q,-91,medium,negative,-33.720930232558146
ERIE,2009-10-30,Q3_2009,10-Q,-128,medium,negative,7.812499999999989
ERIE,2008-02-28,FY2007,10-K,-84,medium,negative,0.0
ERIE,2009-02-27,FY2008,10-K,-123,medium,negative,-118.18181818181819
ERIE,2010-07-30,Q2_2010,10-Q,-117,medium,negative,156.24999999999997
ERIE,2010-05-07,Q1_2010,10-Q,-119,medium,negative,156.24999999999997
ERIE,2010-02-26,FY2009,10-K,-171,medium,negative,-14.03508771929824
ERIE,2010-11-05,Q3_2010,10-Q,-155,medium,negative,70.90909090909089
ERIE,2011-05-06,Q1_2011,10-Q,-69,medium,negative,20.0
ERIE,2011-08-03,Q2_2011,10-Q,-90,medium,negative,20.0
ERIE,2011-02-25,FY2010,10-K,-151,medium,negative,-73.91304347826087
ERIE,2011-11-04,Q3_2011,10-Q,-63,medium,negative,42.622950819672134
ERIE,2012-05-04,Q1_2012,10-Q,-150,medium,negative,-30.208333333333325
ERIE,2012-11-02,Q3_2012,10-Q,-166,medium,negative,31.506849315068493
ERIE,2012-08-03,Q2_2012,10-Q,-104,medium,negative,-24.528301886792452
ERIE,2012-02-28,FY2011,10-K,-166,medium,negative,-21.7391304347826
ERIE,2013-04-30,Q1_2013,10-Q,-100,medium,negative,-8.000000000000007
ERIE,2014-05-02,Q1_2014,10-Q,-170,medium,negative,27.536231884057983
ERIE,2013-11-01,Q3_2013,10-Q,-133,medium,negative,-17.924528301886795
ERIE,2013-08-02,Q2_2013,10-Q,-138,medium,negative,-16.000000000000004
ERIE,2014-08-01,Q2_2014,10-Q,-186,medium,negative,0.0
ERIE,2014-10-31,Q3_2014,10-Q,-163,medium,negative,-6.249999999999995
ERIE,2013-02-27,FY2012,10-K,-156,medium,negative,18.518518518518512
ERIE,2016-04-29,Q1_2016,10-Q,-136,medium,negative,0.0
ERIE,2015-05-01,Q1_2015,10-Q,-262,medium,negative,-30.188679245283023
ERIE,2016-07-29,Q2_2016,10-Q,-190,medium,negative,25.806451612903214
ERIE,2014-02-28,FY2013,10-K,-155,medium,negative,65.85365853658539
ERIE,2016-02-26,FY2015,10-K,-125,medium,negative,-21.917808219178088
ERIE,2015-10-30,Q3_2015,10-Q,-160,medium,negative,2.1739130434782505
ERIE,2015-07-31,Q2_2015,10-Q,-179,medium,negative,20.2247191011236
ERIE,2016-10-28,Q3_2016,10-Q,-110,medium,negative,17.20430107526882
ERIE,2017-05-02,Q1_2017,10-Q,-157,medium,negative,-8.080808080808078
ERIE,2017-10-27,Q3_2017,10-Q,-90,medium,negative,3.703703703703707
ERIE,2015-02-27,FY2014,10-K,-156,medium,negative,-47.82608695652174
ERIE,2017-07-28,Q2_2017,10-Q,-97,medium,negative,-13.846153846153841
ERIE,2018-04-27,Q1_2018,10-Q,-81,medium,negative,28.571428571428577
ERIE,2017-02-24,FY2016,10-K,-98,medium,negative,17.333333333333336
ERIE,2018-07-27,Q2_2018,10-Q,-100,medium,negative,13.432835820895516
ERIE,2018-10-26,Q3_2018,10-Q,-62,medium,negative,42.59259259259259
ERIE,2019-05-03,Q1_2019,10-Q,-103,medium,negative,5.1094890510948785
ERIE,2019-07-26,Q2_2019,10-Q,-131,medium,negative,2.4390243902439046
ERIE,2018-02-23,FY2017,10-K,-106,medium,negative,-15.277777777777777
ERIE,2019-10-25,Q3_2019,10-Q,-95,medium,negative,7.1428571428571495
ERIE,2020-05-08,Q1_2020,10-Q,-194,medium,negative,-26.623376623376632
ERIE,2020-07-31,Q2_2020,10-Q,-75,medium,negative,6.081081081081086
ERIE,2020-02-28,FY2019,10-K,-59,medium,negative,-12.977099236641232
ERIE,2020-10-30,Q3_2020,10-Q,-114,medium,negative,3.63636363636364
ERIE,2019-02-22,FY2018,10-K,-150,medium,negative,40.0
ERIE,2021-04-30,Q1_2021,10-Q,-111,medium,negative,-3.0707995627874354
ERIE,2021-07-30,Q2_2021,10-Q,-44,medium,negative,0.0
ERIE,2021-02-26,FY2020,10-K,-129,medium,negative,10.091743119266043
ERIE,2021-10-29,Q3_2021,10-Q,-56,medium,negative,-0.5780346820809253
ERIE,2022-07-29,Q2_2022,10-Q,-89,medium,negative,-1.95952786784401
ERIE,2022-10-28,Q3_2022,10-Q,-118,medium,negative,-5.795066236015529
ERIE,2022-04-29,Q1_2022,10-Q,-87,medium,negative,-8.12304498464042
ERIE,2023-04-28,Q1_2023,10-Q,-130,medium,negative,11.379622254323552
ERIE,2022-02-25,FY2021,10-K,-12,medium,negative,-6.250000000000005
ERIE,2023-07-28,Q2_2023,10-Q,-94,medium,negative,18.03835984387459
ERIE,2023-10-27,Q3_2023,10-Q,-87,medium,negative,22.199989289243963
ERIE,2023-03-02,FY2022,10-K,-139,medium,negative,-5.3630167828004955
ERIE,2024-04-26,Q1_2024,10-Q,-80,medium,negative,4.007341694707857
ERIE,2024-07-26,Q2_2024,10-Q,-71,medium,negative,21.449635263076207
ERIE,2024-02-27,FY2023,10-K,-50,medium,negative,4.249011857707503
ERIE,2025-04-25,Q1_2025,10-Q,-93,medium,negative,-14.387710598155296
ERIE,2024-11-01,Q3_2024,10-Q,-71,medium,negative,1.4067703931997846
EW,2006-05-11,Q1_2006,10-Q,78,medium,negative,-44.72727272727273
ERIE,2025-08-08,Q2_2025,10-Q,-74,medium,negative,-3.9208353709403765
ERIE,2025-10-31,Q3_2025,10-Q,-112,medium,negative,2.9673590504451064
EW,2007-05-10,Q1_2007,10-Q,76,medium,negative,-67.85714285714286
EW,2006-08-10,Q2_2006,10-Q,-40,medium,negative,-59.74999999999999
ERIE,2025-02-28,FY2024,10-K,61,medium,negative,5.520805004079412
EW,2006-11-10,Q3_2006,10-Q,49,medium,negative,-68.74999999999999
EW,2007-11-10,Q3_2007,10-Q,52,medium,negative,-60.0
EW,2006-03-10,FY2005,10-K,100,medium,negative,-58.61538461538461
EW,2008-05-10,Q1_2008,10-Q,73,medium,negative,-74.2
EW,2007-08-09,Q2_2007,10-Q,62,medium,negative,-66.07142857142857
EW,2008-08-09,Q2_2008,10-Q,110,medium,negative,-62.8
EW,2009-05-09,Q1_2009,10-Q,86,medium,negative,-46.375
EW,2008-11-08,Q3_2008,10-Q,83,medium,negative,-66.64285714285715
EW,2007-03-02,FY2006,10-K,-44,medium,negative,-75.33333333333333
EW,2009-11-07,Q3_2009,10-Q,93,medium,negative,-37.5
EW,2009-08-08,Q2_2009,10-Q,122,medium,negative,-62.5
EW,2011-05-10,Q1_2011,10-Q,10,medium,negative,-41.133333333333326
EW,2010-11-09,Q3_2010,10-Q,65,medium,negative,-66.65
EW,2010-05-08,Q1_2010,10-Q,51,medium,negative,-66.65
EW,2010-08-07,Q2_2010,10-Q,85,medium,negative,-61.904761904761905
EW,2008-03-01,FY2007,10-K,14,medium,negative,-80.75
EW,2009-03-03,FY2008,10-K,0,medium,negative,-68.5
EW,2011-08-09,Q2_2011,10-Q,50,medium,negative,-68.0
EW,2012-05-10,Q1_2012,10-Q,42,medium,negative,-56.333333333333336
EW,2011-11-09,Q3_2011,10-Q,74,medium,negative,-65.85714285714285
EW,2012-08-08,Q2_2012,10-Q,7,medium,negative,-70.3125
EW,2010-02-27,FY2009,10-K,-16,medium,negative,-66.52380952380952
EW,2012-11-08,Q3_2012,10-Q,91,medium,negative,-64.18518518518519
EW,2011-03-01,FY2010,10-K,-63,medium,negative,-60.37499999999999
EW,2013-05-07,Q1_2013,10-Q,-51,medium,negative,-47.5
EW,2013-08-07,Q2_2013,10-Q,-76,medium,negative,-60.0
EW,2012-02-28,FY2011,10-K,-66,medium,negative,-69.55172413793103
EW,2013-11-08,Q3_2013,10-Q,-76,medium,negative,-65.625
EW,2014-05-03,Q1_2014,10-Q,-32,medium,negative,-70.84375
EW,2013-03-01,FY2012,10-K,-31,medium,negative,-58.06451612903225
EW,2014-08-05,Q2_2014,10-Q,44,medium,negative,165.625
EW,2015-04-30,Q1_2015,10-Q,116,medium,negative,-60.416666666666664
EW,2014-11-01,Q3_2014,10-Q,14,medium,negative,-56.25
EW,2015-07-30,Q2_2015,10-Q,58,medium,negative,-65.99999999999999
EW,2014-03-01,FY2013,10-K,-42,medium,negative,-69.44444444444444
EW,2015-10-30,Q3_2015,10-Q,31,medium,negative,-59.09090909090909
EW,2016-04-30,Q1_2016,10-Q,-23,medium,negative,-63.934426229508205
EW,2016-10-29,Q3_2016,10-Q,-72,medium,negative,-67.64705882352942
EW,2016-07-30,Q2_2016,10-Q,-41,medium,negative,-70.3125
EW,2015-02-21,FY2014,10-K,-20,medium,negative,-60.465116279069775
EW,2017-04-29,Q1_2017,10-Q,15,medium,negative,-50.0
EW,2017-07-29,Q2_2017,10-Q,-60,medium,negative,-57.352941176470594
EW,2017-10-28,Q3_2017,10-Q,-38,medium,negative,-70.45454545454545
EW,2018-04-28,Q1_2018,10-Q,-90,medium,negative,-68.0
EW,2018-07-28,Q2_2018,10-Q,-37,medium,negative,25.714285714285722
EW,2018-10-27,Q3_2018,10-Q,-38,medium,negative,9.374999999999991
EW,2016-02-20,FY2015,10-K,-26,medium,negative,-65.57377049180329
EW,2019-04-27,Q1_2019,10-Q,-10,medium,negative,-4.346119886196412
EW,2017-02-18,FY2016,10-K,-68,medium,negative,-65.21739130434783
EW,2019-07-27,Q2_2019,10-Q,10,medium,negative,-14.225091417994676
EW,2020-04-29,Q1_2020,10-Q,93,medium,negative,11.726748295597048
EW,2019-10-26,Q3_2019,10-Q,103,medium,negative,5.765446674537588
EW,2018-02-17,FY2017,10-K,10,medium,negative,-93.72727272727272
EW,2020-07-28,Q2_2020,10-Q,100,medium,negative,nan
EW,2020-10-27,Q3_2020,10-Q,100,medium,negative,17.400040638475613
EW,2021-04-29,Q1_2021,10-Q,17,medium,negative,14.230110210902641
EW,2021-07-31,Q2_2021,10-Q,12,medium,negative,40.591204037491
EW,2019-02-16,FY2018,10-K,-13,medium,negative,-97.43589743589743
EW,2020-02-15,FY2019,10-K,40,medium,negative,-11.152393837206954
EW,2021-10-30,Q3_2021,10-Q,20,medium,negative,1.3894104393541258
EW,2021-02-13,FY2020,10-K,22,medium,negative,-7.566354152911655
EW,2022-04-29,Q1_2022,10-Q,137,medium,negative,3.2913165266106312
EW,2022-07-30,Q2_2022,10-Q,7,medium,negative,1.5022330491270923
EW,2022-10-29,Q3_2022,10-Q,31,medium,negative,-11.474512707431305
EW,2023-04-29,Q1_2023,10-Q,21,medium,negative,-7.958318266986606
EW,2022-02-15,FY2021,10-K,0,medium,negative,-3.339351826521482
EW,2023-07-29,Q2_2023,10-Q,48,medium,negative,-22.81330081200408
EW,2023-10-28,Q3_2023,10-Q,3,medium,negative,6.228712103328495
EW,2024-04-30,Q1_2024,10-Q,-100,medium,negative,-9.790807994400819
EW,2023-02-14,FY2022,10-K,0,medium,negative,5.512629050061682
EW,2024-08-01,Q2_2024,10-Q,22,medium,negative,-12.135397911415202
EW,2025-05-07,Q1_2025,10-Q,26,medium,negative,2.2683454322933327
EW,2024-11-07,Q3_2024,10-Q,-24,medium,negative,nan
EW,2024-02-13,FY2023,10-K,1,medium,negative,-4.289704082593284
EW,2025-08-07,Q2_2025,10-Q,-24,medium,negative,-10.219001507038175
EW,2025-11-06,Q3_2025,10-Q,-41,medium,negative,-16.127084241956588
EXPD,2006-05-11,Q1_2006,10-Q,68,medium,negative,71.4285714285714
EXPD,2007-05-11,Q1_2007,10-Q,59,medium,negative,0.0
EW,2025-03-01,FY2024,10-K,100,medium,negative,18.02302356828994
EXPD,2006-08-10,Q2_2006,10-Q,-3,medium,negative,-7.407407407407414
EXPD,2006-11-10,Q3_2006,10-Q,31,medium,negative,0.0
EXPD,2007-11-10,Q3_2007,10-Q,56,medium,negative,0.0
EXPD,2006-03-17,FY2005,10-K,196,medium,positive,65.21739130434781
EXPD,2007-08-10,Q2_2007,10-Q,47,medium,negative,0.0
EXPD,2008-11-08,Q3_2008,10-Q,65,medium,negative,11.42857142857144
EXPD,2008-05-10,Q1_2008,10-Q,55,medium,negative,-6.250000000000005
EXPD,2008-08-09,Q2_2008,10-Q,108,medium,negative,-11.111111111111107
EXPD,2007-03-02,FY2006,10-K,188,medium,positive,-14.705882352941188
EXPD,2009-05-09,Q1_2009,10-Q,81,medium,negative,-9.999999999999991
EXPD,2009-08-08,Q2_2009,10-Q,77,medium,negative,0.0
EXPD,2010-05-08,Q1_2010,10-Q,100,medium,negative,0.0
EXPD,2008-03-01,FY2007,10-K,92,medium,negative,-8.333333333333325
EXPD,2009-11-10,Q3_2009,10-Q,89,medium,negative,-12.903225806451607
EXPD,2010-08-07,Q2_2010,10-Q,111,medium,negative,16.666666666666664
EXPD,2011-05-10,Q1_2011,10-Q,-7,medium,negative,31.249999999999993
EXPD,2010-11-09,Q3_2010,10-Q,-5,medium,negative,9.999999999999995
EXPD,2009-02-28,FY2008,10-K,49,medium,negative,8.823529411764696
EXPD,2010-02-27,FY2009,10-K,-4,medium,negative,37.500000000000014
EXPD,2011-11-08,Q3_2011,10-Q,-32,medium,negative,4.1666666666666705
EXPD,2011-08-06,Q2_2011,10-Q,0,medium,negative,-8.33333333333333
EXPD,2012-08-09,Q2_2012,10-Q,-70,medium,negative,-17.021276595744673
EXPD,2012-05-08,Q1_2012,10-Q,-67,medium,negative,-14.285714285714285
EXPD,2012-11-08,Q3_2012,10-Q,-1,medium,negative,-4.545454545454549
EXPD,2011-03-01,FY2010,10-K,-1,medium,negative,0.0
EXPD,2013-05-04,Q1_2013,10-Q,19,medium,negative,0.0
EXPD,2013-08-09,Q2_2013,10-Q,128,medium,negative,9.756097560975618
EXPD,2013-11-08,Q3_2013,10-Q,40,medium,negative,-15.094339622641511
EXPD,2014-05-09,Q1_2014,10-Q,119,medium,negative,0.0
EXPD,2012-02-29,FY2011,10-K,-104,medium,negative,-15.686274509803924
EXPD,2013-02-28,FY2012,10-K,30,medium,negative,-13.043478260869565
EXPD,2014-11-07,Q3_2014,10-Q,92,medium,negative,17.777777777777782
EXPD,2014-08-08,Q2_2014,10-Q,122,medium,negative,-4.166666666666659
EXPD,2015-05-08,Q1_2015,10-Q,60,medium,negative,34.14634146341465
EXPD,2014-02-28,FY2013,10-K,13,medium,negative,-22.641509433962273
EXPD,2015-08-07,Q2_2015,10-Q,157,medium,negative,29.787234042553195
EXPD,2015-11-06,Q3_2015,10-Q,55,medium,negative,6.896551724137938
EXPD,2016-05-05,Q1_2016,10-Q,41,medium,negative,-3.636363636363639
EXPD,2017-05-05,Q1_2017,10-Q,95,medium,negative,-16.393442622950815
EXPD,2016-08-05,Q2_2016,10-Q,44,medium,negative,14.545454545454536
EXPD,2016-11-09,Q3_2016,10-Q,74,medium,negative,-16.901408450704224
EXPD,2015-02-27,FY2014,10-K,18,medium,negative,8.51063829787235
EXPD,2017-08-09,Q2_2017,10-Q,63,medium,negative,3.448275862068969
EXPD,2017-11-08,Q3_2017,10-Q,92,medium,negative,22.22222222222222
EXPD,2016-02-26,FY2015,10-K,47,medium,negative,3.3898305084745797
EXPD,2018-05-10,Q1_2018,10-Q,197,medium,negative,40.74074074074073
EXPD,2019-05-09,Q1_2019,10-Q,122,medium,negative,-3.879657330978377
EXPD,2017-02-24,FY2016,10-K,105,medium,negative,3.3898305084745797
EXPD,2018-11-08,Q3_2018,10-Q,86,medium,negative,39.39393939393939
EXPD,2018-08-09,Q2_2018,10-Q,43,medium,negative,2.5974025974025996
EXPD,2019-08-08,Q2_2019,10-Q,124,medium,negative,7.757301169411623
EXPD,2019-11-07,Q3_2019,10-Q,127,medium,negative,1.3394430736693757
EXPD,2020-05-08,Q1_2020,10-Q,32,medium,negative,11.456469184640973
EXPD,2018-02-24,FY2017,10-K,61,medium,negative,67.27272727272727
EXPD,2020-11-05,Q3_2020,10-Q,64,medium,negative,15.187230672714003
EXPD,2020-08-07,Q2_2020,10-Q,113,medium,negative,50.357270946561094
EXPD,2019-02-23,FY2018,10-K,123,medium,negative,49.99999999999999
EXPD,2021-05-07,Q1_2021,10-Q,44,medium,negative,58.38541716063317
EXPD,2021-11-05,Q3_2021,10-Q,9,medium,negative,16.85116851168511
EXPD,2021-08-06,Q2_2021,10-Q,52,medium,negative,12.558879305071269
EXPD,2022-05-10,Q1_2022,10-Q,-104,medium,negative,18.92123933334493
EXPD,2020-02-22,FY2019,10-K,142,medium,negative,-7.570988990417796
EXPD,2022-11-09,Q3_2022,10-Q,-86,medium,negative,29.102433123414812
EXPD,2022-08-05,Q2_2022,10-Q,-31,medium,negative,7.639053535018246
EXPD,2021-02-20,FY2020,10-K,113,medium,negative,7.448197926990789
EXPD,2023-05-05,Q1_2023,10-Q,-79,medium,negative,8.63620357675335
EXPD,2023-08-09,Q2_2023,10-Q,-113,medium,negative,-4.862269839875886
EXPD,2022-03-16,FY2021,10-K,0,medium,negative,26.895683161515304
EXPD,2024-05-10,Q1_2024,10-Q,-28,medium,negative,7.61391438715254
EXPD,2023-11-09,Q3_2023,10-Q,-72,medium,negative,-9.467654197657088
EXPD,2024-08-09,Q2_2024,10-Q,-139,medium,negative,-1.8435988569528796
EXPD,2024-11-06,Q3_2024,10-Q,-38,medium,negative,23.059733043425737
EXPD,2023-03-02,FY2022,10-K,92,medium,negative,-30.453713922864107
EXPD,2025-05-09,Q1_2025,10-Q,10,medium,negative,7.2601240423203155
EXPD,2024-02-24,FY2023,10-K,70,medium,negative,-10.547955323217305
EXPD,2025-11-07,Q3_2025,10-Q,-14,medium,negative,17.783092380726657
EXPD,2025-08-08,Q2_2025,10-Q,10,medium,negative,7.4131076054893015
F,2006-05-10,Q1_2006,10-Q,-179,medium,negative,nan
EXPD,2025-02-22,FY2024,10-K,-16,medium,negative,17.139291167836888
F,2006-08-05,Q2_2006,10-Q,-26,medium,negative,-170.83333333333334
F,2007-05-10,Q1_2007,10-Q,3,medium,negative,85.0
F,2006-11-15,Q3_2006,10-Q,94,medium,negative,nan
F,2007-08-08,Q2_2007,10-Q,-31,medium,negative,141.33333333333334
F,2007-11-09,Q3_2007,10-Q,89,medium,positive,76.82926829268291
F,2008-05-08,Q1_2008,10-Q,-100,medium,negative,106.38297872340425
F,2008-08-09,Q2_2008,10-Q,-148,medium,negative,nan
F,2006-03-02,FY2005,10-K,-180,medium,negative,nan
F,2007-03-01,FY2006,10-K,-165,medium,negative,nan
F,2008-11-08,Q3_2008,10-Q,-59,medium,negative,87.6140350877193
F,2009-05-09,Q1_2009,10-Q,-120,medium,negative,64.91228070175438
F,2009-08-06,Q2_2009,10-Q,-94,medium,negative,nan
F,2010-05-08,Q1_2010,10-Q,29,medium,negative,177.7777777777778
F,2009-11-07,Q3_2009,10-Q,-77,medium,negative,164.44444444444443
F,2010-08-07,Q2_2010,10-Q,-22,medium,negative,134.6153846153846
F,2008-02-28,FY2007,10-K,-127,medium,negative,nan
F,2010-11-09,Q3_2010,10-Q,152,medium,neutral,53.571428571428555
F,2009-02-27,FY2008,10-K,-57,medium,negative,-108.130081300813
F,2011-05-11,Q1_2011,10-Q,13,medium,negative,60.526315789473685
F,2010-02-26,FY2009,10-K,-23,medium,negative,0.0
F,2012-05-05,Q1_2012,10-Q,39,medium,negative,12.903225806451607
F,2011-08-06,Q2_2011,10-Q,43,medium,negative,7.272727272727258
F,2011-11-05,Q3_2011,10-Q,32,medium,negative,-2.380952380952383
F,2012-08-04,Q2_2012,10-Q,-25,medium,negative,0.0
F,2012-11-03,Q3_2012,10-Q,-7,medium,negative,104.99999999999999
F,2011-03-01,FY2010,10-K,-150,medium,negative,-78.78787878787878
F,2013-05-02,Q1_2013,10-Q,23,medium,negative,21.21212121212121
F,2014-05-02,Q1_2014,10-Q,-52,medium,negative,-35.13513513513514
F,2013-08-01,Q2_2013,10-Q,33,medium,negative,3.448275862068969
F,2013-11-01,Q3_2013,10-Q,-10,medium,negative,0.0
F,2014-08-01,Q2_2014,10-Q,-34,medium,negative,0.0
F,2014-11-01,Q3_2014,10-Q,-40,medium,negative,49.99999999999998
F,2015-04-29,Q1_2015,10-Q,-1,medium,negative,0.0
F,2015-07-29,Q2_2015,10-Q,133,medium,negative,100.0
F,2015-10-28,Q3_2015,10-Q,24,medium,negative,12.244897959183684
F,2016-04-29,Q1_2016,10-Q,-43,medium,negative,96.77419354838709
F,2016-07-29,Q2_2016,10-Q,-47,medium,negative,-27.941176470588243
F,2016-10-28,Q3_2016,10-Q,21,medium,negative,71.4285714285714
F,2017-04-28,Q1_2017,10-Q,10,medium,negative,29.032258064516135
F,2012-02-22,FY2011,10-K,-72,medium,negative,nan
F,2017-07-27,Q2_2017,10-Q,141,medium,negative,70.0
F,2013-02-20,FY2012,10-K,71,medium,negative,110.5263157894737
F,2014-02-19,FY2013,10-K,-69,medium,negative,196.0
F,2017-10-27,Q3_2017,10-Q,45,medium,negative,69.56521739130434
F,2015-02-14,FY2014,10-K,-106,medium,negative,-93.45
F,2018-04-27,Q1_2018,10-Q,24,medium,negative,10.25641025641025
F,2018-07-27,Q2_2018,10-Q,-77,medium,negative,-22.857142857142847
F,2016-02-12,FY2015,10-K,-132,medium,negative,50.000000000000014
F,2017-02-10,FY2016,10-K,-122,medium,negative,-162.5
F,2019-04-27,Q1_2019,10-Q,-49,medium,negative,9.04305320548974
F,2018-10-26,Q3_2018,10-Q,-20,medium,negative,-7.407407407407414
F,2019-07-26,Q2_2019,10-Q,-59,medium,negative,-86.9058530836716
F,2020-10-30,Q3_2020,10-Q,-24,medium,negative,198.80478087649402
F,2019-10-25,Q3_2019,10-Q,44,medium,negative,-57.658108472227575
F,2020-04-30,Q1_2020,10-Q,-85,medium,negative,nan
F,2020-08-01,Q2_2020,10-Q,-67,medium,negative,124.02237512654644
F,2018-02-09,FY2017,10-K,-117,medium,negative,33.33333333333333
F,2021-04-30,Q1_2021,10-Q,-22,medium,negative,168.5053203832002
F,2021-10-29,Q3_2021,10-Q,34,medium,negative,67.17438145478863
F,2021-07-30,Q2_2021,10-Q,1,medium,negative,nan
F,2020-02-06,FY2019,10-K,-102,medium,negative,nan
F,2019-02-22,FY2018,10-K,-79,medium,negative,-108.5294117647059
F,2021-02-06,FY2020,10-K,-100,medium,negative,nan
F,2022-04-29,Q1_2022,10-Q,0,medium,negative,nan
F,2022-07-29,Q2_2022,10-Q,19,medium,negative,-64.64088397790054
F,2022-10-28,Q3_2022,10-Q,-13,medium,negative,-177.34521748738538
F,2023-05-04,Q1_2023,10-Q,-50,medium,negative,5.779401865563998
F,2023-07-29,Q2_2023,10-Q,-42,medium,negative,-13.411938098747234
F,2023-10-28,Q3_2023,10-Q,-112,medium,negative,-34.94665625813167
F,2022-02-05,FY2021,10-K,-80,medium,negative,nan
F,2024-04-26,Q1_2024,10-Q,-26,medium,negative,-22.76727204643325
F,2023-02-04,FY2022,10-K,-92,medium,negative,-48.60015741201792
F,2024-07-26,Q2_2024,10-Q,-36,medium,negative,-27.709328639678144
F,2024-10-30,Q3_2024,10-Q,-36,medium,negative,-52.63418520033587
F,2024-02-08,FY2023,10-K,-51,medium,negative,nan
F,2025-05-07,Q1_2025,10-Q,-69,medium,negative,nan
F,2025-08-01,Q2_2025,10-Q,-97,medium,negative,-102.7517387360145
F,2025-10-25,Q3_2025,10-Q,-34,medium,negative,69.56337431114878
FIS,2006-05-11,Q1_2006,10-Q,-94,medium,negative,-48.888888888888886
FIS,2007-05-09,Q1_2007,10-Q,-14,medium,negative,-40.0
FIS,2006-08-10,Q2_2006,10-Q,-95,medium,negative,-33.33333333333333
FIS,2006-03-17,FY2005,10-K,63,medium,negative,-65.57377049180329
FIS,2007-08-10,Q2_2007,10-Q,27,medium,negative,27.118644067796616
FIS,2006-11-10,Q3_2006,10-Q,-26,medium,negative,-25.454545454545464
FIS,2008-05-10,Q1_2008,10-Q,-4,medium,negative,-38.983050847457626
FIS,2007-11-10,Q3_2007,10-Q,-23,medium,negative,92.3076923076923
FIS,2007-03-02,FY2006,10-K,-39,medium,negative,-32.75862068965517
F,2025-02-07,FY2024,10-K,-100,medium,negative,32.36072710159421
FIS,2009-05-07,Q1_2009,10-Q,-156,medium,negative,-45.16129032258064
FIS,2008-08-09,Q2_2008,10-Q,24,medium,negative,15.624999999999996
FIS,2009-08-06,Q2_2009,10-Q,-137,medium,negative,3.3333333333333366
FIS,2009-11-06,Q3_2009,10-Q,-135,medium,negative,-27.083333333333336
FIS,2008-11-11,Q3_2008,10-Q,8,medium,negative,-39.473684210526315
FIS,2008-03-01,FY2007,10-K,-33,medium,negative,-21.428571428571416
FIS,2009-02-28,FY2008,10-K,-13,medium,negative,-62.5
FIS,2010-05-06,Q1_2010,10-Q,-191,medium,negative,-32.432432432432435
FIS,2010-08-05,Q2_2010,10-Q,-105,medium,negative,-50.0
FIS,2010-02-27,FY2009,10-K,65,medium,negative,-133.33333333333334
FIS,2010-11-06,Q3_2010,10-Q,-115,medium,negative,-34.0
FIS,2011-05-07,Q1_2011,10-Q,25,medium,negative,-33.333333333333336
FIS,2011-08-05,Q2_2011,10-Q,-34,medium,negative,-24.528301886792452
FIS,2011-11-05,Q3_2011,10-Q,-53,medium,negative,-26.666666666666668
FIS,2012-05-05,Q1_2012,10-Q,-45,medium,negative,-38.297872340425535
FIS,2011-02-26,FY2010,10-K,-13,medium,negative,-33.92857142857144
FIS,2012-08-07,Q2_2012,10-Q,-76,medium,negative,-3.8461538461538494
FIS,2012-11-08,Q3_2012,10-Q,-17,medium,negative,-52.459016393442624
FIS,2013-05-03,Q1_2013,10-Q,-36,medium,negative,-15.51724137931034
FIS,2013-08-03,Q2_2013,10-Q,-76,medium,negative,-47.826086956521735
FIS,2013-11-02,Q3_2013,10-Q,-87,medium,negative,-13.23529411764707
FIS,2014-05-08,Q1_2014,10-Q,-110,medium,negative,-22.058823529411768
FIS,2012-02-25,FY2011,10-K,-11,medium,negative,-37.5
FIS,2014-08-08,Q2_2014,10-Q,-83,medium,negative,-15.068493150684931
FIS,2013-02-27,FY2012,10-K,-77,medium,negative,-34.28571428571428
FIS,2014-11-08,Q3_2014,10-Q,-105,medium,negative,-33.33333333333333
FIS,2015-05-09,Q1_2015,10-Q,-150,medium,negative,-41.791044776119406
FIS,2016-05-05,Q1_2016,10-Q,91,medium,positive,-76.05633802816901
FIS,2015-08-07,Q2_2015,10-Q,3,medium,negative,23.52941176470587
FIS,2015-11-06,Q3_2015,10-Q,-39,medium,negative,-32.60869565217392
FIS,2014-03-01,FY2013,10-K,-65,medium,negative,-68.75
FIS,2016-08-03,Q2_2016,10-Q,107,medium,positive,-55.952380952380956
FIS,2016-11-03,Q3_2016,10-Q,146,medium,positive,-41.66666666666666
FIS,2017-05-04,Q1_2017,10-Q,30,medium,negative,-47.43589743589744
FIS,2017-11-02,Q3_2017,10-Q,173,medium,negative,-80.85106382978724
FIS,2015-02-28,FY2014,10-K,-98,medium,negative,-21.83908045977011
FIS,2017-08-04,Q2_2017,10-Q,77,medium,negative,-54.347826086956516
FIS,2018-05-03,Q1_2018,10-Q,149,medium,positive,-46.53465346534653
FIS,2018-08-01,Q2_2018,10-Q,106,medium,positive,-46.21848739495798
FIS,2016-02-27,FY2015,10-K,-116,medium,negative,-61.53846153846154
FIS,2019-05-01,Q1_2019,10-Q,8,medium,negative,-70.99449278695647
FIS,2017-02-24,FY2016,10-K,-49,medium,negative,-44.73684210526315
FIS,2018-10-31,Q3_2018,10-Q,96,medium,negative,-62.99212598425197
FIS,2018-02-23,FY2017,10-K,-55,medium,negative,109.84848484848484
FIS,2019-08-07,Q2_2019,10-Q,175,medium,negative,-73.54824216556217
FIS,2019-11-06,Q3_2019,10-Q,186,medium,positive,-78.45355307434588
FIS,2020-05-08,Q1_2020,10-Q,186,medium,negative,-98.1175732381662
FIS,2020-08-05,Q2_2020,10-Q,165,medium,negative,-97.22374429223744
FIS,2020-10-30,Q3_2020,10-Q,211,medium,neutral,-97.74055317491235
FIS,2021-05-07,Q1_2021,10-Q,261,medium,positive,-148.17054586868994
FIS,2019-02-22,FY2018,10-K,-89,medium,negative,-42.405063291139236
FIS,2021-08-04,Q2_2021,10-Q,188,medium,positive,-64.79599067238692
FIS,2022-05-04,Q1_2022,10-Q,93,medium,negative,-86.57791882182427
FIS,2021-11-05,Q3_2021,10-Q,4,medium,negative,-84.82181091497358
FIS,2020-02-21,FY2019,10-K,-125,medium,negative,-116.77478241027481
FIS,2022-08-05,Q2_2022,10-Q,239,medium,positive,-73.51078497814962
FIS,2022-11-05,Q3_2022,10-Q,136,medium,neutral,-76.55959816453996
FIS,2023-05-03,Q1_2023,10-Q,47,medium,negative,-80.41379081497213
FIS,2021-02-19,FY2020,10-K,-56,medium,negative,-89.46942601950725
FIS,2023-08-03,Q2_2023,10-Q,-34,medium,negative,nan
FIS,2022-02-24,FY2021,10-K,-181,medium,negative,-75.00263740900938
FIS,2023-11-08,Q3_2023,10-Q,-76,medium,negative,-149.15569863964902
FIS,2024-05-08,Q1_2024,10-Q,100,medium,negative,26.57045928477315
FIS,2024-08-07,Q2_2024,10-Q,127,medium,negative,-65.30782908036925
FIS,2023-02-28,FY2022,10-K,-131,medium,negative,nan
FIS,2024-11-05,Q3_2024,10-Q,26,medium,negative,-68.31358728833862
FIS,2025-05-07,Q1_2025,10-Q,144,medium,negative,-87.88881093180983
FIS,2024-02-27,FY2023,10-K,-126,medium,negative,-64.53852952316822
GRMN,2006-05-10,Q1_2006,10-Q,133,medium,positive,53.846153846153854
FIS,2025-08-06,Q2_2025,10-Q,128,medium,negative,-166.13999632555576
FIS,2025-11-06,Q3_2025,10-Q,107,medium,negative,-66.31907956780643
GRMN,2007-05-09,Q1_2007,10-Q,102,medium,positive,12.280701754385976
GRMN,2006-08-10,Q2_2006,10-Q,170,medium,positive,43.5897435897436
GRMN,2007-08-08,Q2_2007,10-Q,126,medium,positive,104.16666666666667
GRMN,2006-11-08,Q3_2006,10-Q,185,medium,positive,12.00000000000001
GRMN,2006-03-08,FY2005,10-K,103,medium,positive,53.846153846153854
GRMN,2007-11-07,Q3_2007,10-Q,116,medium,positive,17.333333333333336
FIS,2025-02-14,FY2024,10-K,-83,medium,negative,-61.74051238283032
GRMN,2008-05-08,Q1_2008,10-Q,85,medium,positive,-17.283950617283953
GRMN,2008-11-06,Q3_2008,10-Q,235,medium,positive,1.2345679012345552
GRMN,2008-08-07,Q2_2008,10-Q,123,medium,positive,45.1219512195122
GRMN,2009-05-07,Q1_2009,10-Q,147,medium,negative,-54.71698113207547
GRMN,2007-03-01,FY2006,10-K,-36,medium,negative,156.24999999999997
GRMN,2008-02-27,FY2007,10-K,-152,medium,negative,52.74725274725272
GRMN,2009-11-05,Q3_2009,10-Q,109,medium,negative,167.5
GRMN,2010-05-06,Q1_2010,10-Q,30,medium,negative,-58.69565217391305
GRMN,2009-08-06,Q2_2009,10-Q,107,medium,negative,-54.71698113207547
GRMN,2010-11-04,Q3_2010,10-Q,91,medium,negative,78.74999999999999
GRMN,2011-05-05,Q1_2011,10-Q,140,medium,positive,113.04347826086956
GRMN,2010-08-05,Q2_2010,10-Q,35,medium,negative,9.836065573770501
GRMN,2011-08-04,Q2_2011,10-Q,129,medium,negative,-23.287671232876704
GRMN,2012-05-10,Q1_2012,10-Q,142,medium,negative,18.91891891891892
GRMN,2011-11-03,Q3_2011,10-Q,175,medium,neutral,140.625
GRMN,2012-08-09,Q2_2012,10-Q,145,medium,negative,137.49999999999997
GRMN,2009-02-26,FY2008,10-K,187,medium,positive,-24.271844660194176
GRMN,2013-05-09,Q1_2013,10-Q,88,medium,negative,7.1428571428571495
GRMN,2012-11-08,Q3_2012,10-Q,200,medium,negative,50.0
GRMN,2013-08-08,Q2_2013,10-Q,202,medium,negative,62.962962962962955
GRMN,2010-02-25,FY2009,10-K,186,medium,positive,165.38461538461536
GRMN,2014-05-01,Q1_2014,10-Q,27,medium,negative,84.84848484848484
GRMN,2012-03-01,FY2011,10-K,246,medium,negative,112.49999999999997
GRMN,2011-02-24,FY2010,10-K,142,medium,negative,-26.881720430107524
GRMN,2014-10-30,Q3_2014,10-Q,69,medium,negative,nan
GRMN,2014-07-31,Q2_2014,10-Q,109,medium,negative,86.00000000000001
GRMN,2013-02-28,FY2012,10-K,130,medium,negative,-15.384615384615383
GRMN,2015-04-30,Q1_2015,10-Q,42,medium,negative,-40.67796610169492
GRMN,2013-10-31,Q3_2013,10-Q,-14,medium,negative,95.91836734693877
GRMN,2016-04-28,Q1_2016,10-Q,-29,medium,negative,31.428571428571445
GRMN,2015-07-30,Q2_2015,10-Q,5,medium,negative,-14.285714285714285
GRMN,2016-07-28,Q2_2016,10-Q,94,medium,negative,80.85106382978724
GRMN,2016-10-27,Q3_2016,10-Q,64,medium,negative,100.0
GRMN,2015-10-29,Q3_2015,10-Q,127,medium,negative,6.779661016949159
GRMN,2015-02-19,FY2014,10-K,84,medium,negative,37.9746835443038
GRMN,2014-02-20,FY2013,10-K,133,medium,negative,72.91666666666666
GRMN,2017-05-04,Q1_2017,10-Q,-21,medium,negative,75.60975609756098
GRMN,2016-02-18,FY2015,10-K,50,medium,negative,191.66666666666666
GRMN,2017-08-03,Q2_2017,10-Q,56,medium,negative,27.027027027027025
GRMN,2017-11-02,Q3_2017,10-Q,-40,medium,negative,40.35087719298247
GRMN,2018-08-02,Q2_2018,10-Q,102,medium,negative,33.33333333333333
GRMN,2018-05-03,Q1_2018,10-Q,-92,medium,negative,54.545454545454554
GRMN,2017-02-23,FY2016,10-K,110,medium,negative,75.60975609756098
GRMN,2018-11-01,Q3_2018,10-Q,-54,medium,negative,86.53846153846153
GRMN,2019-05-02,Q1_2019,10-Q,-5,medium,negative,4.858936390301972
GRMN,2018-02-22,FY2017,10-K,60,medium,negative,0.0
GRMN,2019-08-01,Q2_2019,10-Q,-5,medium,negative,16.335723021546947
GRMN,2019-10-31,Q3_2019,10-Q,-4,medium,negative,23.59013771472487
GRMN,2020-04-30,Q1_2020,10-Q,-23,medium,negative,0.0
GRMN,2019-02-21,FY2018,10-K,100,medium,negative,72.41379310344828
GRMN,2020-10-29,Q3_2020,10-Q,-20,medium,negative,63.40852130325813
GRMN,2020-07-30,Q2_2020,10-Q,-25,medium,negative,150.46309582822403
GRMN,2021-04-29,Q1_2021,10-Q,-61,medium,negative,24.83984362166955
GRMN,2020-02-20,FY2019,10-K,119,medium,negative,80.64516129032259
GRMN,2021-07-29,Q2_2021,10-Q,-33,medium,negative,31.21469604595714
GRMN,2022-04-28,Q1_2022,10-Q,-40,medium,negative,-2.3244977328530076
GRMN,2021-10-28,Q3_2021,10-Q,-40,medium,negative,5.35170960666075
GRMN,2021-02-18,FY2020,10-K,108,medium,negative,23.360834004806076
GRMN,2022-07-28,Q2_2022,10-Q,-4,medium,negative,-7.768909107300116
GRMN,2022-10-27,Q3_2022,10-Q,-33,medium,negative,-4.12187956300687
GRMN,2023-05-04,Q1_2023,10-Q,-46,medium,negative,29.030081719051758
GRMN,2022-02-17,FY2021,10-K,42,medium,negative,2.7941962952416
GRMN,2023-11-02,Q3_2023,10-Q,-12,medium,negative,4.448411059060135
GRMN,2023-08-03,Q2_2023,10-Q,-75,medium,negative,5.1952423698384145
GRMN,2024-05-02,Q1_2024,10-Q,-45,medium,negative,40.96030439539858
GRMN,2023-02-23,FY2022,10-K,52,medium,negative,29.030081719051758
GRMN,2024-08-01,Q2_2024,10-Q,14,medium,negative,6.4577546967660036
GRMN,2024-10-31,Q3_2024,10-Q,-17,medium,negative,43.20304392943617
GRMN,2025-05-01,Q1_2025,10-Q,14,medium,negative,2.8179285774063554
GRMN,2024-02-22,FY2023,10-K,167,medium,negative,100.78319686721251
GWW,2006-05-03,Q1_2006,10-Q,133,medium,positive,12.048192771084349
GRMN,2025-07-31,Q2_2025,10-Q,46,medium,negative,9.09665858543269
GWW,2006-08-03,Q2_2006,10-Q,141,medium,positive,0.0
GWW,2007-05-03,Q1_2007,10-Q,204,medium,positive,15.841584158415834
GRMN,2025-10-30,Q3_2025,10-Q,-2,medium,negative,4.571483155444513
GWW,2007-08-03,Q2_2007,10-Q,159,medium,positive,3.4188034188034218
GWW,2006-11-03,Q3_2006,10-Q,238,medium,positive,10.476190476190464
GRMN,2025-02-20,FY2024,10-K,88,medium,negative,9.967449634908055
GWW,2008-05-09,Q1_2008,10-Q,243,medium,positive,10.852713178294564
GWW,2007-11-03,Q3_2007,10-Q,144,medium,positive,4.878048780487809
GWW,2008-10-31,Q3_2008,10-Q,185,medium,positive,40.94488188976378
GWW,2009-05-05,Q1_2009,10-Q,122,medium,negative,43.67816091954023
GWW,2008-08-01,Q2_2008,10-Q,225,medium,positive,-0.6944444444444451
GWW,2006-03-07,FY2005,10-K,135,medium,positive,14.851485148514843
GWW,2009-08-01,Q2_2009,10-Q,-6,medium,negative,13.0841121495327
GWW,2010-04-30,Q1_2010,10-Q,129,medium,positive,-5.072463768115931
GWW,2009-10-30,Q3_2009,10-Q,119,medium,negative,60.68376068376068
GWW,2007-02-28,FY2006,10-K,191,medium,positive,15.686274509803914
GWW,2010-07-30,Q2_2010,10-Q,166,medium,positive,28.148148148148138
GWW,2010-10-29,Q3_2010,10-Q,227,medium,positive,24.84848484848486
GWW,2008-02-28,FY2007,10-K,226,medium,positive,6.349206349206354
GWW,2011-04-29,Q1_2011,10-Q,140,medium,positive,53.5211267605634
GWW,2011-07-29,Q2_2011,10-Q,69,medium,negative,16.999999999999993
GWW,2011-10-28,Q3_2011,10-Q,80,medium,negative,16.744186046511622
GWW,2012-04-27,Q1_2012,10-Q,32,medium,negative,4.048582995951403
GWW,2012-07-27,Q2_2012,10-Q,95,medium,neutral,0.7662835249042153
GWW,2013-04-26,Q1_2013,10-Q,180,medium,positive,16.666666666666664
GWW,2012-11-02,Q3_2012,10-Q,170,medium,positive,-27.609427609427616
GWW,2013-08-02,Q2_2013,10-Q,214,medium,positive,4.844290657439435
GWW,2009-02-28,FY2008,10-K,210,medium,positive,12.403100775193792
GWW,2013-11-01,Q3_2013,10-Q,166,medium,positive,-5.144694533762048
GWW,2010-02-26,FY2009,10-K,163,medium,negative,10.743801652892571
GWW,2014-08-01,Q2_2014,10-Q,111,medium,positive,-4.854368932038832
GWW,2014-05-02,Q1_2014,10-Q,171,medium,positive,7.719298245614025
GWW,2011-03-01,FY2010,10-K,73,medium,negative,21.019108280254766
GWW,2015-05-01,Q1_2015,10-Q,62,medium,positive,-1.602564102564111
GWW,2012-02-29,FY2011,10-K,207,medium,negative,0.47393364928911047
GWW,2015-07-31,Q2_2015,10-Q,67,medium,negative,14.840989399293283
GWW,2014-10-31,Q3_2014,10-Q,138,medium,negative,0.6097560975609762
GWW,2015-10-30,Q3_2015,10-Q,97,medium,negative,-5.501618122977344
GWW,2016-10-29,Q3_2016,10-Q,42,medium,negative,4.452054794520544
GWW,2013-03-01,FY2012,10-K,117,medium,negative,-22.499999999999996
GWW,2016-04-29,Q1_2016,10-Q,41,medium,negative,17.32283464566929
GWW,2016-07-29,Q2_2016,10-Q,40,medium,negative,-19.1304347826087
GWW,2014-02-28,FY2013,10-K,53,medium,negative,-16.981132075471688
GWW,2017-07-28,Q2_2017,10-Q,1,medium,negative,-34.76562500000001
GWW,2017-04-28,Q1_2017,10-Q,54,medium,negative,-5.483870967741932
GWW,2017-10-27,Q3_2017,10-Q,27,medium,negative,25.67567567567567
GWW,2018-04-28,Q1_2018,10-Q,7,medium,negative,50.74074074074074
GWW,2015-02-28,FY2014,10-K,-18,medium,negative,-25.174825174825166
GWW,2018-07-27,Q2_2018,10-Q,86,medium,negative,35.50488599348535
GWW,2019-04-23,Q1_2019,10-Q,0,medium,negative,0.9570639522437184
GWW,2016-03-01,FY2015,10-K,164,medium,negative,15.577889447236174
GWW,2018-11-02,Q3_2018,10-Q,58,medium,negative,-50.67750677506775
GWW,2017-03-01,FY2016,10-K,41,medium,negative,-55.50660792951542
GWW,2019-07-25,Q2_2019,10-Q,103,medium,negative,0.5945200758228422
GWW,2020-04-24,Q1_2020,10-Q,-126,medium,negative,-28.409363785910337
GWW,2020-07-24,Q2_2020,10-Q,0,medium,negative,-39.31039266175948
GWW,2019-10-24,Q3_2019,10-Q,21,medium,negative,-3.3115234463868015
GWW,2018-02-27,FY2017,10-K,141,medium,negative,80.13698630136986
GWW,2020-10-23,Q3_2020,10-Q,-134,medium,negative,6.350396824439848
GWW,2021-05-01,Q1_2021,10-Q,-10,medium,negative,3.7214708074994456
GWW,2021-07-31,Q2_2021,10-Q,-98,medium,negative,-7.276714946472403
GWW,2019-03-01,FY2018,10-K,-16,medium,negative,14.285714285714285
GWW,2021-10-30,Q3_2021,10-Q,-52,medium,negative,6.474597799273722
GWW,2022-04-29,Q1_2022,10-Q,30,medium,negative,16.393311307969842
GWW,2020-02-21,FY2019,10-K,-47,medium,negative,-53.06289571973555
GWW,2022-07-30,Q2_2022,10-Q,67,medium,negative,8.246126700661078
GWW,2021-02-25,FY2020,10-K,-24,medium,negative,-19.15758053148709
GWW,2023-04-28,Q1_2023,10-Q,43,medium,negative,13.425279042624897
GWW,2022-10-29,Q3_2022,10-Q,-42,medium,negative,15.061621430709863
GWW,2022-02-24,FY2021,10-K,-103,medium,negative,3.728308103583406
GWW,2024-04-26,Q1_2024,10-Q,35,medium,negative,0.6250604218144229
GWW,2023-07-28,Q2_2023,10-Q,130,medium,negative,2.5084948153091045
GWW,2023-10-27,Q3_2023,10-Q,82,medium,negative,6.448659811372968
GWW,2024-08-02,Q2_2024,10-Q,97,medium,negative,-0.43599650535560014
GWW,2025-05-02,Q1_2025,10-Q,25,medium,negative,3.9576662452831606
GWW,2024-11-01,Q3_2024,10-Q,93,medium,negative,-0.2538809669553316
GWW,2023-02-22,FY2022,10-K,-94,medium,negative,7.458136992713395
GWW,2025-08-02,Q2_2025,10-Q,26,medium,negative,-0.4844678302634551
GWW,2024-02-23,FY2023,10-K,-28,medium,negative,-1.2137659549087383
GWW,2025-11-01,Q3_2025,10-Q,14,medium,negative,-38.95673144871012
GWW,2025-02-21,FY2024,10-K,-59,medium,negative,-0.30790586027295447
MAR,2006-04-27,Q1_2006,10-Q,50,medium,negative,85.29411764705881
MAR,2007-04-24,Q1_2007,10-Q,100,medium,negative,10.638297872340436
MAR,2006-10-13,Q3_2006,10-Q,-100,medium,negative,85.29411764705881
MAR,2006-07-20,Q2_2006,10-Q,0,medium,positive,85.29411764705881
MAR,2007-07-14,Q2_2007,10-Q,0,medium,negative,10.638297872340436
MAR,2006-02-23,FY2005,10-K,-26,medium,negative,23.25581395348838
MAR,2007-02-22,FY2006,10-K,-55,medium,negative,10.638297872340436
MAR,2007-10-06,Q3_2007,10-Q,0,medium,negative,10.638297872340436
MAR,2008-04-23,Q1_2008,10-Q,100,medium,negative,-24.590163934426222
MAR,2008-02-16,FY2007,10-K,37,medium,negative,-24.590163934426222
MAR,2008-07-12,Q2_2008,10-Q,0,medium,negative,-24.590163934426222
MAR,2008-10-04,Q3_2008,10-Q,0,medium,negative,-24.590163934426222
MAR,2009-04-25,Q1_2009,10-Q,-81,medium,negative,-159.0
MAR,2010-04-24,Q1_2010,10-Q,-17,medium,negative,22.222222222222225
MAR,2009-10-10,Q3_2009,10-Q,0,medium,negative,-159.0
MAR,2009-07-18,Q2_2009,10-Q,-100,medium,negative,-159.0
MAR,2009-02-13,FY2008,10-K,0,medium,negative,-106.45454545454544
MAR,2010-07-17,Q2_2010,10-Q,0,medium,negative,22.222222222222225
MAR,2010-02-13,FY2009,10-K,0,medium,negative,-174.99999999999997
MAR,2010-10-09,Q3_2010,10-Q,0,medium,negative,22.222222222222225
MAR,2011-04-23,Q1_2011,10-Q,0,medium,negative,-7.142857142857148
MAR,2011-07-16,Q2_2011,10-Q,0,medium,negative,-7.142857142857148
MAR,2011-10-08,Q3_2011,10-Q,0,medium,negative,-7.142857142857148
MAR,2012-04-20,Q1_2012,10-Q,100,medium,negative,-22.641509433962273
MAR,2012-07-13,Q2_2012,10-Q,0,medium,positive,-22.641509433962273
MAR,2011-02-19,FY2010,10-K,-117,medium,negative,39.39393939393939
MAR,2012-10-05,Q3_2012,10-Q,0,medium,negative,-22.641509433962273
MAR,2013-05-03,Q1_2013,10-Q,98,medium,negative,16.216216216216218
MAR,2014-05-01,Q1_2014,10-Q,63,medium,negative,18.749999999999993
MAR,2012-02-17,FY2011,10-K,12,medium,negative,-22.641509433962273
MAR,2013-11-01,Q3_2013,10-Q,10,medium,negative,36.8421052631579
MAR,2013-08-02,Q2_2013,10-Q,-4,medium,negative,0.0
MAR,2014-07-31,Q2_2014,10-Q,149,medium,negative,18.749999999999993
MAR,2013-02-21,FY2012,10-K,121,medium,negative,3.703703703703707
MAR,2014-10-30,Q3_2014,10-Q,173,medium,positive,10.169491525423737
MAR,2015-05-01,Q1_2015,10-Q,-17,medium,negative,8.955223880597005
MAR,2015-10-30,Q3_2015,10-Q,144,medium,positive,11.42857142857144
MAR,2015-07-31,Q2_2015,10-Q,97,medium,positive,8.749999999999995
MAR,2014-02-21,FY2013,10-K,6,medium,negative,0.0
MAR,2016-04-29,Q1_2016,10-Q,61,medium,negative,4.938271604938262
MAR,2015-02-20,FY2014,10-K,81,medium,negative,9.677419354838717
MAR,2016-07-29,Q2_2016,10-Q,74,medium,negative,3.225806451612894
MAR,2017-05-10,Q1_2017,10-Q,50,medium,negative,17.28395061728394
MAR,2016-02-19,FY2015,10-K,148,medium,negative,2.6666666666666687
MAR,2016-11-10,Q3_2016,10-Q,128,medium,positive,-69.41176470588235
MAR,2017-08-09,Q2_2017,10-Q,93,medium,negative,40.65934065934066
MAR,2017-11-09,Q3_2017,10-Q,141,medium,negative,46.59090909090909
MAR,2018-05-11,Q1_2018,10-Q,-119,medium,negative,5.454545454545439
MAR,2019-05-11,Q1_2019,10-Q,-17,medium,negative,-18.403401604982623
MAR,2017-02-22,FY2016,10-K,-12,medium,negative,-25.301204819277107
MAR,2018-08-08,Q2_2018,10-Q,11,medium,negative,81.55339805825244
MAR,2018-11-07,Q3_2018,10-Q,-8,medium,negative,55.43478260869564
MAR,2019-08-07,Q2_2019,10-Q,-13,medium,negative,-55.77433373072338
MAR,2018-02-16,FY2017,10-K,-105,medium,negative,-64.77272727272728
MAR,2019-11-06,Q3_2019,10-Q,-39,medium,negative,-22.06500853253787
MAR,2020-05-12,Q1_2020,10-Q,-136,medium,negative,-89.60150662615106
MAR,2020-11-07,Q3_2020,10-Q,7,medium,negative,nan
MAR,2020-08-11,Q2_2020,10-Q,17,medium,negative,-74.13597117082254
MAR,2019-03-02,FY2018,10-K,-21,medium,negative,-31.343283582089555
MAR,2022-05-05,Q1_2022,10-Q,71,medium,negative,26.02812417086759
MAR,2021-05-11,Q1_2021,10-Q,-109,medium,negative,-191.73313008683343
MAR,2020-02-28,FY2019,10-K,5,medium,negative,-42.00921030189323
MAR,2021-02-19,FY2020,10-K,-114,medium,negative,nan
MAR,2021-08-04,Q2_2021,10-Q,-92,medium,negative,165.6207848264127
MAR,2022-11-04,Q3_2022,10-Q,235,medium,negative,14.675492124229805
MAR,2021-11-04,Q3_2021,10-Q,-66,medium,negative,-32.074170950049165
MAR,2023-05-03,Q1_2023,10-Q,131,medium,negative,31.005779349607526
MAR,2022-08-03,Q2_2022,10-Q,119,medium,negative,31.145036224041554
MAR,2023-08-02,Q2_2023,10-Q,71,medium,negative,9.410699263086759
MAR,2023-11-03,Q3_2023,10-Q,147,medium,negative,19.28013724344076
MAR,2024-08-01,Q2_2024,10-Q,107,medium,negative,9.101675461045824
MAR,2024-05-02,Q1_2024,10-Q,57,medium,negative,-10.783624865944304
MAR,2024-11-05,Q3_2024,10-Q,107,medium,negative,-10.220545182486507
MAR,2022-02-16,FY2021,10-K,0,medium,negative,42.15352580787249
MAR,2025-05-07,Q1_2025,10-Q,104,medium,negative,6.091140723905579
MAR,2025-11-05,Q3_2025,10-Q,74,medium,negative,12.363333361389094
MAR,2023-02-15,FY2022,10-K,-166,medium,negative,15.665595486859413
MAR,2025-08-06,Q2_2025,10-Q,33,medium,negative,6.435927868601398
MO,2006-03-11,FY2005,10-K,-133,medium,negative,-5.98290598290597
MAR,2024-02-14,FY2023,10-K,-141,medium,negative,35.1542265128326
MAR,2025-02-12,FY2024,10-K,-185,medium,negative,-32.109061344911105
MO,2007-03-02,FY2006,10-K,-124,medium,negative,20.51282051282051
MO,2006-05-10,Q1_2006,10-Q,-175,medium,negative,28.90624999999999
MO,2008-02-29,FY2007,10-K,-79,medium,negative,9.574468085106393
MO,2006-08-09,Q2_2006,10-Q,-155,medium,negative,-3.0075187969924837
MO,2007-05-08,Q1_2007,10-Q,-156,medium,negative,21.495327102803735
MO,2006-11-10,Q3_2006,10-Q,-171,medium,negative,-4.895104895104884
MO,2008-05-10,Q1_2008,10-Q,-174,medium,negative,nan
MO,2007-08-08,Q2_2007,10-Q,-179,medium,negative,-5.40540540540541
MO,2008-08-08,Q2_2008,10-Q,-73,medium,negative,2.2727272727272747
MO,2009-02-28,FY2008,10-K,37,medium,negative,-10.810810810810805
MO,2010-02-25,FY2009,10-K,-100,medium,negative,-14.634146341463413
MO,2007-11-07,Q3_2007,10-Q,-162,medium,negative,15.887850467289713
MO,2008-11-04,Q3_2008,10-Q,-77,medium,negative,0.0
MO,2011-02-26,FY2010,10-K,-95,medium,negative,0.0
MO,2009-05-08,Q1_2009,10-Q,-145,medium,negative,-24.324324324324316
MO,2009-08-01,Q2_2009,10-Q,-104,medium,negative,11.36363636363636
MO,2010-04-29,Q1_2010,10-Q,-15,medium,negative,2.6315789473684235
MO,2010-07-30,Q2_2010,10-Q,-72,medium,negative,0.0
MO,2009-10-30,Q3_2009,10-Q,-86,medium,negative,-4.545454545454549
MO,2012-02-17,FY2011,10-K,-155,medium,negative,-14.583333333333334
MO,2011-04-29,Q1_2011,10-Q,-96,medium,negative,2.2727272727272747
MO,2010-10-29,Q3_2010,10-Q,-60,medium,negative,8.000000000000007
MO,2011-07-29,Q2_2011,10-Q,-131,medium,negative,-60.377358490566046
MO,2012-04-27,Q1_2012,10-Q,-110,medium,negative,20.40816326530612
MO,2011-10-28,Q3_2011,10-Q,-85,medium,negative,1.7857142857142672
MO,2013-04-26,Q1_2013,10-Q,-156,medium,negative,32.69230769230768
MO,2012-07-27,Q2_2012,10-Q,-89,medium,negative,9.09090909090908
MO,2012-10-31,Q3_2012,10-Q,-81,medium,negative,-44.82758620689655
MO,2013-07-25,Q2_2013,10-Q,-144,medium,negative,-1.5625000000000013
MO,2014-04-25,Q1_2014,10-Q,-139,medium,negative,3.5087719298245648
MO,2013-10-25,Q3_2013,10-Q,-128,medium,negative,11.111111111111104
MO,2014-07-23,Q2_2014,10-Q,-148,medium,negative,-4.4776119402985115
MO,2014-10-31,Q3_2014,10-Q,-173,medium,negative,5.970149253731331
MO,2013-02-28,FY2012,10-K,-84,medium,negative,0.0
MO,2015-04-24,Q1_2015,10-Q,-158,medium,negative,-14.754098360655732
MO,2015-07-30,Q2_2015,10-Q,-147,medium,negative,8.823529411764696
MO,2014-02-27,FY2013,10-K,-104,medium,negative,-59.32203389830508
MO,2015-10-30,Q3_2015,10-Q,-151,medium,negative,4.0000000000000036
MO,2016-04-29,Q1_2016,10-Q,-193,medium,negative,-3.1250000000000027
MO,2015-02-26,FY2014,10-K,-41,medium,negative,-7.352941176470594
MO,2016-07-28,Q2_2016,10-Q,-210,medium,negative,6.329113924050624
MO,2016-10-28,Q3_2016,10-Q,-162,medium,negative,-28.2051282051282
MO,2017-05-03,Q1_2017,10-Q,-100,medium,negative,-4.0000000000000036
MO,2017-07-28,Q2_2017,10-Q,-123,medium,negative,18.390804597701152
MO,2017-10-27,Q3_2017,10-Q,-114,medium,negative,15.476190476190476
MO,2016-02-26,FY2015,10-K,-83,medium,negative,-7.246376811594193
MO,2018-04-27,Q1_2018,10-Q,-96,medium,negative,9.890109890109887
MO,2018-10-26,Q3_2018,10-Q,-62,medium,negative,-2.8301886792452855
MO,2018-07-27,Q2_2018,10-Q,-61,medium,negative,0.0
MO,2017-02-28,FY2016,10-K,-87,medium,negative,nan
MO,2019-04-26,Q1_2019,10-Q,-79,medium,negative,-34.88382188554747
MO,2018-02-28,FY2017,10-K,-79,medium,negative,nan
MO,2019-07-31,Q2_2019,10-Q,-44,medium,negative,-3.1507680053583877
MO,2019-11-01,Q3_2019,10-Q,-123,medium,negative,nan
MO,2020-05-01,Q1_2020,10-Q,-67,medium,negative,-15.63754637393912
MO,2020-07-31,Q2_2020,10-Q,-17,medium,negative,-2.2877812749565343
MO,2020-10-31,Q3_2020,10-Q,-106,medium,negative,-144.11497573676334
MO,2021-04-30,Q1_2021,10-Q,-121,medium,negative,-26.530923802072397
MO,2019-02-27,FY2018,10-K,-16,medium,negative,-30.526315789473678
MO,2021-07-30,Q2_2021,10-Q,-63,medium,negative,-1.4468620171108721
MO,2020-02-26,FY2019,10-K,-154,medium,negative,-195.1988379853178
MO,2021-02-27,FY2020,10-K,-87,medium,negative,1.325096160467482
MO,2021-10-29,Q3_2021,10-Q,-66,medium,negative,nan
MO,2022-04-29,Q1_2022,10-Q,-97,medium,negative,-1.1740160866740388
MO,2022-07-29,Q2_2022,10-Q,-60,medium,negative,-60.81473366014378
MO,2022-10-28,Q3_2022,10-Q,-40,medium,negative,-90.7940161104718
MO,2023-04-28,Q1_2023,10-Q,-79,medium,negative,-15.386177485954105
MO,2022-02-26,FY2021,10-K,-87,medium,negative,-18.750230823207893
MO,2023-08-02,Q2_2023,10-Q,-31,medium,negative,-8.502360485321942
MO,2023-02-28,FY2022,10-K,-62,medium,negative,27.92849649902347
MO,2023-10-27,Q3_2023,10-Q,-32,medium,negative,-5.649433509918414
MO,2024-04-26,Q1_2024,10-Q,-55,medium,negative,5.311713969903471
MO,2024-02-28,FY2023,10-K,44,medium,negative,-1.328660621629454
MO,2024-08-01,Q2_2024,10-Q,-62,medium,negative,64.391713467475
MO,2024-11-01,Q3_2024,10-Q,-63,medium,negative,-0.7142645446192963
MPWR,2006-03-14,Q4_2005,10-Q,-146,medium,negative,85.7142857142857
MPWR,2006-08-05,Q2_2006,10-Q,-64,medium,negative,-62.5
MO,2025-04-30,Q1_2025,10-Q,-91,medium,negative,-46.91965489350229
MPWR,2006-05-10,Q1_2006,10-Q,-126,medium,negative,-135.5
MPWR,2006-11-08,Q3_2006,10-Q,-105,medium,negative,-178.75
MO,2025-10-31,Q3_2025,10-Q,-161,medium,negative,-2.0792533022209314
MO,2025-02-28,FY2024,10-K,12,medium,negative,39.91042606242037
MPWR,2007-11-02,Q3_2007,10-Q,-75,medium,negative,31.57894736842105
MPWR,2007-04-28,Q1_2007,10-Q,-136,medium,negative,-99.68253968253968
MPWR,2006-03-29,FY2005,10-K,0,medium,negative,85.7142857142857
MPWR,2007-08-02,Q2_2007,10-Q,-64,medium,negative,nan
MPWR,2008-05-15,Q1_2008,10-Q,0,medium,negative,-10.52631578947368
MPWR,2007-03-17,FY2006,10-K,0,medium,negative,-189.83333333333334
MPWR,2008-08-01,Q2_2008,10-Q,-89,medium,negative,-35.0
MPWR,2009-04-29,Q1_2009,10-Q,-61,medium,negative,-172.0
MPWR,2008-10-24,Q3_2008,10-Q,-63,medium,negative,-6.451612903225811
MPWR,2008-03-12,FY2007,10-K,0,medium,negative,9.999999999999995
MPWR,2010-04-30,Q1_2010,10-Q,-64,medium,negative,-15.0
MPWR,2009-10-23,Q3_2009,10-Q,-100,medium,negative,54.545454545454554
MPWR,2009-02-28,FY2008,10-K,-36,medium,negative,20.0
MPWR,2009-07-31,Q2_2009,10-Q,-91,medium,negative,-18.181818181818183
MPWR,2010-11-04,Q3_2010,10-Q,-88,medium,negative,-14.634146341463413
MPWR,2010-07-29,Q2_2010,10-Q,25,medium,negative,-37.03703703703704
MPWR,2011-04-29,Q1_2011,10-Q,-77,medium,negative,-44.44444444444444
MPWR,2010-02-17,FY2009,10-K,-58,medium,negative,-27.777777777777775
MPWR,2011-08-10,Q2_2011,10-Q,-137,medium,negative,-41.1764705882353
MPWR,2011-10-28,Q3_2011,10-Q,-59,medium,negative,-15.789473684210526
MPWR,2011-03-05,FY2010,10-K,0,medium,negative,0.0
MPWR,2012-05-09,Q1_2012,10-Q,-95,medium,negative,-11.111111111111107
MPWR,2012-07-31,Q2_2012,10-Q,-67,medium,negative,-18.181818181818183
MPWR,2012-11-06,Q3_2012,10-Q,3,medium,negative,-36.0
MPWR,2013-05-03,Q1_2013,10-Q,-48,medium,negative,-53.333333333333336
MPWR,2012-03-13,FY2011,10-K,0,medium,negative,2.7142857142857126
MPWR,2013-10-29,Q3_2013,10-Q,-141,medium,negative,-38.70967741935484
MPWR,2013-08-07,Q2_2013,10-Q,-94,medium,negative,-36.36363636363636
MPWR,2014-05-02,Q1_2014,10-Q,-78,medium,negative,64.28571428571428
MPWR,2013-03-06,FY2012,10-K,0,medium,negative,-94.73684210526315
MPWR,2014-07-30,Q2_2014,10-Q,4,medium,negative,-51.515151515151516
MPWR,2014-03-11,FY2013,10-K,0,medium,negative,-36.666666666666664
MPWR,2014-11-01,Q3_2014,10-Q,-61,medium,negative,-39.13043478260869
MPWR,2015-05-07,Q1_2015,10-Q,-90,medium,negative,-57.14285714285714
MPWR,2015-08-04,Q2_2015,10-Q,2,medium,negative,-56.81818181818182
MPWR,2015-10-29,Q3_2015,10-Q,-20,medium,negative,-47.16981132075471
MPWR,2016-05-07,Q1_2016,10-Q,-72,medium,negative,-41.860465116279066
MPWR,2015-03-03,FY2014,10-K,46,medium,negative,-46.34146341463414
MPWR,2016-07-30,Q2_2016,10-Q,-74,medium,negative,-50.0
MPWR,2016-11-04,Q3_2016,10-Q,-41,medium,negative,-46.875
MPWR,2016-03-01,FY2015,10-K,55,medium,negative,-48.93617021276596
MPWR,2017-08-01,Q2_2017,10-Q,-129,medium,negative,-46.969696969696976
MPWR,2017-05-06,Q1_2017,10-Q,-73,medium,negative,-41.07142857142858
MPWR,2017-11-07,Q3_2017,10-Q,-133,medium,negative,-32.5
MPWR,2017-03-02,FY2016,10-K,62,medium,negative,-36.065573770491795
MPWR,2018-05-09,Q1_2018,10-Q,-67,medium,negative,-34.66666666666667
MPWR,2018-08-03,Q2_2018,10-Q,-44,medium,negative,-38.888888888888886
MPWR,2018-03-02,FY2017,10-K,-55,medium,negative,-65.38461538461539
MPWR,2018-11-03,Q3_2018,10-Q,-64,medium,negative,-31.730769230769234
MPWR,2019-05-11,Q1_2019,10-Q,-160,medium,negative,-30.933469878657256
MPWR,2019-08-03,Q2_2019,10-Q,-116,medium,negative,-51.19305856832972
MPWR,2019-03-02,FY2018,10-K,-31,medium,negative,-37.11340206185567
MPWR,2019-11-02,Q3_2019,10-Q,-78,medium,negative,-39.84114301828265
MPWR,2020-02-29,FY2019,10-K,-78,medium,negative,-32.26505651029571
MPWR,2020-05-12,Q1_2020,10-Q,-116,medium,negative,-18.322319221834455
MPWR,2020-08-04,Q2_2020,10-Q,-106,medium,negative,-35.84988873965078
MPWR,2020-11-07,Q3_2020,10-Q,-40,medium,negative,-29.723838507763134
MPWR,2021-05-11,Q1_2021,10-Q,-73,medium,negative,-29.14836332719286
MPWR,2021-03-02,FY2020,10-K,0,medium,negative,-27.66785077073923
MPWR,2021-08-10,Q2_2021,10-Q,-99,medium,negative,-31.422625804010597
MPWR,2022-05-11,Q1_2022,10-Q,-69,medium,negative,-26.945895687594085
MPWR,2021-11-09,Q3_2021,10-Q,-136,medium,negative,-27.938747935745383
MPWR,2022-08-06,Q2_2022,10-Q,-140,medium,negative,-19.452686099980625
MPWR,2022-11-10,Q3_2022,10-Q,0,medium,negative,-26.552332177794796
MPWR,2022-02-26,FY2021,10-K,-52,medium,negative,-19.50444591338465
MPWR,2023-05-06,Q1_2023,10-Q,-120,medium,negative,-24.25359627837139
MPWR,2023-02-25,FY2022,10-K,-35,medium,negative,-21.834122436478257
MPWR,2024-05-04,Q1_2024,10-Q,-20,medium,negative,-28.980208399875256
MPWR,2023-08-05,Q2_2023,10-Q,-85,medium,negative,-27.121253800233642
MPWR,2023-11-09,Q3_2023,10-Q,-129,medium,negative,-18.998455091502347
MPWR,2024-03-01,FY2023,10-K,-100,medium,negative,-30.432338422078953
MPWR,2024-08-03,Q2_2024,10-Q,-41,medium,negative,-33.16140054579422
MPWR,2024-11-07,Q3_2024,10-Q,27,medium,negative,-25.692695214105793
MPWR,2025-05-06,Q1_2025,10-Q,16,medium,negative,-30.497082870395744
MPWR,2025-08-05,Q2_2025,10-Q,34,medium,negative,-32.559465327559664
MPWR,2025-03-04,FY2024,10-K,0,medium,negative,nan
MPWR,2025-11-06,Q3_2025,10-Q,103,medium,negative,-19.997757349532165
REG,2006-08-05,Q2_2006,10-Q,-50,medium,negative,0.0
REG,2006-05-09,Q1_2006,10-Q,-44,medium,negative,nan
REG,2006-11-09,Q3_2006,10-Q,-31,medium,negative,16.32653061224489
REG,2007-05-10,Q1_2007,10-Q,-38,medium,negative,27.118644067796616
REG,2007-11-08,Q3_2007,10-Q,-35,medium,negative,-10.16949152542372
REG,2007-08-08,Q2_2007,10-Q,-45,medium,negative,60.0
REG,2008-05-09,Q1_2008,10-Q,34,medium,negative,-13.636363636363635
REG,2006-03-11,FY2005,10-K,-57,medium,negative,144.82758620689654
REG,2008-08-07,Q2_2008,10-Q,-40,medium,negative,-28.57142857142857
REG,2007-02-28,FY2006,10-K,-145,medium,negative,134.14634146341464
REG,2008-11-11,Q3_2008,10-Q,-6,medium,negative,70.27027027027027
REG,2009-05-09,Q1_2009,10-Q,-80,medium,negative,-6.666666666666654
REG,2008-02-28,FY2007,10-K,-25,medium,negative,9.72222222222223
REG,2009-08-08,Q2_2009,10-Q,-99,medium,negative,-122.05882352941177
REG,2009-11-07,Q3_2009,10-Q,-120,medium,negative,-167.3469387755102
REG,2010-05-07,Q1_2010,10-Q,-133,medium,negative,nan
REG,2009-03-18,FY2008,10-K,0,medium,negative,-81.81818181818183
REG,2010-08-07,Q2_2010,10-Q,-118,medium,negative,124.99999999999997
REG,2011-05-13,Q1_2011,10-Q,0,medium,negative,-84.61538461538461
REG,2011-08-06,Q2_2011,10-Q,-1,medium,negative,75.00000000000001
REG,2010-11-06,Q3_2010,10-Q,-165,medium,negative,-25.0
REG,2011-11-09,Q3_2011,10-Q,-80,medium,negative,-40.0
REG,2010-02-27,FY2009,10-K,-148,medium,negative,nan
REG,2012-05-09,Q1_2012,10-Q,-29,medium,negative,75.00000000000001
REG,2012-08-10,Q2_2012,10-Q,-49,medium,negative,-70.0
REG,2012-11-10,Q3_2012,10-Q,-111,medium,negative,-15.384615384615389
REG,2013-05-10,Q1_2013,10-Q,52,medium,negative,-6.666666666666654
REG,2013-08-03,Q2_2013,10-Q,-13,medium,negative,35.7142857142857
REG,2013-11-02,Q3_2013,10-Q,-29,medium,negative,-29.629629629629633
REG,2011-03-02,FY2010,10-K,-168,medium,negative,-158.0
REG,2014-05-09,Q1_2014,10-Q,31,medium,negative,133.33333333333331
REG,2014-08-09,Q2_2014,10-Q,-164,medium,negative,86.66666666666669
REG,2015-05-08,Q1_2015,10-Q,69,medium,negative,28.571428571428587
REG,2014-11-05,Q3_2014,10-Q,-47,medium,negative,188.8888888888889
REG,2015-08-07,Q2_2015,10-Q,105,medium,negative,112.5
REG,2015-11-06,Q3_2015,10-Q,16,medium,negative,nan
REG,2012-03-01,FY2011,10-K,-63,medium,negative,-28.57142857142857
REG,2016-05-07,Q1_2016,10-Q,59,medium,negative,nan
REG,2016-08-06,Q2_2016,10-Q,-5,medium,negative,66.66666666666666
REG,2013-03-02,FY2012,10-K,-125,medium,negative,-109.59375
REG,2016-11-05,Q3_2016,10-Q,19,medium,negative,183.33333333333334
REG,2017-05-11,Q1_2017,10-Q,-141,medium,negative,nan
REG,2014-02-20,FY2013,10-K,-124,medium,negative,21.428571428571423
REG,2017-08-09,Q2_2017,10-Q,31,medium,negative,-46.15384615384615
REG,2018-05-08,Q1_2018,10-Q,-95,medium,negative,-24.39024390243902
REG,2017-11-07,Q3_2017,10-Q,3,medium,negative,29.629629629629612
REG,2015-02-21,FY2014,10-K,-56,medium,negative,nan
REG,2018-08-04,Q2_2018,10-Q,-2,medium,negative,-30.0
REG,2018-11-06,Q3_2018,10-Q,7,medium,negative,17.142857142857142
REG,2016-02-19,FY2015,10-K,-63,medium,negative,-10.000000000000009
REG,2019-05-11,Q1_2019,10-Q,41,medium,negative,54.4489889311558
REG,2019-08-07,Q2_2019,10-Q,-27,medium,negative,-9.526033154331078
REG,2019-11-05,Q3_2019,10-Q,-107,medium,negative,-0.1966712654474854
REG,2020-05-09,Q1_2020,10-Q,-1,medium,negative,-142.14075010535188
REG,2017-02-28,FY2016,10-K,-17,medium,negative,178.94736842105263
REG,2020-08-05,Q2_2020,10-Q,-41,medium,negative,-36.74889310562935
REG,2020-11-07,Q3_2020,10-Q,-9,medium,negative,-66.9202778696659
REG,2021-05-08,Q1_2021,10-Q,98,medium,negative,144.52421830289788
REG,2021-08-07,Q2_2021,10-Q,-28,medium,negative,81.23563869380888
REG,2022-05-07,Q1_2022,10-Q,81,medium,negative,162.5276344878408
REG,2020-02-19,FY2019,10-K,-79,medium,negative,-39.01974235841146
REG,2021-11-06,Q3_2021,10-Q,104,medium,negative,41.63142986165276
REG,2018-02-28,FY2017,10-K,-74,medium,negative,177.7777777777778
REG,2022-08-06,Q2_2022,10-Q,32,medium,negative,35.66106972089403
REG,2021-02-18,FY2020,10-K,-83,medium,negative,15.48556430446194
REG,2019-02-22,FY2018,10-K,-76,medium,negative,53.33333333333334
REG,2023-05-06,Q1_2023,10-Q,123,medium,negative,12.08117036337894
REG,2022-11-05,Q3_2022,10-Q,28,medium,negative,9.639693868776334
REG,2023-08-05,Q2_2023,10-Q,26,medium,negative,3.2305076512023376
REG,2024-05-04,Q1_2024,10-Q,9,medium,negative,21.300847014535172
REG,2022-02-18,FY2021,10-K,-9,medium,negative,-16.429168363083114
REG,2023-11-07,Q3_2023,10-Q,0,medium,negative,3.6484245439469327
REG,2024-08-03,Q2_2024,10-Q,10,medium,negative,17.623995295040196
REG,2024-11-02,Q3_2024,10-Q,71,medium,negative,17.30969760166841
TXN,2006-03-01,FY2005,10-K,59,medium,negative,-2.4390243902438913
TXN,2006-05-03,Q1_2006,10-Q,-109,medium,positive,16.129032258064512
REG,2025-05-03,Q1_2025,10-Q,49,medium,negative,2.9811260453472013
TXN,2006-08-03,Q2_2006,10-Q,125,medium,positive,nan
TXN,2007-03-01,FY2006,10-K,147,medium,positive,48.38709677419356
TXN,2006-10-31,Q3_2006,10-Q,0,medium,positive,2.222222222222224
TXN,2007-05-04,Q1_2007,10-Q,159,medium,positive,29.629629629629612
TXN,2008-02-27,FY2007,10-K,96,medium,positive,8.000000000000007
TXN,2007-08-02,Q2_2007,10-Q,248,medium,positive,0.0
REG,2023-02-18,FY2022,10-K,-39,medium,negative,16.62920395266976
REG,2025-08-05,Q2_2025,10-Q,-24,medium,negative,1.7830204111307182
TXN,2007-11-02,Q3_2007,10-Q,222,medium,positive,12.50000000000001
TXN,2008-05-02,Q1_2008,10-Q,218,medium,positive,32.432432432432435
REG,2025-11-06,Q3_2025,10-Q,61,medium,negative,3.2561286072884434
TXN,2008-11-01,Q3_2008,10-Q,123,medium,positive,-4.444444444444448
TXN,2008-08-01,Q2_2008,10-Q,113,medium,positive,-8.33333333333333
TXN,2009-02-25,FY2008,10-K,26,medium,negative,50.0
TXN,2010-02-24,FY2009,10-K,46,medium,negative,13.043478260869565
TXN,2009-04-30,Q1_2009,10-Q,192,medium,positive,122.55102366425494
TXN,2010-05-01,Q1_2010,10-Q,191,medium,positive,4.0000000000000036
TXN,2009-07-30,Q2_2009,10-Q,172,medium,positive,11.111111111111121
TXN,2011-02-26,FY2010,10-K,106,medium,negative,24.19354838709678
TXN,2010-07-23,Q2_2010,10-Q,100,medium,positive,0.0
TXN,2010-11-05,Q3_2010,10-Q,187,medium,positive,5.970149253731331
TXN,2009-10-31,Q3_2009,10-Q,260,medium,positive,16.666666666666664
REG,2024-02-17,FY2023,10-K,-67,medium,negative,-6.662694866448232
TXN,2011-05-06,Q1_2011,10-Q,196,medium,positive,-9.836065573770481
TXN,2011-08-06,Q2_2011,10-Q,230,medium,positive,12.00000000000001
TXN,2012-02-25,FY2011,10-K,123,medium,negative,-13.333333333333327
TXN,2011-11-05,Q3_2011,10-Q,251,medium,positive,-19.047619047619047
TXN,2012-05-05,Q1_2012,10-Q,79,medium,negative,-15.384615384615389
TXN,2012-08-04,Q2_2012,10-Q,122,medium,positive,0.0
TXN,2012-11-03,Q3_2012,10-Q,215,medium,positive,67.5
TXN,2013-02-23,FY2012,10-K,89,medium,negative,-28.125
TXN,2013-05-04,Q1_2013,10-Q,203,medium,positive,14.285714285714276
TXN,2014-08-01,Q2_2014,10-Q,137,medium,positive,10.714285714285703
TXN,2013-11-02,Q3_2013,10-Q,245,medium,positive,12.00000000000001
TXN,2013-08-03,Q2_2013,10-Q,281,medium,positive,123.07692307692307
TXN,2014-05-03,Q1_2014,10-Q,156,medium,negative,9.999999999999995
TXN,2014-02-25,FY2013,10-K,184,medium,negative,0.0
TXN,2014-11-01,Q3_2014,10-Q,15,medium,negative,15.151515151515147
REG,2025-02-15,FY2024,10-K,-187,medium,negative,-5.099851460637062
TXN,2016-05-05,Q1_2016,10-Q,278,medium,positive,16.94915254237288
TXN,2015-08-05,Q2_2015,10-Q,231,medium,positive,0.0
TXN,2016-11-04,Q3_2016,10-Q,300,medium,positive,25.64102564102563
TXN,2015-11-06,Q3_2015,10-Q,300,medium,positive,26.66666666666667
TXN,2016-08-05,Q2_2016,10-Q,294,medium,positive,12.85714285714287
TXN,2015-05-06,Q1_2015,10-Q,243,medium,positive,-3.174603174603177
TXN,2017-08-04,Q2_2017,10-Q,300,medium,positive,15.730337078651688
TXN,2017-05-04,Q1_2017,10-Q,300,medium,positive,40.579710144927546
TXN,2018-05-04,Q1_2018,10-Q,275,medium,positive,55.17241379310346
TXN,2017-11-03,Q3_2017,10-Q,300,medium,positive,28.571428571428577
TXN,2016-02-25,FY2015,10-K,94,medium,negative,37.93103448275863
TXN,2018-11-03,Q3_2018,10-Q,241,medium,positive,6.756756756756762
TXN,2019-05-01,Q1_2019,10-Q,260,medium,positive,11.881654072581002
TXN,2015-02-25,FY2014,10-K,67,medium,negative,22.580645161290324
TXN,2018-08-03,Q2_2018,10-Q,300,medium,positive,12.903225806451607
TXN,2017-02-24,FY2016,10-K,153,medium,negative,32.467532467532465
TXN,2019-11-01,Q3_2019,10-Q,133,medium,negative,5.16286127677595
TXN,2018-02-23,FY2017,10-K,127,medium,negative,-68.80733944954129
TXN,2019-08-01,Q2_2019,10-Q,251,medium,positive,11.653872993719471
TXN,2020-10-22,Q3_2020,10-Q,100,medium,positive,12.998753117206988
TXN,2020-04-23,Q1_2020,10-Q,100,medium,negative,23.21267103210486
TXN,2020-07-23,Q2_2020,10-Q,139,medium,positive,67.58954150672058
TXN,2021-04-29,Q1_2021,10-Q,85,medium,positive,18.505186978371224
TXN,2019-02-23,FY2018,10-K,179,medium,negative,4.958677685950417
TXN,2021-07-23,Q2_2021,10-Q,185,medium,positive,11.871473320017891
TXN,2021-10-28,Q3_2021,10-Q,155,medium,positive,1.010593913013765
TXN,2022-04-28,Q1_2022,10-Q,138,medium,positive,8.410545222356458
TXN,2022-07-28,Q2_2022,10-Q,172,medium,positive,15.280012798434086
TXN,2022-10-27,Q3_2022,10-Q,174,medium,positive,3.1970185671073237
TXN,2020-02-21,FY2019,10-K,69,medium,negative,9.075680992588707
TXN,2023-04-27,Q1_2023,10-Q,74,medium,positive,4.377655282919869
TXN,2023-07-27,Q2_2023,10-Q,136,medium,positive,6.111933904181503
TXN,2023-10-26,Q3_2023,10-Q,114,medium,positive,1.809456722726073
TXN,2024-04-25,Q1_2024,10-Q,67,medium,positive,11.87142244513639
TXN,2021-02-06,FY2020,10-K,100,medium,negative,34.33738086886434
TXN,2024-07-25,Q2_2024,10-Q,132,medium,positive,5.318588730911001
TXN,2024-10-24,Q3_2024,10-Q,158,medium,positive,6.876445013159609
TXN,2025-07-30,Q2_2025,10-Q,177,medium,positive,3.940908487770345
TXN,2025-04-25,Q1_2025,10-Q,187,medium,positive,19.453128645420186
TXN,2022-02-05,FY2021,10-K,141,medium,negative,16.659129219257494
TXN,2023-02-04,FY2022,10-K,169,medium,negative,7.802251194428692
TXN,2025-10-24,Q3_2025,10-Q,177,medium,positive,-0.5797276690648392
TXN,2024-02-03,FY2023,10-K,138,medium,negative,1.6190852918309233
UPS,2006-05-11,Q1_2006,10-Q,14,medium,negative,2.2988505747126458
UPS,2006-08-05,Q2_2006,10-Q,-57,medium,negative,-5.825242718446607
TXN,2025-02-15,FY2024,10-K,142,medium,negative,7.607876896588825
UPS,2007-05-11,Q1_2007,10-Q,-64,medium,negative,-18.749999999999993
UPS,2006-11-07,Q3_2006,10-Q,-43,medium,negative,14.285714285714285
UPS,2007-08-09,Q2_2007,10-Q,-43,medium,negative,1.960784313725492
UPS,2007-11-10,Q3_2007,10-Q,-67,medium,negative,3.030303030303033
UPS,2008-05-10,Q1_2008,10-Q,29,medium,negative,0.0
UPS,2008-08-09,Q2_2008,10-Q,71,medium,negative,0.0
UPS,2008-11-08,Q3_2008,10-Q,47,medium,negative,17.073170731707318
UPS,2007-03-02,FY2006,10-K,93,medium,negative,0.0
UPS,2009-05-08,Q1_2009,10-Q,-51,medium,negative,-33.33333333333333
UPS,2006-03-15,FY2005,10-K,-1,medium,negative,-1.0309278350515474
UPS,2008-03-01,FY2007,10-K,85,medium,negative,nan
UPS,2009-08-08,Q2_2009,10-Q,-32,medium,negative,-10.20408163265306
UPS,2009-11-07,Q3_2009,10-Q,-59,medium,negative,12.244897959183684
UPS,2010-05-08,Q1_2010,10-Q,15,medium,negative,17.777777777777782
UPS,2009-02-28,FY2008,10-K,70,medium,negative,-71.26436781609196
UPS,2010-08-10,Q2_2010,10-Q,6,medium,negative,20.000000000000004
UPS,2010-11-06,Q3_2010,10-Q,43,medium,negative,19.277108433734945
UPS,2011-05-06,Q1_2011,10-Q,-22,medium,negative,10.97560975609757
UPS,2011-08-06,Q2_2011,10-Q,-50,medium,negative,3.883495145631071
UPS,2010-02-27,FY2009,10-K,39,medium,negative,2.739726027397263
UPS,2011-11-05,Q3_2011,10-Q,-94,medium,negative,4.807692307692312
UPS,2012-05-08,Q1_2012,10-Q,-54,medium,negative,-3.8461538461538494
UPS,2011-03-01,FY2010,10-K,46,medium,negative,9.803921568627459
UPS,2012-08-04,Q2_2012,10-Q,-44,medium,negative,-3.361344537815129
UPS,2012-11-03,Q3_2012,10-Q,-62,medium,negative,-54.71698113207547
UPS,2013-05-04,Q1_2013,10-Q,-121,medium,negative,10.204081632653072
UPS,2013-08-03,Q2_2013,10-Q,-58,medium,negative,0.0
UPS,2012-02-28,FY2011,10-K,25,medium,negative,-32.25806451612904
UPS,2013-11-06,Q3_2013,10-Q,-72,medium,negative,1.7543859649122824
UPS,2014-05-09,Q1_2014,10-Q,-22,medium,negative,-16.94915254237288
UPS,2014-08-07,Q2_2014,10-Q,-42,medium,negative,-62.01550387596899
UPS,2014-11-07,Q3_2014,10-Q,-16,medium,negative,6.451612903225811
UPS,2013-03-01,FY2012,10-K,116,medium,negative,nan
UPS,2015-05-08,Q1_2015,10-Q,-39,medium,negative,5.660377358490571
UPS,2015-08-08,Q2_2015,10-Q,-12,medium,negative,15.3846153846154
UPS,2015-11-06,Q3_2015,10-Q,34,medium,negative,2.962962962962949
UPS,2016-05-11,Q1_2016,10-Q,63,medium,negative,8.547008547008556
UPS,2014-03-01,FY2013,10-K,143,medium,negative,0.0
UPS,2016-08-06,Q2_2016,10-Q,156,medium,negative,0.0
UPS,2016-11-04,Q3_2016,10-Q,66,medium,negative,0.0
UPS,2017-05-05,Q1_2017,10-Q,111,medium,negative,4.761904761904765
UPS,2015-02-28,FY2014,10-K,190,medium,positive,-60.8
UPS,2017-08-04,Q2_2017,10-Q,43,medium,negative,16.176470588235293
UPS,2017-11-03,Q3_2017,10-Q,35,medium,negative,-0.6896551724137937
UPS,2018-05-04,Q1_2018,10-Q,74,medium,negative,1.3071895424836613
UPS,2016-02-26,FY2015,10-K,218,medium,positive,16.535433070866137
UPS,2018-08-03,Q2_2018,10-Q,121,medium,positive,-10.937499999999998
UPS,2018-10-31,Q3_2018,10-Q,168,medium,positive,-4.945054945054949
UPS,2019-05-01,Q1_2019,10-Q,29,medium,negative,-9.636427815037067
UPS,2019-07-31,Q2_2019,10-Q,198,medium,positive,0.7671810640806527
UPS,2017-02-22,FY2016,10-K,139,medium,positive,-115.42857142857143
UPS,2020-05-09,Q1_2020,10-Q,101,medium,negative,-10.476758621801578
UPS,2019-10-30,Q3_2019,10-Q,134,medium,negative,-2.323818409773459
UPS,2020-08-05,Q2_2020,10-Q,113,medium,negative,89.68282086184712
UPS,2018-02-22,FY2017,10-K,140,medium,positive,-23.63636363636363
UPS,2020-11-03,Q3_2020,10-Q,141,medium,negative,18.14530350966777
UPS,2021-05-06,Q1_2021,10-Q,116,medium,negative,nan
UPS,2020-02-21,FY2019,10-K,127,medium,negative,-105.69581499992881
UPS,2021-08-07,Q2_2021,10-Q,148,medium,negative,8.646288209606988
UPS,2021-11-05,Q3_2021,10-Q,145,medium,negative,3.8973261025562635
UPS,2021-02-23,FY2020,10-K,58,medium,negative,nan
UPS,2019-02-22,FY2018,10-K,125,medium,positive,-72.04301075268818
UPS,2022-05-05,Q1_2022,10-Q,62,medium,negative,4.7911029294725775
UPS,2022-08-04,Q2_2022,10-Q,76,medium,negative,2.875447903873183
UPS,2022-02-23,FY2021,10-K,115,medium,negative,13.543625589894617
UPS,2023-05-04,Q1_2023,10-Q,61,medium,negative,-0.25995784221333407
UPS,2022-11-03,Q3_2022,10-Q,84,medium,negative,4.273991498465779
UPS,2023-08-09,Q2_2023,10-Q,136,medium,negative,-2.8759488380877514
UPS,2023-11-02,Q3_2023,10-Q,68,medium,negative,-13.947287390509636
UPS,2023-02-22,FY2022,10-K,12,medium,negative,10.731244064577394
UPS,2024-05-04,Q1_2024,10-Q,8,medium,negative,1.1807009487636597
UPS,2024-08-08,Q2_2024,10-Q,64,medium,negative,-17.61195229531092
UPS,2024-02-21,FY2023,10-K,68,medium,negative,-23.83364414440092
UPS,2024-11-07,Q3_2024,10-Q,89,medium,negative,9.805644010102126
UPS,2025-05-08,Q1_2025,10-Q,119,medium,negative,1.4676571842725044
UPS,2025-08-07,Q2_2025,10-Q,164,medium,negative,-3.389060570580367
VLO,2006-05-10,Q1_2006,10-Q,-33,medium,negative,0.0
UPS,2025-11-06,Q3_2025,10-Q,182,medium,negative,20.037792543716986
UPS,2025-02-19,FY2024,10-K,105,medium,negative,-20.200368184439867
VLO,2006-08-10,Q2_2006,10-Q,-41,medium,negative,2.054794520547947
VLO,2006-03-02,FY2005,10-K,26,medium,negative,11.170212765957444
VLO,2007-05-10,Q1_2007,10-Q,-124,medium,negative,5.681818181818187
VLO,2006-11-10,Q3_2006,10-Q,-21,medium,negative,16.97247706422017
VLO,2007-08-09,Q2_2007,10-Q,-70,medium,negative,7.1625344352617155
VLO,2007-11-08,Q3_2007,10-Q,-45,medium,negative,58.333333333333314
VLO,2008-05-10,Q1_2008,10-Q,-187,medium,negative,118.18181818181819
VLO,2007-02-27,FY2006,10-K,-80,medium,negative,57.3913043478261
VLO,2008-11-08,Q3_2008,10-Q,-83,medium,negative,78.68852459016395
VLO,2008-08-09,Q2_2008,10-Q,-128,medium,negative,6.201550387596905
VLO,2009-05-08,Q1_2009,10-Q,-37,medium,negative,43.90243902439025
VLO,2008-03-01,FY2007,10-K,-88,medium,negative,nan
VLO,2009-11-06,Q3_2009,10-Q,-155,medium,negative,nan
VLO,2009-08-08,Q2_2009,10-Q,-82,medium,negative,7.692307692307699
VLO,2009-02-28,FY2008,10-K,-123,medium,negative,nan
VLO,2010-05-08,Q1_2010,10-Q,-63,medium,negative,52.38095238095237
VLO,2010-11-04,Q3_2010,10-Q,-123,medium,negative,13.333333333333334
VLO,2010-08-07,Q2_2010,10-Q,-91,medium,negative,110.20408163265307
VLO,2011-05-10,Q1_2011,10-Q,-91,medium,negative,-59.523809523809526
VLO,2011-08-10,Q2_2011,10-Q,-93,medium,negative,-17.72151898734177
VLO,2012-05-09,Q1_2012,10-Q,-27,medium,negative,nan
VLO,2010-02-27,FY2009,10-K,-96,medium,negative,nan
VLO,2011-02-26,FY2010,10-K,-23,medium,negative,nan
VLO,2011-11-10,Q3_2011,10-Q,118,medium,negative,19.20903954802259
VLO,2012-08-09,Q2_2012,10-Q,-86,medium,negative,10.294117647058815
VLO,2012-11-07,Q3_2012,10-Q,-134,medium,negative,-24.375000000000007
VLO,2013-05-09,Q1_2013,10-Q,38,medium,negative,43.90243902439025
VLO,2014-05-09,Q1_2014,10-Q,-38,medium,negative,26.22950819672132
VLO,2013-08-08,Q2_2013,10-Q,97,medium,negative,-15.841584158415845
VLO,2013-11-06,Q3_2013,10-Q,-11,medium,negative,127.99999999999999
VLO,2012-02-25,FY2011,10-K,93,medium,negative,147.05882352941174
VLO,2014-11-07,Q3_2014,10-Q,-39,medium,negative,72.41379310344828
VLO,2014-08-08,Q2_2014,10-Q,-68,medium,negative,-8.333333333333323
VLO,2015-05-08,Q1_2015,10-Q,-78,medium,negative,27.210884353741505
VLO,2016-05-06,Q1_2016,10-Q,-9,medium,negative,45.83333333333334
VLO,2015-08-07,Q2_2015,10-Q,-25,medium,negative,22.01834862385321
VLO,2013-03-01,FY2012,10-K,39,medium,negative,nan
VLO,2015-11-05,Q3_2015,10-Q,-1,medium,negative,10.276679841897243
VLO,2014-02-28,FY2013,10-K,26,medium,negative,54.54545454545453
VLO,2017-05-09,Q1_2017,10-Q,50,medium,negative,30.769230769230777
VLO,2016-08-05,Q2_2016,10-Q,-68,medium,negative,86.02150537634408
VLO,2015-02-27,FY2014,10-K,-45,medium,negative,167.4698795180723
VLO,2016-11-09,Q3_2016,10-Q,-56,medium,negative,114.51612903225808
VLO,2017-08-08,Q2_2017,10-Q,-100,medium,negative,26.804123711340207
VLO,2018-05-08,Q1_2018,10-Q,-19,medium,negative,23.863636363636374
VLO,2016-02-26,FY2015,10-K,40,medium,negative,-44.14414414414415
VLO,2017-11-08,Q3_2017,10-Q,9,medium,negative,9.142857142857139
VLO,2017-02-24,FY2016,10-K,63,medium,negative,10.958904109589051
VLO,2018-08-07,Q2_2018,10-Q,26,medium,negative,8.287292817679553
VLO,2019-05-08,Q1_2019,10-Q,97,medium,negative,46.6908275088446
VLO,2018-11-07,Q3_2018,10-Q,71,medium,negative,6.3492063492063435
VLO,2019-11-08,Q3_2019,10-Q,11,medium,negative,9.852589700577475
VLO,2019-08-07,Q2_2019,10-Q,53,medium,negative,7.1209957151601735
VLO,2018-03-01,FY2017,10-K,149,medium,negative,nan
VLO,2020-04-30,Q1_2020,10-Q,-80,medium,negative,nan
VLO,2020-10-29,Q3_2020,10-Q,-107,medium,negative,23.577639085345016
VLO,2020-08-01,Q2_2020,10-Q,-85,medium,negative,nan
VLO,2019-03-01,FY2018,10-K,12,medium,negative,183.5443037974684
VLO,2021-05-01,Q1_2021,10-Q,-76,medium,negative,8.187255541934007
VLO,2021-07-30,Q2_2021,10-Q,-38,medium,negative,175.34594747246544
VLO,2021-02-24,FY2020,10-K,-169,medium,negative,38.09095002251238
VLO,2021-10-28,Q3_2021,10-Q,-49,medium,negative,22.61018641088517
VLO,2020-02-27,FY2019,10-K,-3,medium,negative,59.39307072604161
VLO,2022-04-29,Q1_2022,10-Q,-96,medium,negative,31.434052076302805
VLO,2022-10-27,Q3_2022,10-Q,-112,medium,negative,6.136825362291147
VLO,2022-07-29,Q2_2022,10-Q,-121,medium,negative,25.490433244381272
VLO,2022-02-23,FY2021,10-K,-21,medium,negative,33.88483727005552
VLO,2023-04-28,Q1_2023,10-Q,-69,medium,negative,14.472630948809428
VLO,2023-07-28,Q2_2023,10-Q,-43,medium,negative,7.276350621151885
VLO,2023-10-27,Q3_2023,10-Q,-60,medium,negative,0.23285068115515756
VLO,2023-02-24,FY2022,10-K,-119,medium,negative,11.235465255315468
VLO,2024-04-26,Q1_2024,10-Q,-51,medium,negative,17.10296629620492
VLO,2024-07-26,Q2_2024,10-Q,-48,medium,negative,4.37609286776204
VLO,2024-10-31,Q3_2024,10-Q,-77,medium,negative,16.039982899370937
VLO,2024-02-23,FY2023,10-K,-61,medium,negative,20.15000135380283
VLO,2025-04-25,Q1_2025,10-Q,-170,medium,negative,nan
VLO,2025-07-25,Q2_2025,10-Q,-182,medium,negative,30.096887945496242
VLO,2025-02-27,FY2024,10-K,-100,medium,negative,nan
VLO,2025-10-24,Q3_2025,10-Q,-118,medium,negative,15.751746933234514
